amenity_type,name,latitude,longitude
hospital,Hospital_1,17.217759,78.359334
hospital,Hospital_2,17.21969,78.361205
mall,Mall_3,17.225326,78.355669
bank,Bank_4,17.224313,78.36333
shop,Shop_5,17.225738,78.363784
mall,Mall_6,17.223193,78.357654
bus_stop,Bus_stop_7,17.232649,78.361327
shop,Shop_8,17.221198,78.355098
hospital,Hospital_9,17.219548,78.349666
hospital,Hospital_10,17.22668,78.360816
mall,Mall_11,17.226923,78.361238
hospital,Hospital_12,17.225312,78.348895
shop,Shop_13,17.223512,78.367705
bus_stop,Bus_stop_14,17.226429,78.358607
restaurant,Restaurant_15,17.22602,78.363185
bus_stop,Bus_stop_16,17.222373,78.352492
market,Market_17,17.219859,78.349339
bus_stop,Bus_stop_18,17.223646,78.35655
bank,Bank_19,17.222,78.361201
hospital,Hospital_20,17.234084,78.354766
market,Market_21,17.229782,78.349011
mall,Mall_22,17.216548,78.363337
shop,Shop_23,17.22413,78.356877
bus_stop,Bus_stop_24,17.219278,78.360803
bank,Bank_25,17.218156,78.349304
bank,Bank_26,17.226173,78.358517
bus_stop,Bus_stop_27,17.225827,78.352745
hospital,Hospital_28,17.224223,78.360069
mall,Mall_29,17.224525,78.355618
bank,Bank_30,17.224118,78.358313
restaurant,Restaurant_31,17.226491,78.350269
mall,Mall_32,17.223012,78.358787
bank,Bank_33,17.22767,78.34844
hospital,Hospital_34,17.22237,78.349921
bank,Bank_35,17.225224,78.362846
shop,Shop_36,17.226685,78.357773
mall,Mall_37,17.223092,78.361751
market,Market_38,17.223981,78.35642
bank,Bank_39,17.225408,78.354828
restaurant,Restaurant_40,17.223283,78.357306
shop,Shop_41,17.230436,78.360261
mall,Mall_42,17.225569,78.35716
bus_stop,Bus_stop_43,17.228613,78.35076
school,School_44,17.221763,78.357063
shop,Shop_45,17.22393,78.358395
shop,Shop_46,17.228172,78.355374
mall,Mall_47,17.22008,78.35211
shop,Shop_48,17.213845,78.357729
shop,Shop_49,17.224379,78.357389
bus_stop,Bus_stop_50,17.223456,78.357748
bank,Bank_51,17.223889,78.357153
shop,Shop_52,17.234275,78.357159
shop,Shop_53,17.226533,78.3648
market,Market_54,17.225406,78.367591
hospital,Hospital_55,17.229946,78.353838
school,School_56,17.224005,78.357406
hospital,Hospital_57,17.222695,78.355669
bus_stop,Bus_stop_58,17.22501,78.350993
hospital,Hospital_59,17.232442,78.351858
restaurant,Restaurant_60,17.229251,78.347923
market,Market_61,17.224618,78.361393
bank,Bank_62,17.22165,78.357487
market,Market_63,17.224408,78.352471
shop,Shop_64,17.22385,78.357224
shop,Shop_65,17.219923,78.351881
bank,Bank_66,17.224459,78.353471
shop,Shop_67,17.224088,78.357543
bus_stop,Bus_stop_68,17.216582,78.356747
school,School_69,17.223193,78.355798
bank,Bank_70,17.219309,78.348658
hospital,Hospital_71,17.22125,78.353008
mall,Mall_72,17.227756,78.349132
shop,Shop_73,17.224703,78.356147
school,School_74,17.221078,78.356726
school,School_75,17.223422,78.355527
bank,Bank_76,17.225834,78.356171
market,Market_77,17.223752,78.356234
shop,Shop_78,17.22362,78.354475
bank,Bank_79,17.22025,78.359803
school,School_80,17.23002,78.351036
school,School_81,17.223931,78.356433
restaurant,Restaurant_82,17.22833,78.366561
bank,Bank_83,17.224665,78.358129
restaurant,Restaurant_84,17.22494,78.358823
mall,Mall_85,17.225265,78.357337
hospital,Hospital_86,17.228762,78.363865
mall,Mall_87,17.223268,78.35761
bank,Bank_88,17.223799,78.352964
bus_stop,Bus_stop_89,17.221381,78.35532
school,School_90,17.22475,78.357299
hospital,Hospital_91,17.230636,78.353448
hospital,Hospital_92,17.22105,78.357278
shop,Shop_93,17.22417,78.357654
restaurant,Restaurant_94,17.2258,78.35758
market,Market_95,17.230804,78.358583
shop,Shop_96,17.223946,78.357291
school,School_97,17.217397,78.355852
market,Market_98,17.222208,78.360147
shop,Shop_99,17.230206,78.361169
school,School_100,17.224612,78.361663
mall,Mall_101,17.223219,78.357025
market,Market_102,17.220345,78.353607
school,School_103,17.230301,78.355332
bus_stop,Bus_stop_104,17.217389,78.356753
shop,Shop_105,17.220039,78.359568
market,Market_106,17.227062,78.362862
market,Market_107,17.223823,78.364446
shop,Shop_108,17.218767,78.361858
school,School_109,17.223825,78.360697
bus_stop,Bus_stop_110,17.225363,78.352918
shop,Shop_111,17.22641,78.356889
restaurant,Restaurant_112,17.216965,78.352437
shop,Shop_113,17.218351,78.349997
bank,Bank_114,17.223979,78.359795
mall,Mall_115,17.219704,78.361705
school,School_116,17.232783,78.354774
shop,Shop_117,17.225963,78.361365
school,School_118,17.228046,78.356157
school,School_119,17.21946,78.348432
bank,Bank_120,17.227537,78.361357
bank,Bank_121,17.221291,78.359152
mall,Mall_122,17.23006,78.355722
hospital,Hospital_123,17.225036,78.35002
hospital,Hospital_124,17.234397,78.357523
bank,Bank_125,17.545161,78.386421
restaurant,Restaurant_126,17.539821,78.386348
restaurant,Restaurant_127,17.54269,78.38019
market,Market_128,17.553551,78.377092
hospital,Hospital_129,17.54638,78.37726
hospital,Hospital_130,17.557221,78.383217
market,Market_131,17.549228,78.3827
school,School_132,17.551712,78.376701
bank,Bank_133,17.548353,78.376208
restaurant,Restaurant_134,17.549745,78.388284
bus_stop,Bus_stop_135,17.548823,78.3848
shop,Shop_136,17.553297,78.391826
bank,Bank_137,17.543739,78.378867
restaurant,Restaurant_138,17.546963,78.381361
shop,Shop_139,17.545302,78.386434
school,School_140,17.553327,78.390225
hospital,Hospital_141,17.544358,78.38407
hospital,Hospital_142,17.549203,78.382686
hospital,Hospital_143,17.543632,78.378619
school,School_144,17.549156,78.381879
mall,Mall_145,17.557266,78.386532
bus_stop,Bus_stop_146,17.553471,78.374788
hospital,Hospital_147,17.539078,78.3858
restaurant,Restaurant_148,17.554704,78.382575
bank,Bank_149,17.552178,78.387724
hospital,Hospital_150,17.552036,78.378605
mall,Mall_151,17.555048,78.380455
school,School_152,17.549166,78.375779
hospital,Hospital_153,17.55683,78.385155
shop,Shop_154,17.554602,78.387439
school,School_155,17.543404,78.38914
shop,Shop_156,17.552189,78.374104
school,School_157,17.549104,78.382169
school,School_158,17.550016,78.386805
school,School_159,17.546671,78.381424
mall,Mall_160,17.542473,78.374854
bus_stop,Bus_stop_161,17.548894,78.380686
mall,Mall_162,17.555052,78.384034
shop,Shop_163,17.544149,78.385817
shop,Shop_164,17.549004,78.382998
school,School_165,17.557538,78.383269
mall,Mall_166,17.544546,78.390453
restaurant,Restaurant_167,17.549083,78.383811
bank,Bank_168,17.552993,78.380944
bus_stop,Bus_stop_169,17.545142,78.383016
school,School_170,17.556873,78.379079
market,Market_171,17.544956,78.382218
hospital,Hospital_172,17.5477,78.379004
bus_stop,Bus_stop_173,17.552272,78.383597
school,School_174,17.551811,78.374223
hospital,Hospital_175,17.541602,78.380323
bus_stop,Bus_stop_176,17.556225,78.37536
restaurant,Restaurant_177,17.55003,78.380427
market,Market_178,17.559971,78.38344
shop,Shop_179,17.547556,78.382637
bank,Bank_180,17.5496,78.383279
school,School_181,17.547132,78.381092
hospital,Hospital_182,17.549185,78.380652
bank,Bank_183,17.555034,78.384262
bus_stop,Bus_stop_184,17.544633,78.38278
bus_stop,Bus_stop_185,17.551815,78.376347
bus_stop,Bus_stop_186,17.549268,78.38179
market,Market_187,17.543737,78.37803
market,Market_188,17.554479,78.377061
mall,Mall_189,17.556466,78.385397
mall,Mall_190,17.54899,78.376069
restaurant,Restaurant_191,17.54371,78.374635
bus_stop,Bus_stop_192,17.549174,78.382851
bus_stop,Bus_stop_193,17.550323,78.384204
shop,Shop_194,17.541656,78.381479
bus_stop,Bus_stop_195,17.551503,78.383572
hospital,Hospital_196,17.558981,78.38673
shop,Shop_197,17.548486,78.386879
restaurant,Restaurant_198,17.554666,78.387762
shop,Shop_199,17.549133,78.388276
shop,Shop_200,17.551329,78.389623
market,Market_201,17.552412,78.383193
bank,Bank_202,17.549975,78.379142
hospital,Hospital_203,17.543696,78.388711
mall,Mall_204,17.544243,78.390866
bus_stop,Bus_stop_205,17.549612,78.378055
shop,Shop_206,17.555795,78.380761
shop,Shop_207,17.545203,78.381455
mall,Mall_208,17.548795,78.384883
hospital,Hospital_209,17.54874,78.383427
bank,Bank_210,17.544133,78.391428
restaurant,Restaurant_211,17.555551,78.374955
hospital,Hospital_212,17.553363,78.378602
school,School_213,17.550262,78.374004
bank,Bank_214,17.551308,78.3852
mall,Mall_215,17.544733,78.378454
school,School_216,17.549475,78.372526
hospital,Hospital_217,17.550097,78.382709
bank,Bank_218,17.549068,78.382806
mall,Mall_219,17.542048,78.376461
hospital,Hospital_220,17.552569,78.383855
hospital,Hospital_221,17.552435,78.383742
shop,Shop_222,17.543834,78.37693
school,School_223,17.554739,78.389887
school,School_224,17.552354,78.393471
shop,Shop_225,17.544022,78.381138
bus_stop,Bus_stop_226,17.549736,78.382936
hospital,Hospital_227,17.550182,78.375023
market,Market_228,17.548042,78.390169
bus_stop,Bus_stop_229,17.541755,78.375075
school,School_230,17.547177,78.386013
bus_stop,Bus_stop_231,17.551397,78.381928
bus_stop,Bus_stop_232,17.548731,78.37932
bank,Bank_233,17.547038,78.385725
school,School_234,17.550191,78.371867
mall,Mall_235,17.545119,78.388435
school,School_236,17.549023,78.383412
restaurant,Restaurant_237,17.5497,78.383519
bank,Bank_238,17.543288,78.38489
restaurant,Restaurant_239,17.547093,78.376099
school,School_240,17.549744,78.383424
mall,Mall_241,17.539959,78.381951
shop,Shop_242,17.556849,78.384101
market,Market_243,17.550622,78.383505
bus_stop,Bus_stop_244,17.544033,78.387195
bank,Bank_245,17.549525,78.378967
bank,Bank_246,17.549577,78.382702
bank,Bank_247,17.548945,78.382966
mall,Mall_248,17.550038,78.379591
bank,Bank_249,17.556793,78.387538
restaurant,Restaurant_250,17.551215,78.382367
school,School_251,17.549931,78.382945
market,Market_252,17.555237,78.380355
school,School_253,17.553959,78.377256
mall,Mall_254,17.550105,78.384618
market,Market_255,17.539491,78.385628
restaurant,Restaurant_256,17.543123,78.376019
shop,Shop_257,17.553662,78.391568
market,Market_258,17.553079,78.387491
bank,Bank_259,17.547005,78.375634
school,School_260,17.545644,78.384009
hospital,Hospital_261,17.550043,78.383461
bus_stop,Bus_stop_262,17.552094,78.386382
market,Market_263,17.540696,78.382477
hospital,Hospital_264,17.545869,78.380703
bank,Bank_265,17.553425,78.379593
hospital,Hospital_266,17.556364,78.376666
shop,Shop_267,17.549476,78.385466
market,Market_268,17.549535,78.388052
school,School_269,17.555483,78.391007
shop,Shop_270,17.555149,78.376322
market,Market_271,17.549402,78.382173
hospital,Hospital_272,17.551002,78.38896
school,School_273,17.542092,78.38689
shop,Shop_274,17.550213,78.379614
bus_stop,Bus_stop_275,17.545052,78.376373
restaurant,Restaurant_276,17.554079,78.384022
school,School_277,17.540422,78.388156
market,Market_278,17.553313,78.3778
shop,Shop_279,17.54707,78.385427
market,Market_280,17.554852,78.378539
bank,Bank_281,17.546848,78.393592
shop,Shop_282,17.547592,78.376552
market,Market_283,17.549443,78.38267
restaurant,Restaurant_284,17.542081,78.375443
shop,Shop_285,17.548238,78.393903
shop,Shop_286,17.549921,78.393
bus_stop,Bus_stop_287,17.554515,78.382109
bus_stop,Bus_stop_288,17.548591,78.384132
bus_stop,Bus_stop_289,17.549124,78.382657
school,School_290,17.555165,78.385773
bus_stop,Bus_stop_291,17.550355,78.392401
hospital,Hospital_292,17.548818,78.382099
market,Market_293,17.366479,78.656896
school,School_294,17.373441,78.661912
mall,Mall_295,17.370411,78.646669
market,Market_296,17.373504,78.65445
restaurant,Restaurant_297,17.372259,78.647564
school,School_298,17.371603,78.655853
bank,Bank_299,17.37593,78.653627
market,Market_300,17.380677,78.650122
school,School_301,17.376536,78.660586
market,Market_302,17.370386,78.645674
mall,Mall_303,17.369761,78.658821
market,Market_304,17.372505,78.652091
restaurant,Restaurant_305,17.380751,78.650666
restaurant,Restaurant_306,17.377429,78.645334
bank,Bank_307,17.36962,78.656212
bank,Bank_308,17.381548,78.660326
shop,Shop_309,17.379111,78.65991
market,Market_310,17.37924,78.649658
bus_stop,Bus_stop_311,17.366577,78.655874
hospital,Hospital_312,17.374284,78.652891
restaurant,Restaurant_313,17.368802,78.655287
bus_stop,Bus_stop_314,17.374902,78.653558
shop,Shop_315,17.382587,78.653531
hospital,Hospital_316,17.373007,78.651855
market,Market_317,17.371123,78.657906
school,School_318,17.375723,78.655676
bank,Bank_319,17.368103,78.655654
school,School_320,17.373206,78.652679
bus_stop,Bus_stop_321,17.371617,78.663219
mall,Mall_322,17.377406,78.644963
mall,Mall_323,17.374068,78.6527
mall,Mall_324,17.366161,78.648849
hospital,Hospital_325,17.372725,78.654427
school,School_326,17.373217,78.649368
mall,Mall_327,17.373615,78.6442
restaurant,Restaurant_328,17.377785,78.650065
mall,Mall_329,17.372706,78.653077
hospital,Hospital_330,17.37155,78.654535
shop,Shop_331,17.381108,78.654369
market,Market_332,17.372572,78.646856
hospital,Hospital_333,17.373527,78.652977
shop,Shop_334,17.373797,78.653066
hospital,Hospital_335,17.373573,78.653151
mall,Mall_336,17.374314,78.662425
bank,Bank_337,17.383919,78.655792
hospital,Hospital_338,17.372418,78.660515
shop,Shop_339,17.374107,78.652095
bus_stop,Bus_stop_340,17.375288,78.642422
restaurant,Restaurant_341,17.371238,78.643146
mall,Mall_342,17.365607,78.645235
mall,Mall_343,17.376506,78.66068
restaurant,Restaurant_344,17.373394,78.652843
hospital,Hospital_345,17.372438,78.650615
mall,Mall_346,17.373267,78.662785
shop,Shop_347,17.372975,78.646247
shop,Shop_348,17.373941,78.652474
bus_stop,Bus_stop_349,17.379342,78.645803
hospital,Hospital_350,17.368663,78.654819
hospital,Hospital_351,17.373842,78.652441
market,Market_352,17.370576,78.652033
restaurant,Restaurant_353,17.364136,78.648763
restaurant,Restaurant_354,17.375749,78.648502
bus_stop,Bus_stop_355,17.366109,78.646779
hospital,Hospital_356,17.366989,78.648475
bank,Bank_357,17.378797,78.660915
shop,Shop_358,17.372851,78.652281
market,Market_359,17.36658,78.644929
hospital,Hospital_360,17.375204,78.658568
bank,Bank_361,17.372552,78.651035
school,School_362,17.366571,78.658414
hospital,Hospital_363,17.37936,78.647656
school,School_364,17.372487,78.65224
hospital,Hospital_365,17.379844,78.656055
mall,Mall_366,17.369138,78.652123
mall,Mall_367,17.374221,78.655473
market,Market_368,17.369417,78.650224
market,Market_369,17.363836,78.652562
school,School_370,17.373872,78.652702
shop,Shop_371,17.3685,78.653339
bank,Bank_372,17.370947,78.651725
bus_stop,Bus_stop_373,17.371899,78.659073
bus_stop,Bus_stop_374,17.372787,78.651955
shop,Shop_375,17.380826,78.647412
mall,Mall_376,17.370291,78.642923
shop,Shop_377,17.376873,78.644072
bus_stop,Bus_stop_378,17.375853,78.647187
bank,Bank_379,17.369092,78.656061
bank,Bank_380,17.383213,78.64899
school,School_381,17.373072,78.65387
school,School_382,17.374756,78.658752
market,Market_383,17.369925,78.65093
mall,Mall_384,17.382691,78.655686
mall,Mall_385,17.365513,78.647905
bus_stop,Bus_stop_386,17.375065,78.661022
shop,Shop_387,17.373503,78.652714
mall,Mall_388,17.377485,78.654941
bus_stop,Bus_stop_389,17.373553,78.6548
market,Market_390,17.371767,78.648753
bank,Bank_391,17.373674,78.656158
bank,Bank_392,17.372394,78.654237
bank,Bank_393,17.373925,78.65346
school,School_394,17.376068,78.651832
market,Market_395,17.38005,78.653303
bank,Bank_396,17.373761,78.651505
hospital,Hospital_397,17.373675,78.652566
mall,Mall_398,17.375426,78.650358
restaurant,Restaurant_399,17.372796,78.663889
shop,Shop_400,17.375379,78.647074
restaurant,Restaurant_401,17.381484,78.653695
school,School_402,17.378083,78.654977
restaurant,Restaurant_403,17.370891,78.660069
school,School_404,17.372973,78.652816
bank,Bank_405,17.381183,78.656005
bus_stop,Bus_stop_406,17.375477,78.652144
shop,Shop_407,17.371656,78.652509
bus_stop,Bus_stop_408,17.36366,78.649428
school,School_409,17.373234,78.652762
restaurant,Restaurant_410,17.374268,78.661834
bus_stop,Bus_stop_411,17.366971,78.652137
market,Market_412,17.38179,78.649209
market,Market_413,17.373476,78.65266
restaurant,Restaurant_414,17.384196,78.653029
bank,Bank_415,17.36464,78.652617
hospital,Hospital_416,17.368487,78.658222
mall,Mall_417,17.377158,78.653154
hospital,Hospital_418,17.366864,78.654448
market,Market_419,17.372237,78.661259
bank,Bank_420,17.374279,78.648173
restaurant,Restaurant_421,17.373696,78.650837
bus_stop,Bus_stop_422,17.371652,78.649576
mall,Mall_423,17.37667,78.645079
mall,Mall_424,17.374495,78.654885
school,School_425,17.374928,78.651444
mall,Mall_426,17.373311,78.651445
hospital,Hospital_427,17.370919,78.653291
bank,Bank_428,17.370652,78.652905
bus_stop,Bus_stop_429,17.373875,78.652809
shop,Shop_430,17.369008,78.662186
school,School_431,17.377794,78.650794
restaurant,Restaurant_432,17.370791,78.648995
restaurant,Restaurant_433,17.37529,78.64808
bus_stop,Bus_stop_434,17.368737,78.651032
shop,Shop_435,17.375757,78.65483
market,Market_436,17.382422,78.651747
hospital,Hospital_437,17.377155,78.643892
restaurant,Restaurant_438,17.37494,78.64851
hospital,Hospital_439,17.371221,78.644885
mall,Mall_440,17.382355,78.646683
mall,Mall_441,17.37799,78.661599
hospital,Hospital_442,17.376161,78.657286
bus_stop,Bus_stop_443,17.365435,78.657851
market,Market_444,17.373635,78.652663
market,Market_445,17.382858,78.653173
school,School_446,17.373048,78.655126
hospital,Hospital_447,17.374604,78.653373
bank,Bank_448,17.37506,78.650808
hospital,Hospital_449,17.379612,78.653798
restaurant,Restaurant_450,17.372003,78.653348
bus_stop,Bus_stop_451,17.373804,78.658462
bank,Bank_452,17.374279,78.659375
shop,Shop_453,17.382401,78.65742
market,Market_454,17.369364,78.651043
market,Market_455,17.373058,78.652907
bank,Bank_456,17.372652,78.650883
hospital,Hospital_457,17.366189,78.6514
school,School_458,17.341686,78.521316
bus_stop,Bus_stop_459,17.331591,78.51369
mall,Mall_460,17.340622,78.503607
school,School_461,17.34563,78.506892
bus_stop,Bus_stop_462,17.340472,78.51137
hospital,Hospital_463,17.341357,78.511978
mall,Mall_464,17.341887,78.512424
restaurant,Restaurant_465,17.341645,78.514171
restaurant,Restaurant_466,17.349426,78.522216
school,School_467,17.340429,78.509822
shop,Shop_468,17.349244,78.51283
market,Market_469,17.345525,78.524775
restaurant,Restaurant_470,17.335005,78.510595
market,Market_471,17.341431,78.511737
school,School_472,17.342098,78.512191
bus_stop,Bus_stop_473,17.333468,78.518249
shop,Shop_474,17.334175,78.51159
hospital,Hospital_475,17.339557,78.510631
bank,Bank_476,17.338368,78.518689
hospital,Hospital_477,17.341994,78.513801
hospital,Hospital_478,17.332681,78.514575
school,School_479,17.348425,78.510997
bank,Bank_480,17.347182,78.519849
hospital,Hospital_481,17.349721,78.515728
restaurant,Restaurant_482,17.335086,78.506876
market,Market_483,17.340629,78.517848
bus_stop,Bus_stop_484,17.343788,78.518985
bus_stop,Bus_stop_485,17.350751,78.511002
market,Market_486,17.341547,78.511587
market,Market_487,17.34231,78.516505
shop,Shop_488,17.342653,78.523549
market,Market_489,17.343649,78.516695
hospital,Hospital_490,17.339078,78.508794
school,School_491,17.336352,78.518253
bank,Bank_492,17.342007,78.514405
school,School_493,17.34042,78.51199
school,School_494,17.336326,78.513528
restaurant,Restaurant_495,17.340532,78.525121
school,School_496,17.345835,78.510396
school,School_497,17.336714,78.511352
bank,Bank_498,17.333988,78.51681
shop,Shop_499,17.34843,78.510074
mall,Mall_500,17.338258,78.509354
restaurant,Restaurant_501,17.3384,78.515441
bank,Bank_502,17.340922,78.517188
hospital,Hospital_503,17.344802,78.52288
restaurant,Restaurant_504,17.342999,78.517694
school,School_505,17.341634,78.508334
market,Market_506,17.340401,78.515456
hospital,Hospital_507,17.341245,78.514382
restaurant,Restaurant_508,17.348336,78.522109
mall,Mall_509,17.339834,78.522082
hospital,Hospital_510,17.337258,78.50609
hospital,Hospital_511,17.345557,78.513126
restaurant,Restaurant_512,17.343622,78.513032
bus_stop,Bus_stop_513,17.348058,78.515633
mall,Mall_514,17.341876,78.511945
hospital,Hospital_515,17.340359,78.513584
market,Market_516,17.340928,78.509369
school,School_517,17.334229,78.521725
shop,Shop_518,17.343618,78.515734
mall,Mall_519,17.341929,78.515167
school,School_520,17.338325,78.507522
bus_stop,Bus_stop_521,17.342123,78.5148
mall,Mall_522,17.349781,78.50715
market,Market_523,17.346117,78.513575
school,School_524,17.338762,78.515146
hospital,Hospital_525,17.341662,78.520129
school,School_526,17.334675,78.51012
market,Market_527,17.340432,78.51528
bus_stop,Bus_stop_528,17.349457,78.513233
shop,Shop_529,17.341727,78.514601
bus_stop,Bus_stop_530,17.33942,78.516729
bank,Bank_531,17.34951,78.520778
hospital,Hospital_532,17.346233,78.504682
restaurant,Restaurant_533,17.348636,78.515971
bus_stop,Bus_stop_534,17.345519,78.518371
market,Market_535,17.341904,78.510916
bus_stop,Bus_stop_536,17.34518,78.505392
bank,Bank_537,17.335829,78.518492
mall,Mall_538,17.343822,78.511727
shop,Shop_539,17.34119,78.513859
bank,Bank_540,17.336025,78.522565
market,Market_541,17.347255,78.509535
school,School_542,17.344515,78.512532
bank,Bank_543,17.193368,78.38558
market,Market_544,17.207933,78.394951
school,School_545,17.197757,78.383354
bus_stop,Bus_stop_546,17.199914,78.39027
bank,Bank_547,17.202924,78.393279
school,School_548,17.204035,78.39067
hospital,Hospital_549,17.209985,78.391965
market,Market_550,17.198081,78.390211
market,Market_551,17.200189,78.386175
bank,Bank_552,17.207096,78.399048
restaurant,Restaurant_553,17.195287,78.393515
market,Market_554,17.195851,78.395137
school,School_555,17.208349,78.394211
mall,Mall_556,17.194737,78.400487
bus_stop,Bus_stop_557,17.197606,78.386902
mall,Mall_558,17.200581,78.389606
bus_stop,Bus_stop_559,17.199234,78.393574
bank,Bank_560,17.201196,78.398924
market,Market_561,17.201587,78.38406
restaurant,Restaurant_562,17.199387,78.390702
market,Market_563,17.201696,78.395062
hospital,Hospital_564,17.194241,78.389063
restaurant,Restaurant_565,17.199485,78.391781
school,School_566,17.202928,78.398796
restaurant,Restaurant_567,17.198975,78.382223
restaurant,Restaurant_568,17.193062,78.39412
school,School_569,17.207464,78.394879
hospital,Hospital_570,17.198648,78.396066
school,School_571,17.200278,78.401802
bus_stop,Bus_stop_572,17.193337,78.383075
mall,Mall_573,17.199676,78.396674
mall,Mall_574,17.191299,78.389699
market,Market_575,17.201636,78.38719
hospital,Hospital_576,17.200563,78.391767
hospital,Hospital_577,17.1987,78.39127
hospital,Hospital_578,17.198716,78.393383
shop,Shop_579,17.19554,78.383578
bus_stop,Bus_stop_580,17.202821,78.396932
hospital,Hospital_581,17.199131,78.392584
hospital,Hospital_582,17.204821,78.39475
hospital,Hospital_583,17.1915,78.39377
restaurant,Restaurant_584,17.205696,78.385228
market,Market_585,17.208022,78.391057
restaurant,Restaurant_586,17.20597,78.395355
shop,Shop_587,17.200012,78.391411
shop,Shop_588,17.198378,78.390599
shop,Shop_589,17.191501,78.39394
hospital,Hospital_590,17.194138,78.397276
school,School_591,17.198725,78.39237
hospital,Hospital_592,17.205419,78.392394
market,Market_593,17.201472,78.392602
bus_stop,Bus_stop_594,17.195932,78.386386
hospital,Hospital_595,17.194583,78.387366
shop,Shop_596,17.2002,78.392112
bank,Bank_597,17.189481,78.395592
hospital,Hospital_598,17.199608,78.388355
market,Market_599,17.207553,78.398442
shop,Shop_600,17.201271,78.389691
bank,Bank_601,17.201215,78.402
bank,Bank_602,17.200794,78.390011
hospital,Hospital_603,17.209383,78.388976
restaurant,Restaurant_604,17.205436,78.399541
bank,Bank_605,17.196105,78.399906
bus_stop,Bus_stop_606,17.199232,78.387247
school,School_607,17.199229,78.390569
shop,Shop_608,17.192165,78.394091
restaurant,Restaurant_609,17.202926,78.390104
restaurant,Restaurant_610,17.195381,78.394711
mall,Mall_611,17.201741,78.390424
restaurant,Restaurant_612,17.203087,78.401548
mall,Mall_613,17.199343,78.395086
bus_stop,Bus_stop_614,17.199298,78.389419
bus_stop,Bus_stop_615,17.190563,78.388317
hospital,Hospital_616,17.199464,78.391475
shop,Shop_617,17.205586,78.400798
market,Market_618,17.195712,78.391424
bus_stop,Bus_stop_619,17.199393,78.390506
school,School_620,17.198977,78.396562
shop,Shop_621,17.19307,78.385903
market,Market_622,17.200324,78.389578
school,School_623,17.195409,78.394168
market,Market_624,17.204675,78.398116
school,School_625,17.207376,78.388821
hospital,Hospital_626,17.207697,78.387094
bank,Bank_627,17.20065,78.392636
hospital,Hospital_628,17.191001,78.395029
bank,Bank_629,17.199875,78.391437
market,Market_630,17.192879,78.39555
market,Market_631,17.203928,78.386868
bank,Bank_632,17.200496,78.391787
bank,Bank_633,17.199249,78.402892
market,Market_634,17.194222,78.389221
restaurant,Restaurant_635,17.19961,78.393704
hospital,Hospital_636,17.203724,78.397761
shop,Shop_637,17.194087,78.393112
bus_stop,Bus_stop_638,17.20551,78.383271
hospital,Hospital_639,17.197035,78.390665
bank,Bank_640,17.191189,78.384852
market,Market_641,17.201621,78.393564
mall,Mall_642,17.207611,78.384873
bank,Bank_643,17.199787,78.391113
bank,Bank_644,17.196295,78.391448
bus_stop,Bus_stop_645,17.200111,78.3829
market,Market_646,17.199583,78.390793
bank,Bank_647,17.190156,78.390112
bus_stop,Bus_stop_648,17.201329,78.39171
restaurant,Restaurant_649,17.203264,78.397363
school,School_650,17.201876,78.38567
mall,Mall_651,17.203968,78.39873
market,Market_652,17.200532,78.401433
restaurant,Restaurant_653,17.192537,78.389613
bank,Bank_654,17.195433,78.381266
market,Market_655,17.200331,78.392361
hospital,Hospital_656,17.199355,78.390276
market,Market_657,17.199227,78.391555
shop,Shop_658,17.208215,78.394603
bank,Bank_659,17.199311,78.390016
market,Market_660,17.193504,78.39269
mall,Mall_661,17.200723,78.396934
restaurant,Restaurant_662,17.198593,78.391783
market,Market_663,17.198244,78.399618
restaurant,Restaurant_664,17.205347,78.392806
mall,Mall_665,17.20251,78.387197
bank,Bank_666,17.200848,78.391242
shop,Shop_667,17.189769,78.395625
mall,Mall_668,17.208566,78.394403
bus_stop,Bus_stop_669,17.205058,78.395452
school,School_670,17.203532,78.394928
school,School_671,17.190641,78.387687
restaurant,Restaurant_672,17.21028,78.392327
market,Market_673,17.20009,78.39221
shop,Shop_674,17.19258,78.396115
market,Market_675,17.199774,78.393769
school,School_676,17.200846,78.391566
restaurant,Restaurant_677,17.19483,78.386096
shop,Shop_678,17.202733,78.395166
market,Market_679,17.195697,78.390228
bank,Bank_680,17.19792,78.384812
mall,Mall_681,17.199913,78.392184
shop,Shop_682,17.196314,78.390052
mall,Mall_683,17.20388,78.386259
mall,Mall_684,17.203939,78.385443
school,School_685,17.198188,78.392705
bus_stop,Bus_stop_686,17.201061,78.388458
bank,Bank_687,17.195333,78.388602
hospital,Hospital_688,17.20162,78.393032
school,School_689,17.206439,78.392612
bank,Bank_690,17.206499,78.388759
mall,Mall_691,17.198686,78.391114
bank,Bank_692,17.207902,78.394912
mall,Mall_693,17.195046,78.388266
school,School_694,17.192505,78.391818
restaurant,Restaurant_695,17.63369,78.472581
school,School_696,17.649132,78.466794
restaurant,Restaurant_697,17.635938,78.462386
shop,Shop_698,17.642741,78.464604
restaurant,Restaurant_699,17.637474,78.456636
market,Market_700,17.641347,78.455123
market,Market_701,17.642498,78.466353
bank,Bank_702,17.632,78.465151
school,School_703,17.636461,78.463658
restaurant,Restaurant_704,17.632547,78.466578
market,Market_705,17.642826,78.459571
school,School_706,17.641956,78.467853
mall,Mall_707,17.63914,78.466334
hospital,Hospital_708,17.639306,78.467793
market,Market_709,17.642958,78.467133
hospital,Hospital_710,17.646074,78.466699
bus_stop,Bus_stop_711,17.636363,78.472816
restaurant,Restaurant_712,17.642177,78.468588
bus_stop,Bus_stop_713,17.631474,78.469368
restaurant,Restaurant_714,17.632393,78.470106
market,Market_715,17.647282,78.467294
shop,Shop_716,17.643135,78.46721
mall,Mall_717,17.636549,78.464126
shop,Shop_718,17.635732,78.466421
shop,Shop_719,17.645539,78.471825
hospital,Hospital_720,17.640604,78.463668
school,School_721,17.633886,78.462195
hospital,Hospital_722,17.634484,78.47503
hospital,Hospital_723,17.641259,78.464595
hospital,Hospital_724,17.641162,78.464174
school,School_725,17.640275,78.454921
restaurant,Restaurant_726,17.640392,78.468113
bank,Bank_727,17.638851,78.467967
market,Market_728,17.648405,78.468575
school,School_729,17.642521,78.468247
hospital,Hospital_730,17.644849,78.469584
hospital,Hospital_731,17.651493,78.468648
school,School_732,17.639972,78.468592
school,School_733,17.642644,78.466719
restaurant,Restaurant_734,17.640953,78.465863
hospital,Hospital_735,17.643834,78.464161
school,School_736,17.648408,78.469373
mall,Mall_737,17.640545,78.468461
market,Market_738,17.644654,78.461556
school,School_739,17.636181,78.463614
school,School_740,17.639394,78.459472
market,Market_741,17.638758,78.469923
market,Market_742,17.6512,78.462279
school,School_743,17.64517,78.467868
bank,Bank_744,17.633081,78.468659
mall,Mall_745,17.637113,78.460547
shop,Shop_746,17.63937,78.465089
bus_stop,Bus_stop_747,17.640541,78.464446
hospital,Hospital_748,17.643312,78.466506
school,School_749,17.640666,78.469042
hospital,Hospital_750,17.642398,78.461549
hospital,Hospital_751,17.637393,78.472567
hospital,Hospital_752,17.636625,78.461326
hospital,Hospital_753,17.636541,78.466743
mall,Mall_754,17.641299,78.466247
market,Market_755,17.641142,78.465971
restaurant,Restaurant_756,17.639503,78.465652
shop,Shop_757,17.642531,78.463965
school,School_758,17.634138,78.463843
mall,Mall_759,17.64941,78.468266
shop,Shop_760,17.647879,78.464701
school,School_761,17.636022,78.469128
bank,Bank_762,17.64712,78.457986
school,School_763,17.643183,78.468697
bank,Bank_764,17.640271,78.472926
shop,Shop_765,17.634538,78.471197
restaurant,Restaurant_766,17.634621,78.461941
bank,Bank_767,17.634752,78.472546
mall,Mall_768,17.643575,78.467631
school,School_769,17.633971,78.471433
restaurant,Restaurant_770,17.643044,78.462173
mall,Mall_771,17.642098,78.477418
restaurant,Restaurant_772,17.641492,78.465186
market,Market_773,17.648239,78.471383
mall,Mall_774,17.644529,78.469965
mall,Mall_775,17.641766,78.466079
school,School_776,17.64415,78.466775
school,School_777,17.646283,78.462121
bus_stop,Bus_stop_778,17.643782,78.475104
bank,Bank_779,17.64411,78.460646
mall,Mall_780,17.649342,78.46959
hospital,Hospital_781,17.642694,78.463312
bus_stop,Bus_stop_782,17.648176,78.464955
shop,Shop_783,17.642136,78.467298
school,School_784,17.55499,78.266681
hospital,Hospital_785,17.545724,78.260731
restaurant,Restaurant_786,17.543004,78.259773
mall,Mall_787,17.54824,78.261367
school,School_788,17.553799,78.262196
mall,Mall_789,17.551889,78.271402
bank,Bank_790,17.547558,78.258116
restaurant,Restaurant_791,17.545837,78.26253
school,School_792,17.553137,78.2533
hospital,Hospital_793,17.547567,78.26234
bank,Bank_794,17.546077,78.259352
mall,Mall_795,17.556186,78.260278
shop,Shop_796,17.55388,78.258582
bus_stop,Bus_stop_797,17.548838,78.258833
restaurant,Restaurant_798,17.556577,78.260687
shop,Shop_799,17.539446,78.257419
mall,Mall_800,17.545302,78.259838
hospital,Hospital_801,17.550212,78.26418
shop,Shop_802,17.544103,78.261174
bus_stop,Bus_stop_803,17.54765,78.261769
bus_stop,Bus_stop_804,17.544132,78.271484
market,Market_805,17.554636,78.269477
school,School_806,17.551228,78.254758
bank,Bank_807,17.545998,78.265034
bank,Bank_808,17.552348,78.267128
hospital,Hospital_809,17.544339,78.268377
shop,Shop_810,17.543292,78.257432
hospital,Hospital_811,17.548271,78.271188
hospital,Hospital_812,17.547834,78.271678
shop,Shop_813,17.549317,78.26554
bank,Bank_814,17.545577,78.263631
bus_stop,Bus_stop_815,17.54775,78.261637
mall,Mall_816,17.543032,78.255853
restaurant,Restaurant_817,17.546067,78.272101
restaurant,Restaurant_818,17.556347,78.26697
bus_stop,Bus_stop_819,17.550816,78.263531
bus_stop,Bus_stop_820,17.54825,78.256908
market,Market_821,17.552794,78.260755
school,School_822,17.553089,78.261166
bus_stop,Bus_stop_823,17.551843,78.271488
bank,Bank_824,17.543778,78.252847
bank,Bank_825,17.547903,78.262053
market,Market_826,17.55135,78.267578
restaurant,Restaurant_827,17.548827,78.265788
shop,Shop_828,17.547311,78.263434
hospital,Hospital_829,17.549174,78.26161
restaurant,Restaurant_830,17.544298,78.261073
shop,Shop_831,17.553401,78.262839
mall,Mall_832,17.548642,78.266106
mall,Mall_833,17.545633,78.265236
bus_stop,Bus_stop_834,17.546127,78.261958
school,School_835,17.54752,78.262074
restaurant,Restaurant_836,17.542084,78.256071
school,School_837,17.541116,78.270515
bank,Bank_838,17.555567,78.265335
restaurant,Restaurant_839,17.546128,78.262141
bus_stop,Bus_stop_840,17.540334,78.25429
restaurant,Restaurant_841,17.543438,78.263243
bank,Bank_842,17.555682,78.264987
mall,Mall_843,17.548213,78.263644
bus_stop,Bus_stop_844,17.555468,78.264204
restaurant,Restaurant_845,17.554613,78.267844
hospital,Hospital_846,17.548069,78.257805
restaurant,Restaurant_847,17.547639,78.262333
bus_stop,Bus_stop_848,17.54716,78.271344
bank,Bank_849,17.547073,78.261581
hospital,Hospital_850,17.549726,78.262827
bank,Bank_851,17.550994,78.253192
market,Market_852,17.545804,78.261587
shop,Shop_853,17.549351,78.260001
school,School_854,17.537736,78.261143
restaurant,Restaurant_855,17.545809,78.270327
school,School_856,17.553638,78.264267
mall,Mall_857,17.545889,78.259614
bus_stop,Bus_stop_858,17.550439,78.264122
mall,Mall_859,17.544054,78.272717
restaurant,Restaurant_860,17.556097,78.255518
mall,Mall_861,17.553432,78.25348
shop,Shop_862,17.549145,78.259816
market,Market_863,17.55629,78.267544
restaurant,Restaurant_864,17.54902,78.265694
hospital,Hospital_865,17.547821,78.26239
hospital,Hospital_866,17.54459,78.258342
school,School_867,17.549936,78.265955
school,School_868,17.547943,78.252081
bus_stop,Bus_stop_869,17.547683,78.261996
market,Market_870,17.540551,78.256312
hospital,Hospital_871,17.557805,78.263005
bus_stop,Bus_stop_872,17.547809,78.264496
mall,Mall_873,17.552393,78.265842
school,School_874,17.547814,78.262045
market,Market_875,17.542127,78.270227
school,School_876,17.547228,78.259574
bus_stop,Bus_stop_877,17.540064,78.263195
market,Market_878,17.547571,78.262145
bank,Bank_879,17.542057,78.263219
bus_stop,Bus_stop_880,17.546495,78.270685
hospital,Hospital_881,17.542834,78.254075
hospital,Hospital_882,17.545742,78.255179
bank,Bank_883,17.550442,78.265815
bus_stop,Bus_stop_884,17.547532,78.26134
school,School_885,17.554032,78.259184
shop,Shop_886,17.54709,78.250852
bus_stop,Bus_stop_887,17.547702,78.257212
market,Market_888,17.545138,78.258667
restaurant,Restaurant_889,17.541137,78.265868
hospital,Hospital_890,17.550038,78.262658
mall,Mall_891,17.544651,78.267087
market,Market_892,17.554486,78.257989
restaurant,Restaurant_893,17.548811,78.266027
school,School_894,17.542954,78.271544
market,Market_895,17.548533,78.261616
shop,Shop_896,17.556004,78.25716
bank,Bank_897,17.554363,78.259393
market,Market_898,17.548572,78.263102
bank,Bank_899,17.55401,78.257812
shop,Shop_900,17.549684,78.270244
school,School_901,17.547291,78.268668
restaurant,Restaurant_902,17.548205,78.262333
mall,Mall_903,17.546795,78.267406
restaurant,Restaurant_904,17.544141,78.261317
mall,Mall_905,17.540969,78.259693
restaurant,Restaurant_906,17.543835,78.255221
bank,Bank_907,17.54966,78.259909
market,Market_908,17.547823,78.263618
market,Market_909,17.553106,78.265157
hospital,Hospital_910,17.548801,78.257916
market,Market_911,17.551052,78.25571
bus_stop,Bus_stop_912,17.547775,78.262066
bus_stop,Bus_stop_913,17.541113,78.268842
bank,Bank_914,17.544892,78.266559
bank,Bank_915,17.542942,78.265505
shop,Shop_916,17.543124,78.264502
bus_stop,Bus_stop_917,17.551101,78.266331
mall,Mall_918,17.552861,78.262976
hospital,Hospital_919,17.553569,78.256313
bus_stop,Bus_stop_920,17.547242,78.261316
market,Market_921,17.5477,78.262058
bank,Bank_922,17.551654,78.258625
shop,Shop_923,17.554596,78.262769
school,School_924,17.545548,78.259802
mall,Mall_925,17.543878,78.26092
bank,Bank_926,17.546915,78.258854
school,School_927,17.546814,78.263386
market,Market_928,17.547487,78.265137
school,School_929,17.545417,78.262705
market,Market_930,17.545993,78.263636
mall,Mall_931,17.543417,78.26804
market,Market_932,17.543198,78.260937
mall,Mall_933,17.547446,78.263813
shop,Shop_934,17.538925,78.267294
market,Market_935,17.549023,78.272097
hospital,Hospital_936,17.546217,78.261126
mall,Mall_937,17.54383,78.267271
market,Market_938,17.544505,78.256364
school,School_939,17.685732,78.552556
bank,Bank_940,17.677948,78.559206
bus_stop,Bus_stop_941,17.678866,78.556707
market,Market_942,17.681461,78.552417
hospital,Hospital_943,17.677463,78.553348
mall,Mall_944,17.677365,78.559766
bank,Bank_945,17.681979,78.55617
shop,Shop_946,17.680859,78.545686
school,School_947,17.673462,78.56245
hospital,Hospital_948,17.106017,78.519945
shop,Shop_949,17.107928,78.52463
bank,Bank_950,17.109565,78.509198
mall,Mall_951,17.101354,78.521962
school,School_952,17.098005,78.516319
market,Market_953,17.104206,78.518515
bus_stop,Bus_stop_954,17.103778,78.51645
restaurant,Restaurant_955,17.101312,78.516987
shop,Shop_956,17.107146,78.51766
shop,Shop_957,17.10245,78.516528
hospital,Hospital_958,17.101496,78.518034
bus_stop,Bus_stop_959,17.099051,78.514905
restaurant,Restaurant_960,17.0997,78.519509
shop,Shop_961,17.104695,78.519398
restaurant,Restaurant_962,17.096055,78.511331
bus_stop,Bus_stop_963,17.111452,78.516316
market,Market_964,17.098019,78.513115
shop,Shop_965,17.09987,78.512587
restaurant,Restaurant_966,17.100314,78.50755
market,Market_967,17.101822,78.524134
restaurant,Restaurant_968,17.110801,78.512412
shop,Shop_969,17.100595,78.526203
restaurant,Restaurant_970,17.400359,78.54876
hospital,Hospital_971,17.403284,78.544176
school,School_972,17.395416,78.549717
shop,Shop_973,17.398137,78.54789
bank,Bank_974,17.401623,78.548481
market,Market_975,17.406104,78.541765
hospital,Hospital_976,17.401942,78.557656
shop,Shop_977,17.391055,78.553917
school,School_978,17.398211,78.546307
school,School_979,17.403224,78.549799
restaurant,Restaurant_980,17.405536,78.540952
shop,Shop_981,17.394189,78.544773
bank,Bank_982,17.397261,78.546622
school,School_983,17.403911,78.550245
restaurant,Restaurant_984,17.393044,78.546269
school,School_985,17.405342,78.545595
shop,Shop_986,17.39889,78.548598
bus_stop,Bus_stop_987,17.395,78.542677
bus_stop,Bus_stop_988,17.402512,78.543587
shop,Shop_989,17.399863,78.559177
market,Market_990,17.397642,78.539154
shop,Shop_991,17.401234,78.546963
hospital,Hospital_992,17.391626,78.5548
market,Market_993,17.400137,78.548507
market,Market_994,17.3974,78.552452
restaurant,Restaurant_995,17.397628,78.537566
bank,Bank_996,17.394146,78.538458
shop,Shop_997,17.392714,78.553447
bus_stop,Bus_stop_998,17.424759,78.371932
bus_stop,Bus_stop_999,17.420671,78.357616
bank,Bank_1000,17.422605,78.364331
hospital,Hospital_1001,17.417543,78.362079
bank,Bank_1002,17.423375,78.359388
market,Market_1003,17.41882,78.364734
hospital,Hospital_1004,17.414711,78.362679
school,School_1005,17.418707,78.367253
restaurant,Restaurant_1006,17.410984,78.364846
hospital,Hospital_1007,17.417535,78.357532
shop,Shop_1008,17.422624,78.368238
shop,Shop_1009,17.427823,78.371193
shop,Shop_1010,17.430136,78.368773
hospital,Hospital_1011,17.420762,78.365553
market,Market_1012,17.42791,78.374973
bank,Bank_1013,17.420888,78.365243
restaurant,Restaurant_1014,17.419882,78.363497
school,School_1015,17.421277,78.359508
hospital,Hospital_1016,17.421961,78.368669
bus_stop,Bus_stop_1017,17.418178,78.367033
school,School_1018,17.423711,78.359351
market,Market_1019,17.42313,78.360793
school,School_1020,17.422318,78.365393
restaurant,Restaurant_1021,17.421005,78.367361
shop,Shop_1022,17.414246,78.374821
shop,Shop_1023,17.419692,78.368067
bank,Bank_1024,17.42839,78.366306
restaurant,Restaurant_1025,17.418444,78.362917
market,Market_1026,17.426464,78.370577
school,School_1027,17.420601,78.358644
mall,Mall_1028,17.422742,78.367989
bank,Bank_1029,17.42219,78.356651
hospital,Hospital_1030,17.41933,78.364723
restaurant,Restaurant_1031,17.418129,78.36482
mall,Mall_1032,17.414342,78.36509
mall,Mall_1033,17.425276,78.369334
school,School_1034,17.415664,78.36712
market,Market_1035,17.421838,78.360677
market,Market_1036,17.424462,78.357294
bus_stop,Bus_stop_1037,17.428845,78.365625
restaurant,Restaurant_1038,17.41596,78.367938
restaurant,Restaurant_1039,17.41574,78.375463
mall,Mall_1040,17.422609,78.366831
bus_stop,Bus_stop_1041,17.426623,78.365846
bus_stop,Bus_stop_1042,17.425146,78.374016
school,School_1043,17.425986,78.367311
bus_stop,Bus_stop_1044,17.411669,78.369747
market,Market_1045,17.421081,78.365276
hospital,Hospital_1046,17.420965,78.364632
mall,Mall_1047,17.429885,78.369476
market,Market_1048,17.42183,78.366742
bus_stop,Bus_stop_1049,17.424342,78.368115
shop,Shop_1050,17.423651,78.363967
restaurant,Restaurant_1051,17.419036,78.374668
shop,Shop_1052,17.429673,78.369727
hospital,Hospital_1053,17.410643,78.36656
mall,Mall_1054,17.424161,78.368175
school,School_1055,17.42256,78.372602
mall,Mall_1056,17.412054,78.368815
restaurant,Restaurant_1057,17.421094,78.361201
mall,Mall_1058,17.420755,78.36575
market,Market_1059,17.413685,78.372834
shop,Shop_1060,17.421112,78.371237
hospital,Hospital_1061,17.416056,78.367279
shop,Shop_1062,17.423027,78.359284
mall,Mall_1063,17.663759,78.486937
bus_stop,Bus_stop_1064,17.660213,78.487849
school,School_1065,17.664635,78.486961
restaurant,Restaurant_1066,17.665335,78.487318
school,School_1067,17.660396,78.480867
school,School_1068,17.674783,78.489506
market,Market_1069,17.658761,78.483948
mall,Mall_1070,17.665189,78.488146
restaurant,Restaurant_1071,17.660929,78.489238
school,School_1072,17.671498,78.4843
market,Market_1073,17.66511,78.488193
bus_stop,Bus_stop_1074,17.663912,78.486775
mall,Mall_1075,17.663933,78.487934
bank,Bank_1076,17.661907,78.495572
school,School_1077,17.658271,78.484668
bus_stop,Bus_stop_1078,17.658526,78.481641
mall,Mall_1079,17.662203,78.477792
school,School_1080,17.663838,78.487607
market,Market_1081,17.661489,78.490369
market,Market_1082,17.673625,78.49255
bank,Bank_1083,17.6711,78.484988
bus_stop,Bus_stop_1084,17.66696,78.496065
school,School_1085,17.672984,78.487908
shop,Shop_1086,17.667671,78.492379
mall,Mall_1087,17.657171,78.48766
bus_stop,Bus_stop_1088,17.665805,78.492451
school,School_1089,17.656917,78.493377
school,School_1090,17.66663,78.49482
bank,Bank_1091,17.663441,78.477175
restaurant,Restaurant_1092,17.66349,78.486163
hospital,Hospital_1093,17.663231,78.48733
school,School_1094,17.664894,78.48191
restaurant,Restaurant_1095,17.655634,78.486274
mall,Mall_1096,17.664359,78.487104
bank,Bank_1097,17.670455,78.488335
school,School_1098,17.661217,78.4971
mall,Mall_1099,17.663375,78.490518
hospital,Hospital_1100,17.67211,78.489839
restaurant,Restaurant_1101,17.656592,78.484972
bank,Bank_1102,17.663304,78.482398
mall,Mall_1103,17.655124,78.49038
shop,Shop_1104,17.656591,78.492623
shop,Shop_1105,17.664547,78.486963
mall,Mall_1106,17.665851,78.493362
hospital,Hospital_1107,17.663168,78.486124
mall,Mall_1108,17.657288,78.494995
market,Market_1109,17.664059,78.486341
school,School_1110,17.662021,78.479579
hospital,Hospital_1111,17.670404,78.494034
mall,Mall_1112,17.661799,78.487912
mall,Mall_1113,17.669332,78.487332
restaurant,Restaurant_1114,17.666191,78.490806
restaurant,Restaurant_1115,17.674719,78.48339
bus_stop,Bus_stop_1116,17.671751,78.48325
market,Market_1117,17.674083,78.485764
mall,Mall_1118,17.658488,78.484107
market,Market_1119,17.663643,78.485176
market,Market_1120,17.664404,78.48933
hospital,Hospital_1121,17.658018,78.482286
market,Market_1122,17.661466,78.486915
mall,Mall_1123,17.660983,78.487006
restaurant,Restaurant_1124,17.671239,78.488388
school,School_1125,17.661884,78.477164
shop,Shop_1126,17.664694,78.487236
market,Market_1127,17.665108,78.485679
bank,Bank_1128,17.664135,78.486778
restaurant,Restaurant_1129,17.658265,78.481904
market,Market_1130,17.664685,78.482087
restaurant,Restaurant_1131,17.66472,78.486497
bus_stop,Bus_stop_1132,17.670787,78.484447
bus_stop,Bus_stop_1133,17.693619,78.431822
mall,Mall_1134,17.701584,78.42464
hospital,Hospital_1135,17.702739,78.423089
bank,Bank_1136,17.707716,78.419641
shop,Shop_1137,17.698511,78.431374
market,Market_1138,17.701283,78.434387
restaurant,Restaurant_1139,17.699649,78.425749
bank,Bank_1140,17.697435,78.427755
bus_stop,Bus_stop_1141,17.700602,78.419682
hospital,Hospital_1142,17.698617,78.422958
shop,Shop_1143,17.702062,78.421519
bank,Bank_1144,17.703321,78.424198
shop,Shop_1145,17.702113,78.423714
bank,Bank_1146,17.696076,78.424797
school,School_1147,17.699037,78.419637
bus_stop,Bus_stop_1148,17.709539,78.42287
school,School_1149,17.707051,78.41551
mall,Mall_1150,17.700592,78.427223
restaurant,Restaurant_1151,17.693918,78.418009
school,School_1152,17.703893,78.421731
restaurant,Restaurant_1153,17.706494,78.419068
mall,Mall_1154,17.693098,78.419807
bank,Bank_1155,17.704208,78.422418
hospital,Hospital_1156,17.703569,78.418009
hospital,Hospital_1157,17.701987,78.423517
bus_stop,Bus_stop_1158,17.70137,78.423618
bus_stop,Bus_stop_1159,17.70682,78.431927
shop,Shop_1160,17.701478,78.425025
restaurant,Restaurant_1161,17.707696,78.424777
bank,Bank_1162,17.697331,78.416453
market,Market_1163,17.737869,78.503223
hospital,Hospital_1164,17.739959,78.508421
bank,Bank_1165,17.731231,78.508474
restaurant,Restaurant_1166,17.745868,78.505354
restaurant,Restaurant_1167,17.73379,78.509911
restaurant,Restaurant_1168,17.743738,78.507984
hospital,Hospital_1169,17.730265,78.514924
shop,Shop_1170,17.741596,78.507457
market,Market_1171,17.735684,78.506998
mall,Mall_1172,17.736462,78.517465
bank,Bank_1173,17.739597,78.501967
mall,Mall_1174,17.7351,78.504697
shop,Shop_1175,17.735413,78.507757
restaurant,Restaurant_1176,17.74167,78.507161
shop,Shop_1177,17.732986,78.499069
bus_stop,Bus_stop_1178,17.733773,78.509866
market,Market_1179,17.738417,78.511445
hospital,Hospital_1180,17.729055,78.498728
bus_stop,Bus_stop_1181,17.735754,78.50004
restaurant,Restaurant_1182,17.731634,78.502016
shop,Shop_1183,17.737327,78.500375
market,Market_1184,17.742559,78.512298
bank,Bank_1185,17.740919,78.513074
mall,Mall_1186,17.732565,78.501036
mall,Mall_1187,17.735561,78.507971
hospital,Hospital_1188,17.739891,78.507404
hospital,Hospital_1189,17.739075,78.512187
bank,Bank_1190,17.736549,78.499546
restaurant,Restaurant_1191,17.725847,78.509878
school,School_1192,17.735537,78.507972
hospital,Hospital_1193,17.742472,78.507482
hospital,Hospital_1194,17.738011,78.505642
bus_stop,Bus_stop_1195,17.736047,78.504209
shop,Shop_1196,17.733972,78.513398
hospital,Hospital_1197,17.735356,78.507879
market,Market_1198,17.734921,78.508627
mall,Mall_1199,17.737527,78.515559
restaurant,Restaurant_1200,17.743333,78.503691
market,Market_1201,17.733935,78.505807
hospital,Hospital_1202,17.735739,78.507129
shop,Shop_1203,17.737096,78.512242
shop,Shop_1204,17.737268,78.509041
market,Market_1205,17.731326,78.517345
market,Market_1206,17.730458,78.517601
mall,Mall_1207,17.731417,78.499437
school,School_1208,17.729936,78.498571
shop,Shop_1209,17.737718,78.508555
restaurant,Restaurant_1210,17.729931,78.513739
bus_stop,Bus_stop_1211,17.734862,78.511684
market,Market_1212,17.744671,78.5057
market,Market_1213,17.738452,78.504391
hospital,Hospital_1214,17.733978,78.498509
hospital,Hospital_1215,17.739345,78.512308
hospital,Hospital_1216,17.728339,78.514219
restaurant,Restaurant_1217,17.737634,78.502238
bus_stop,Bus_stop_1218,17.736854,78.509809
bank,Bank_1219,17.737435,78.510245
hospital,Hospital_1220,17.739141,78.502715
bus_stop,Bus_stop_1221,17.739793,78.505719
school,School_1222,17.733623,78.505419
shop,Shop_1223,17.729148,78.503866
hospital,Hospital_1224,17.737057,78.499963
school,School_1225,17.729836,78.500213
market,Market_1226,17.729969,78.50093
market,Market_1227,17.726332,78.510578
shop,Shop_1228,17.739488,78.505089
bank,Bank_1229,17.741479,78.511284
mall,Mall_1230,17.733664,78.504913
mall,Mall_1231,17.731338,78.507066
mall,Mall_1232,17.72888,78.499203
shop,Shop_1233,17.734325,78.508519
mall,Mall_1234,17.735862,78.507036
bus_stop,Bus_stop_1235,17.736376,78.499147
bus_stop,Bus_stop_1236,17.733347,78.506934
mall,Mall_1237,17.736132,78.511083
market,Market_1238,17.739341,78.512222
market,Market_1239,17.739392,78.503072
shop,Shop_1240,17.738267,78.497939
hospital,Hospital_1241,17.731555,78.510268
market,Market_1242,17.73554,78.515558
mall,Mall_1243,17.735642,78.498108
hospital,Hospital_1244,17.73906,78.505958
bus_stop,Bus_stop_1245,17.731711,78.501506
bank,Bank_1246,17.735384,78.507674
bank,Bank_1247,17.736836,78.50624
market,Market_1248,17.736685,78.508362
restaurant,Restaurant_1249,17.734488,78.508535
bank,Bank_1250,17.735845,78.50734
hospital,Hospital_1251,17.731789,78.500013
restaurant,Restaurant_1252,17.734907,78.502723
shop,Shop_1253,17.727179,78.510749
bank,Bank_1254,17.73447,78.50999
bank,Bank_1255,17.73436,78.50778
mall,Mall_1256,17.735746,78.508334
hospital,Hospital_1257,17.738181,78.511177
market,Market_1258,17.743871,78.503859
hospital,Hospital_1259,17.72881,78.501678
hospital,Hospital_1260,17.736822,78.505482
mall,Mall_1261,17.736208,78.507845
school,School_1262,17.178168,78.165924
bus_stop,Bus_stop_1263,17.174484,78.167807
shop,Shop_1264,17.190549,78.160185
market,Market_1265,17.185522,78.170358
bank,Bank_1266,17.178349,78.172258
shop,Shop_1267,17.188048,78.16749
shop,Shop_1268,17.173458,78.161603
shop,Shop_1269,17.187448,78.165386
mall,Mall_1270,17.180826,78.161715
mall,Mall_1271,17.183629,78.160011
market,Market_1272,17.182031,78.154185
mall,Mall_1273,17.180422,78.16279
school,School_1274,17.18998,78.165374
restaurant,Restaurant_1275,17.179803,78.157448
shop,Shop_1276,17.185336,78.164119
market,Market_1277,17.186392,78.163505
market,Market_1278,17.181697,78.158664
bus_stop,Bus_stop_1279,17.177986,78.167944
bus_stop,Bus_stop_1280,17.185823,78.158377
school,School_1281,17.172738,78.161987
market,Market_1282,17.177403,78.158115
school,School_1283,17.185317,78.168966
market,Market_1284,17.173401,78.1605
mall,Mall_1285,17.185133,78.157316
hospital,Hospital_1286,17.180471,78.162914
mall,Mall_1287,17.17987,78.164542
school,School_1288,17.181909,78.16263
shop,Shop_1289,17.189795,78.161482
shop,Shop_1290,17.185309,78.162206
bank,Bank_1291,17.185343,78.160307
shop,Shop_1292,17.175589,78.157763
market,Market_1293,17.180036,78.163076
shop,Shop_1294,17.180567,78.162485
bank,Bank_1295,17.180865,78.16305
bank,Bank_1296,17.176841,78.168196
mall,Mall_1297,17.172404,78.169029
restaurant,Restaurant_1298,17.025065,78.604406
shop,Shop_1299,17.014615,78.591747
hospital,Hospital_1300,17.017127,78.602217
hospital,Hospital_1301,17.023382,78.601265
hospital,Hospital_1302,17.014769,78.604059
market,Market_1303,17.01827,78.602274
bank,Bank_1304,17.025473,78.602979
bus_stop,Bus_stop_1305,17.023873,78.598673
hospital,Hospital_1306,17.013505,78.603881
mall,Mall_1307,17.016914,78.60463
shop,Shop_1308,17.02394,78.600986
mall,Mall_1309,17.017015,78.610343
shop,Shop_1310,17.018902,78.603581
restaurant,Restaurant_1311,17.018325,78.602133
mall,Mall_1312,17.020469,78.59411
bus_stop,Bus_stop_1313,17.017217,78.598409
shop,Shop_1314,17.018391,78.595414
market,Market_1315,17.013039,78.600976
restaurant,Restaurant_1316,17.011929,78.601636
restaurant,Restaurant_1317,17.013478,78.607443
shop,Shop_1318,17.018015,78.601751
bus_stop,Bus_stop_1319,17.707116,78.592783
bus_stop,Bus_stop_1320,17.70066,78.588737
hospital,Hospital_1321,17.697681,78.588497
school,School_1322,17.708136,78.602657
restaurant,Restaurant_1323,17.711077,78.592032
bank,Bank_1324,17.706775,78.592583
shop,Shop_1325,17.706067,78.60001
mall,Mall_1326,17.704071,78.593095
school,School_1327,17.706743,78.592615
market,Market_1328,17.714806,78.588422
market,Market_1329,17.704761,78.59586
hospital,Hospital_1330,17.710182,78.590285
hospital,Hospital_1331,17.701946,78.584506
restaurant,Restaurant_1332,17.597954,78.528757
mall,Mall_1333,17.589766,78.535141
bus_stop,Bus_stop_1334,17.601864,78.536873
shop,Shop_1335,17.600091,78.525911
bank,Bank_1336,17.600412,78.536416
bus_stop,Bus_stop_1337,17.599285,78.539605
bus_stop,Bus_stop_1338,17.598086,78.539617
shop,Shop_1339,17.589911,78.535809
mall,Mall_1340,17.60506,78.534513
school,School_1341,17.592711,78.528674
shop,Shop_1342,17.60114,78.534134
shop,Shop_1343,17.597351,78.538993
restaurant,Restaurant_1344,17.606383,78.532971
mall,Mall_1345,17.597916,78.539851
school,School_1346,17.599624,78.54016
school,School_1347,17.609964,78.536496
hospital,Hospital_1348,17.597576,78.541318
hospital,Hospital_1349,17.607382,78.540417
bus_stop,Bus_stop_1350,17.597869,78.541284
school,School_1351,17.604325,78.536376
market,Market_1352,17.595102,78.533105
bus_stop,Bus_stop_1353,17.603209,78.536284
bank,Bank_1354,17.608331,78.543924
school,School_1355,17.601435,78.529109
mall,Mall_1356,17.601059,78.535281
shop,Shop_1357,17.601488,78.537045
mall,Mall_1358,17.604138,78.531659
restaurant,Restaurant_1359,17.59231,78.539597
bank,Bank_1360,17.597745,78.5459
bank,Bank_1361,17.602495,78.53097
school,School_1362,17.595112,78.535489
bus_stop,Bus_stop_1363,17.599293,78.533859
school,School_1364,17.60643,78.541346
school,School_1365,17.599136,78.534246
shop,Shop_1366,17.600392,78.538654
market,Market_1367,17.595062,78.544068
bus_stop,Bus_stop_1368,17.602181,78.545039
bus_stop,Bus_stop_1369,17.595239,78.531827
bank,Bank_1370,17.600252,78.536182
bus_stop,Bus_stop_1371,17.590378,78.536164
shop,Shop_1372,17.604348,78.537401
shop,Shop_1373,17.603964,78.53462
restaurant,Restaurant_1374,17.595475,78.529836
shop,Shop_1375,17.599976,78.535651
bus_stop,Bus_stop_1376,17.603517,78.539387
restaurant,Restaurant_1377,17.60875,78.539313
restaurant,Restaurant_1378,17.601314,78.536539
bus_stop,Bus_stop_1379,17.604776,78.538386
bus_stop,Bus_stop_1380,17.599904,78.535095
bus_stop,Bus_stop_1381,17.598333,78.540061
market,Market_1382,17.60431,78.526661
hospital,Hospital_1383,17.601466,78.537483
bus_stop,Bus_stop_1384,17.602232,78.530572
mall,Mall_1385,17.600064,78.535813
market,Market_1386,17.595517,78.540649
restaurant,Restaurant_1387,17.599835,78.525958
bus_stop,Bus_stop_1388,17.596842,78.54076
restaurant,Restaurant_1389,17.601276,78.535878
shop,Shop_1390,17.597989,78.541156
shop,Shop_1391,17.600371,78.536253
bus_stop,Bus_stop_1392,17.59547,78.538601
hospital,Hospital_1393,17.598899,78.537128
restaurant,Restaurant_1394,17.601444,78.533276
hospital,Hospital_1395,17.60976,78.532642
restaurant,Restaurant_1396,17.602829,78.540232
hospital,Hospital_1397,17.606127,78.53737
bus_stop,Bus_stop_1398,17.592458,78.531553
shop,Shop_1399,17.595716,78.528053
mall,Mall_1400,17.610067,78.539887
bus_stop,Bus_stop_1401,17.602194,78.533367
school,School_1402,17.59617,78.526839
bank,Bank_1403,17.601015,78.525153
restaurant,Restaurant_1404,17.606578,78.527268
market,Market_1405,17.598401,78.527587
hospital,Hospital_1406,17.600814,78.536396
school,School_1407,17.600722,78.531433
mall,Mall_1408,17.291518,78.534384
hospital,Hospital_1409,17.287958,78.524702
market,Market_1410,17.295567,78.537368
bank,Bank_1411,17.286433,78.522787
bank,Bank_1412,17.292505,78.531666
restaurant,Restaurant_1413,17.287846,78.530476
hospital,Hospital_1414,17.290554,78.52675
mall,Mall_1415,17.293549,78.530386
market,Market_1416,17.291031,78.528094
market,Market_1417,17.291991,78.528276
shop,Shop_1418,17.293331,78.51957
bus_stop,Bus_stop_1419,17.28257,78.535515
bus_stop,Bus_stop_1420,17.291048,78.534697
mall,Mall_1421,17.290166,78.526997
market,Market_1422,17.29066,78.525554
bank,Bank_1423,17.289545,78.537722
bus_stop,Bus_stop_1424,17.288827,78.53817
restaurant,Restaurant_1425,17.289099,78.519218
shop,Shop_1426,17.283543,78.523936
shop,Shop_1427,17.281107,78.531317
bus_stop,Bus_stop_1428,17.287527,78.525823
bank,Bank_1429,17.287268,78.536208
restaurant,Restaurant_1430,17.288035,78.530056
market,Market_1431,17.286,78.528918
bank,Bank_1432,17.294818,78.535865
hospital,Hospital_1433,17.284592,78.523213
shop,Shop_1434,17.28305,78.525449
bus_stop,Bus_stop_1435,17.289785,78.525248
school,School_1436,17.290877,78.525638
hospital,Hospital_1437,17.289016,78.529016
bank,Bank_1438,17.291292,78.531808
school,School_1439,17.293511,78.536841
bank,Bank_1440,17.289168,78.532259
bank,Bank_1441,17.286442,78.52642
restaurant,Restaurant_1442,17.194237,78.594241
shop,Shop_1443,17.193038,78.593086
hospital,Hospital_1444,17.20025,78.58783
shop,Shop_1445,17.202589,78.583112
bank,Bank_1446,17.196916,78.574289
shop,Shop_1447,17.197795,78.582798
school,School_1448,17.194839,78.574425
shop,Shop_1449,17.194335,78.579425
mall,Mall_1450,17.190577,78.590902
hospital,Hospital_1451,17.195753,78.577157
shop,Shop_1452,17.199582,78.577687
shop,Shop_1453,17.191169,78.578493
hospital,Hospital_1454,17.202725,78.586416
mall,Mall_1455,17.204474,78.578743
bank,Bank_1456,17.192837,78.585151
market,Market_1457,17.197396,78.592392
school,School_1458,17.189758,78.589084
hospital,Hospital_1459,17.199925,78.573313
hospital,Hospital_1460,17.193855,78.58977
market,Market_1461,17.195373,78.582594
school,School_1462,17.191231,78.584925
school,School_1463,17.188093,78.587111
bank,Bank_1464,17.193475,78.580916
market,Market_1465,17.192978,78.582086
shop,Shop_1466,17.193272,78.58695
mall,Mall_1467,17.196428,78.583051
school,School_1468,17.189178,78.580313
school,School_1469,17.187441,78.587986
mall,Mall_1470,17.196766,78.58339
school,School_1471,17.196122,78.579272
market,Market_1472,17.18918,78.576665
shop,Shop_1473,17.202006,78.580346
school,School_1474,17.338179,78.704067
mall,Mall_1475,17.341544,78.702563
market,Market_1476,17.338205,78.704447
hospital,Hospital_1477,17.341162,78.703329
shop,Shop_1478,17.342855,78.702571
shop,Shop_1479,17.333101,78.712812
shop,Shop_1480,17.330282,78.708743
shop,Shop_1481,17.333032,78.706353
bank,Bank_1482,17.340101,78.702078
bank,Bank_1483,17.33917,78.704428
shop,Shop_1484,17.346081,78.708529
restaurant,Restaurant_1485,17.33752,78.705626
bus_stop,Bus_stop_1486,17.337561,78.70558
mall,Mall_1487,17.337454,78.707757
shop,Shop_1488,17.334752,78.705375
bus_stop,Bus_stop_1489,17.346013,78.699644
bus_stop,Bus_stop_1490,17.33813,78.706306
market,Market_1491,17.338736,78.704534
shop,Shop_1492,17.336932,78.703166
market,Market_1493,17.338446,78.712964
bus_stop,Bus_stop_1494,17.341385,78.700025
school,School_1495,17.331621,78.708783
mall,Mall_1496,17.338266,78.707534
restaurant,Restaurant_1497,17.336596,78.70417
hospital,Hospital_1498,17.341747,78.708826
bank,Bank_1499,17.341871,78.695539
bus_stop,Bus_stop_1500,17.341176,78.712631
mall,Mall_1501,17.34485,78.707909
bank,Bank_1502,17.335422,78.7016
restaurant,Restaurant_1503,17.336243,78.709453
mall,Mall_1504,17.337691,78.70232
market,Market_1505,17.34434,78.695279
bank,Bank_1506,17.342884,78.71304
bank,Bank_1507,17.330164,78.703164
shop,Shop_1508,17.336702,78.705558
mall,Mall_1509,17.33908,78.697663
bus_stop,Bus_stop_1510,17.33705,78.705852
hospital,Hospital_1511,17.341585,78.705717
bus_stop,Bus_stop_1512,17.337774,78.70423
bank,Bank_1513,17.328595,78.70594
market,Market_1514,17.346834,78.704408
bank,Bank_1515,17.500031,78.429923
restaurant,Restaurant_1516,17.506647,78.428763
mall,Mall_1517,17.495358,78.422846
school,School_1518,17.506383,78.43035
mall,Mall_1519,17.504846,78.428705
school,School_1520,17.503715,78.429826
hospital,Hospital_1521,17.508169,78.42745
bus_stop,Bus_stop_1522,17.506582,78.436061
restaurant,Restaurant_1523,17.509176,78.434995
mall,Mall_1524,17.495706,78.434242
mall,Mall_1525,17.508325,78.429181
restaurant,Restaurant_1526,17.504381,78.429475
hospital,Hospital_1527,17.511235,78.427237
bank,Bank_1528,17.502336,78.423781
market,Market_1529,17.503285,78.428223
bus_stop,Bus_stop_1530,17.497856,78.42546
restaurant,Restaurant_1531,17.506648,78.425691
bank,Bank_1532,17.500047,78.431033
restaurant,Restaurant_1533,17.499593,78.435803
school,School_1534,17.513607,78.431675
hospital,Hospital_1535,17.506815,78.421274
school,School_1536,17.496594,78.423231
restaurant,Restaurant_1537,17.508992,78.429972
restaurant,Restaurant_1538,17.50493,78.429463
bank,Bank_1539,17.509085,78.42512
mall,Mall_1540,17.500911,78.437772
market,Market_1541,17.503088,78.435996
bank,Bank_1542,17.501551,78.433064
school,School_1543,17.494072,78.427348
market,Market_1544,17.508671,78.435752
market,Market_1545,17.494906,78.431748
bus_stop,Bus_stop_1546,17.508735,78.42795
market,Market_1547,17.502878,78.421594
mall,Mall_1548,17.501247,78.431049
bank,Bank_1549,17.500942,78.431398
bank,Bank_1550,17.504684,78.428568
mall,Mall_1551,17.496947,78.424965
bus_stop,Bus_stop_1552,17.504103,78.434865
hospital,Hospital_1553,17.502257,78.438973
bank,Bank_1554,17.50537,78.428159
bus_stop,Bus_stop_1555,17.504458,78.424266
market,Market_1556,17.504691,78.428559
mall,Mall_1557,17.504559,78.429543
market,Market_1558,17.498349,78.431372
market,Market_1559,17.5037,78.431666
mall,Mall_1560,17.504919,78.426791
mall,Mall_1561,17.505042,78.427912
shop,Shop_1562,17.511325,78.422426
mall,Mall_1563,17.504364,78.431787
school,School_1564,17.506903,78.432016
shop,Shop_1565,17.49746,78.425223
school,School_1566,17.500337,78.429129
school,School_1567,17.505521,78.436549
hospital,Hospital_1568,17.50227,78.436371
bus_stop,Bus_stop_1569,17.50191,78.427739
bank,Bank_1570,17.504872,78.428919
restaurant,Restaurant_1571,17.51167,78.425064
bus_stop,Bus_stop_1572,17.505893,78.427856
mall,Mall_1573,17.505692,78.424515
bank,Bank_1574,17.497365,78.424518
school,School_1575,17.497931,78.431618
shop,Shop_1576,17.163092,78.465711
shop,Shop_1577,17.16729,78.474522
market,Market_1578,17.169644,78.473202
restaurant,Restaurant_1579,17.167172,78.471495
restaurant,Restaurant_1580,17.168157,78.469136
mall,Mall_1581,17.165904,78.467273
school,School_1582,17.164797,78.469603
shop,Shop_1583,17.163452,78.46903
bus_stop,Bus_stop_1584,17.165048,78.468827
bus_stop,Bus_stop_1585,17.162827,78.467902
market,Market_1586,17.174073,78.465556
mall,Mall_1587,17.169383,78.463938
school,School_1588,17.165108,78.468423
market,Market_1589,17.17081,78.468781
bus_stop,Bus_stop_1590,17.173759,78.471811
bank,Bank_1591,17.167966,78.461099
shop,Shop_1592,17.164256,78.464359
bank,Bank_1593,17.162719,78.469361
shop,Shop_1594,17.165716,78.479438
market,Market_1595,17.16075,78.47126
hospital,Hospital_1596,17.156694,78.472392
market,Market_1597,17.164278,78.469864
mall,Mall_1598,17.164768,78.475452
bank,Bank_1599,17.167607,78.469247
restaurant,Restaurant_1600,17.168803,78.468472
mall,Mall_1601,17.165216,78.469377
bank,Bank_1602,17.16629,78.469139
restaurant,Restaurant_1603,17.166148,78.469748
hospital,Hospital_1604,17.17366,78.462826
shop,Shop_1605,17.157599,78.466866
bank,Bank_1606,17.174345,78.473635
school,School_1607,17.166416,78.470215
bank,Bank_1608,17.163853,78.466288
market,Market_1609,17.63026,78.456185
market,Market_1610,17.637136,78.441688
restaurant,Restaurant_1611,17.63129,78.457196
school,School_1612,17.638645,78.451577
school,School_1613,17.641674,78.440921
shop,Shop_1614,17.636917,78.448572
bus_stop,Bus_stop_1615,17.638718,78.448728
market,Market_1616,17.640291,78.460023
mall,Mall_1617,17.444827,78.698264
hospital,Hospital_1618,17.453892,78.696264
school,School_1619,17.444892,78.687646
shop,Shop_1620,17.448442,78.69363
bus_stop,Bus_stop_1621,17.45148,78.694055
market,Market_1622,17.448474,78.700343
hospital,Hospital_1623,17.445733,78.69445
restaurant,Restaurant_1624,17.449429,78.698423
bus_stop,Bus_stop_1625,17.444005,78.698313
market,Market_1626,17.452194,78.705372
hospital,Hospital_1627,17.446498,78.697722
shop,Shop_1628,17.453183,78.689895
market,Market_1629,17.440486,78.69291
bus_stop,Bus_stop_1630,17.447365,78.692837
mall,Mall_1631,17.446909,78.698023
market,Market_1632,17.441802,78.702352
shop,Shop_1633,17.44555,78.689258
hospital,Hospital_1634,17.252861,78.393357
hospital,Hospital_1635,17.256273,78.387579
hospital,Hospital_1636,17.251972,78.396115
mall,Mall_1637,17.252092,78.391312
mall,Mall_1638,17.252981,78.397375
school,School_1639,17.248446,78.393452
restaurant,Restaurant_1640,17.252491,78.396409
shop,Shop_1641,17.252862,78.39567
hospital,Hospital_1642,17.250445,78.398325
restaurant,Restaurant_1643,17.248019,78.387557
market,Market_1644,17.254224,78.390454
market,Market_1645,17.24996,78.396234
bank,Bank_1646,17.248625,78.385176
mall,Mall_1647,17.246732,78.40288
restaurant,Restaurant_1648,17.257344,78.399117
school,School_1649,17.25443,78.397347
restaurant,Restaurant_1650,17.255955,78.391804
restaurant,Restaurant_1651,17.255022,78.397365
shop,Shop_1652,17.250769,78.400992
school,School_1653,17.255051,78.395067
restaurant,Restaurant_1654,17.245886,78.39773
market,Market_1655,17.256324,78.391147
school,School_1656,17.255889,78.40498
bus_stop,Bus_stop_1657,17.260148,78.392314
mall,Mall_1658,17.250084,78.393804
market,Market_1659,17.24631,78.396839
bank,Bank_1660,17.253762,78.399165
bank,Bank_1661,17.252365,78.400591
restaurant,Restaurant_1662,17.252169,78.39566
market,Market_1663,17.251166,78.397047
restaurant,Restaurant_1664,17.26013,78.399533
school,School_1665,17.469739,78.480019
bus_stop,Bus_stop_1666,17.458199,78.468119
bank,Bank_1667,17.472418,78.469979
bank,Bank_1668,17.462196,78.463326
school,School_1669,17.462862,78.476056
bus_stop,Bus_stop_1670,17.456405,78.477807
bank,Bank_1671,17.471044,78.476567
hospital,Hospital_1672,17.463817,78.473776
market,Market_1673,17.456721,78.478389
restaurant,Restaurant_1674,17.455506,78.473295
restaurant,Restaurant_1675,17.46385,78.473997
restaurant,Restaurant_1676,17.464252,78.473864
market,Market_1677,17.459034,78.467622
bus_stop,Bus_stop_1678,17.464729,78.474301
restaurant,Restaurant_1679,17.464638,78.473663
school,School_1680,17.465946,78.471025
bank,Bank_1681,17.465456,78.469168
school,School_1682,17.470702,78.473678
shop,Shop_1683,17.462267,78.476322
restaurant,Restaurant_1684,17.46547,78.464155
school,School_1685,17.464354,78.477531
market,Market_1686,17.46801,78.470683
mall,Mall_1687,17.462552,78.477129
bus_stop,Bus_stop_1688,17.466138,78.477627
mall,Mall_1689,17.456893,78.47039
bank,Bank_1690,17.4696,78.476148
bank,Bank_1691,17.462341,78.473311
school,School_1692,17.462018,78.482397
bank,Bank_1693,17.467047,78.47737
bus_stop,Bus_stop_1694,17.463773,78.474153
bus_stop,Bus_stop_1695,17.460713,78.472278
restaurant,Restaurant_1696,17.466308,78.467062
hospital,Hospital_1697,17.462803,78.476763
bus_stop,Bus_stop_1698,17.465995,78.475719
hospital,Hospital_1699,17.467492,78.466613
bank,Bank_1700,17.470955,78.46902
shop,Shop_1701,17.463629,78.466856
hospital,Hospital_1702,17.474238,78.47343
hospital,Hospital_1703,17.463148,78.474531
market,Market_1704,17.465769,78.473969
restaurant,Restaurant_1705,17.468945,78.483046
hospital,Hospital_1706,17.463747,78.466543
school,School_1707,17.45729,78.472034
bus_stop,Bus_stop_1708,17.460186,78.477224
restaurant,Restaurant_1709,17.454242,78.476405
shop,Shop_1710,17.467443,78.481679
shop,Shop_1711,17.46417,78.476691
market,Market_1712,17.463732,78.474928
market,Market_1713,17.467461,78.477061
hospital,Hospital_1714,17.461307,78.481664
bank,Bank_1715,17.45738,78.472825
bus_stop,Bus_stop_1716,17.465417,78.472614
school,School_1717,17.469351,78.468353
restaurant,Restaurant_1718,17.473597,78.47416
restaurant,Restaurant_1719,17.471377,78.478981
school,School_1720,17.461843,78.471124
market,Market_1721,17.456065,78.476593
mall,Mall_1722,17.461033,78.479803
market,Market_1723,17.461955,78.470987
market,Market_1724,17.458675,78.472851
hospital,Hospital_1725,17.457708,78.47198
shop,Shop_1726,17.462199,78.471725
market,Market_1727,17.460525,78.476457
school,School_1728,17.464273,78.474938
shop,Shop_1729,17.464687,78.469898
market,Market_1730,17.46983,78.468242
bank,Bank_1731,17.457026,78.468001
hospital,Hospital_1732,17.464384,78.466805
market,Market_1733,17.463791,78.472224
restaurant,Restaurant_1734,17.463197,78.468006
market,Market_1735,17.458215,78.468752
bank,Bank_1736,17.471801,78.475136
mall,Mall_1737,17.456438,78.469249
school,School_1738,17.465838,78.471357
market,Market_1739,17.463828,78.475475
shop,Shop_1740,17.463078,78.479934
mall,Mall_1741,17.471375,78.478021
bus_stop,Bus_stop_1742,17.464428,78.475966
market,Market_1743,17.465219,78.475993
bank,Bank_1744,17.464393,78.474612
hospital,Hospital_1745,17.465072,78.465385
shop,Shop_1746,17.465034,78.478887
shop,Shop_1747,17.456517,78.470635
market,Market_1748,17.456797,78.47779
school,School_1749,17.463834,78.475268
school,School_1750,17.465269,78.474237
bank,Bank_1751,17.461055,78.464309
bank,Bank_1752,17.461096,78.473341
bank,Bank_1753,17.461428,78.474146
restaurant,Restaurant_1754,17.460381,78.475406
market,Market_1755,17.464638,78.480769
school,School_1756,17.463081,78.472871
market,Market_1757,17.47057,78.477647
bus_stop,Bus_stop_1758,17.466698,78.470528
hospital,Hospital_1759,17.469867,78.464889
bank,Bank_1760,17.465773,78.47131
bus_stop,Bus_stop_1761,17.466692,78.475162
shop,Shop_1762,17.46601,78.472847
bank,Bank_1763,17.467687,78.474433
market,Market_1764,17.461879,78.472453
market,Market_1765,17.462972,78.47568
market,Market_1766,17.459328,78.469881
bus_stop,Bus_stop_1767,17.453969,78.476687
shop,Shop_1768,17.465644,78.472146
shop,Shop_1769,17.462744,78.466032
shop,Shop_1770,17.462481,78.472349
market,Market_1771,17.460852,78.471361
bus_stop,Bus_stop_1772,17.462517,78.465525
shop,Shop_1773,17.468988,78.480143
shop,Shop_1774,17.45824,78.467932
school,School_1775,17.454409,78.477129
market,Market_1776,17.457358,78.482391
restaurant,Restaurant_1777,17.458358,78.475882
bus_stop,Bus_stop_1778,17.463849,78.474129
school,School_1779,17.471684,78.478563
hospital,Hospital_1780,17.469581,78.471297
hospital,Hospital_1781,17.463299,78.464312
restaurant,Restaurant_1782,17.463528,78.473545
school,School_1783,17.464565,78.465915
bank,Bank_1784,17.46418,78.473506
bank,Bank_1785,17.458488,78.482303
bus_stop,Bus_stop_1786,17.459581,78.4672
bus_stop,Bus_stop_1787,17.457598,78.474419
school,School_1788,17.461716,78.473391
shop,Shop_1789,17.467219,78.466333
bank,Bank_1790,17.456177,78.476108
bank,Bank_1791,17.468222,78.479361
shop,Shop_1792,17.463248,78.477863
shop,Shop_1793,17.455203,78.476746
school,School_1794,17.470829,78.46802
hospital,Hospital_1795,17.459922,78.479187
shop,Shop_1796,17.472976,78.476293
shop,Shop_1797,17.471548,78.466705
mall,Mall_1798,17.46533,78.474687
hospital,Hospital_1799,17.466839,78.467092
school,School_1800,17.460074,78.474311
bank,Bank_1801,17.461456,78.467711
school,School_1802,17.465033,78.463023
shop,Shop_1803,17.461612,78.467423
shop,Shop_1804,17.462463,78.471524
bus_stop,Bus_stop_1805,17.349719,78.395813
bus_stop,Bus_stop_1806,17.352371,78.397018
bus_stop,Bus_stop_1807,17.352904,78.402293
restaurant,Restaurant_1808,17.34604,78.391975
school,School_1809,17.350573,78.38964
bus_stop,Bus_stop_1810,17.354834,78.402075
school,School_1811,17.349799,78.394962
bus_stop,Bus_stop_1812,17.346506,78.399525
hospital,Hospital_1813,17.351225,78.384857
school,School_1814,17.348942,78.393661
market,Market_1815,17.351574,78.389642
shop,Shop_1816,17.346026,78.388555
shop,Shop_1817,17.352138,78.389959
bank,Bank_1818,17.356781,78.391348
market,Market_1819,17.351695,78.39897
hospital,Hospital_1820,17.34793,78.394529
shop,Shop_1821,17.343979,78.399674
school,School_1822,17.352861,78.390538
mall,Mall_1823,17.344742,78.39288
mall,Mall_1824,17.349971,78.391949
school,School_1825,17.353097,78.394068
mall,Mall_1826,17.346025,78.391691
school,School_1827,17.347527,78.388171
hospital,Hospital_1828,17.348192,78.386024
bus_stop,Bus_stop_1829,17.17841,78.610784
bus_stop,Bus_stop_1830,17.177393,78.615735
hospital,Hospital_1831,17.181937,78.611206
bus_stop,Bus_stop_1832,17.18111,78.607336
market,Market_1833,17.177232,78.609065
bank,Bank_1834,17.170501,78.611244
shop,Shop_1835,17.169247,78.612941
shop,Shop_1836,17.174843,78.608067
shop,Shop_1837,17.179089,78.603973
school,School_1838,17.175877,78.605281
market,Market_1839,17.178967,78.617327
hospital,Hospital_1840,17.173819,78.607288
shop,Shop_1841,17.173998,78.610856
bank,Bank_1842,17.170168,78.604692
market,Market_1843,17.176983,78.605595
mall,Mall_1844,17.171642,78.619912
bus_stop,Bus_stop_1845,17.176492,78.607838
school,School_1846,17.17537,78.605739
bank,Bank_1847,17.175972,78.609965
hospital,Hospital_1848,17.169962,78.614561
school,School_1849,17.176393,78.612243
market,Market_1850,17.172642,78.608254
bus_stop,Bus_stop_1851,17.180812,78.605112
mall,Mall_1852,17.175304,78.61132
hospital,Hospital_1853,17.599966,78.439314
bus_stop,Bus_stop_1854,17.593922,78.435745
mall,Mall_1855,17.60262,78.422839
restaurant,Restaurant_1856,17.590309,78.422784
mall,Mall_1857,17.593532,78.440433
bus_stop,Bus_stop_1858,17.594945,78.424668
market,Market_1859,17.590772,78.427347
restaurant,Restaurant_1860,17.110086,78.481821
mall,Mall_1861,17.110594,78.491537
restaurant,Restaurant_1862,17.113604,78.48981
bank,Bank_1863,17.106818,78.499441
bank,Bank_1864,17.111914,78.487107
bank,Bank_1865,17.112101,78.489211
market,Market_1866,17.117328,78.499051
bank,Bank_1867,17.113494,78.485239
hospital,Hospital_1868,17.215495,78.555316
bus_stop,Bus_stop_1869,17.223084,78.54822
bus_stop,Bus_stop_1870,17.221495,78.5555
mall,Mall_1871,17.22554,78.553409
hospital,Hospital_1872,17.219523,78.554315
hospital,Hospital_1873,17.221601,78.54547
school,School_1874,17.222416,78.565883
restaurant,Restaurant_1875,17.225668,78.561978
hospital,Hospital_1876,17.221918,78.56751
market,Market_1877,17.222175,78.555946
bus_stop,Bus_stop_1878,17.225987,78.550326
mall,Mall_1879,17.224549,78.555676
bank,Bank_1880,17.221689,78.5573
bank,Bank_1881,17.215086,78.557617
restaurant,Restaurant_1882,17.216052,78.556994
shop,Shop_1883,17.219965,78.546215
school,School_1884,17.213327,78.553626
hospital,Hospital_1885,17.230295,78.56021
shop,Shop_1886,17.22321,78.552713
bank,Bank_1887,17.219583,78.556055
restaurant,Restaurant_1888,17.223096,78.559018
bus_stop,Bus_stop_1889,17.218042,78.564244
school,School_1890,17.218901,78.553846
market,Market_1891,17.211475,78.551798
restaurant,Restaurant_1892,17.198915,78.228164
hospital,Hospital_1893,17.20613,78.221072
hospital,Hospital_1894,17.208704,78.216852
bank,Bank_1895,17.213853,78.216303
restaurant,Restaurant_1896,17.206523,78.225774
mall,Mall_1897,17.210362,78.22214
shop,Shop_1898,17.28596,78.2112
hospital,Hospital_1899,17.285333,78.208239
mall,Mall_1900,17.282906,78.208612
hospital,Hospital_1901,17.289319,78.212957
mall,Mall_1902,17.286218,78.205459
hospital,Hospital_1903,17.283413,78.211516
bank,Bank_1904,17.289007,78.210525
market,Market_1905,17.28088,78.213799
market,Market_1906,17.28048,78.211484
school,School_1907,17.283789,78.209494
shop,Shop_1908,17.284902,78.211416
mall,Mall_1909,17.281394,78.221351
market,Market_1910,17.283128,78.213452
market,Market_1911,17.284318,78.205118
bank,Bank_1912,17.282248,78.216978
hospital,Hospital_1913,17.294588,78.208145
mall,Mall_1914,17.286282,78.211303
market,Market_1915,17.282586,78.206384
bus_stop,Bus_stop_1916,17.280759,78.211048
school,School_1917,17.286124,78.207415
restaurant,Restaurant_1918,17.285006,78.206614
mall,Mall_1919,17.290179,78.217259
shop,Shop_1920,17.288635,78.214454
hospital,Hospital_1921,17.277062,78.215923
market,Market_1922,17.288561,78.215791
restaurant,Restaurant_1923,17.279669,78.214032
shop,Shop_1924,17.285296,78.211094
mall,Mall_1925,17.285176,78.207542
shop,Shop_1926,17.287845,78.212231
school,School_1927,17.633177,78.252436
mall,Mall_1928,17.636186,78.243876
bank,Bank_1929,17.630328,78.243951
bank,Bank_1930,17.637199,78.24215
hospital,Hospital_1931,17.634288,78.244765
mall,Mall_1932,17.63499,78.241617
market,Market_1933,17.632251,78.246015
bus_stop,Bus_stop_1934,17.6357,78.246413
market,Market_1935,17.636677,78.249973
bus_stop,Bus_stop_1936,17.637772,78.249442
market,Market_1937,17.639972,78.243487
restaurant,Restaurant_1938,17.627378,78.249769
restaurant,Restaurant_1939,17.644734,78.245366
restaurant,Restaurant_1940,17.643672,78.25228
restaurant,Restaurant_1941,17.642998,78.241956
restaurant,Restaurant_1942,17.637096,78.247164
bus_stop,Bus_stop_1943,17.633886,78.25121
mall,Mall_1944,17.634184,78.246604
restaurant,Restaurant_1945,17.639316,78.243246
mall,Mall_1946,17.633442,78.246813
bank,Bank_1947,17.640018,78.246793
bank,Bank_1948,17.62717,78.245313
shop,Shop_1949,17.629556,78.248513
bank,Bank_1950,17.641496,78.253869
bus_stop,Bus_stop_1951,17.639184,78.243442
school,School_1952,17.632052,78.24668
bus_stop,Bus_stop_1953,17.634123,78.248419
bus_stop,Bus_stop_1954,17.63459,78.249292
mall,Mall_1955,17.625529,78.242925
bank,Bank_1956,17.636895,78.241802
school,School_1957,17.638411,78.254244
bank,Bank_1958,17.637341,78.253322
market,Market_1959,17.490901,78.649486
bank,Bank_1960,17.492684,78.651379
mall,Mall_1961,17.486344,78.657398
mall,Mall_1962,17.487236,78.651681
mall,Mall_1963,17.478595,78.654415
school,School_1964,17.479571,78.661017
bus_stop,Bus_stop_1965,17.492526,78.653787
hospital,Hospital_1966,17.489222,78.655252
market,Market_1967,17.476857,78.655376
hospital,Hospital_1968,17.479791,78.658242
shop,Shop_1969,17.489253,78.656591
hospital,Hospital_1970,17.485346,78.660697
restaurant,Restaurant_1971,17.485279,78.662612
school,School_1972,17.478432,78.653077
restaurant,Restaurant_1973,17.486241,78.652572
hospital,Hospital_1974,17.486818,78.661576
bus_stop,Bus_stop_1975,17.486366,78.65106
school,School_1976,17.483537,78.65327
shop,Shop_1977,17.487685,78.652861
mall,Mall_1978,17.482733,78.653153
restaurant,Restaurant_1979,17.485581,78.655859
school,School_1980,17.491363,78.651459
school,School_1981,17.485679,78.652089
school,School_1982,17.486764,78.660537
bank,Bank_1983,17.484663,78.661711
bus_stop,Bus_stop_1984,17.546234,78.550296
market,Market_1985,17.552714,78.555171
bus_stop,Bus_stop_1986,17.547491,78.55153
market,Market_1987,17.554923,78.553817
school,School_1988,17.552405,78.555611
market,Market_1989,17.54837,78.549461
bank,Bank_1990,17.551328,78.563306
mall,Mall_1991,17.550957,78.560383
restaurant,Restaurant_1992,17.550886,78.554814
mall,Mall_1993,17.549725,78.550611
restaurant,Restaurant_1994,17.545797,78.560303
bank,Bank_1995,17.548725,78.549172
hospital,Hospital_1996,17.548699,78.560426
bank,Bank_1997,17.549418,78.554178
restaurant,Restaurant_1998,17.463945,78.524545
mall,Mall_1999,17.458811,78.52047
school,School_2000,17.465976,78.513603
bus_stop,Bus_stop_2001,17.462976,78.51541
bank,Bank_2002,17.467463,78.520421
shop,Shop_2003,17.464135,78.515805
mall,Mall_2004,17.464149,78.515841
shop,Shop_2005,17.46449,78.515496
restaurant,Restaurant_2006,17.458292,78.517085
bank,Bank_2007,17.462973,78.516263
bus_stop,Bus_stop_2008,17.472852,78.514205
school,School_2009,17.464153,78.514665
bank,Bank_2010,17.471305,78.511986
shop,Shop_2011,17.462877,78.664242
market,Market_2012,17.462767,78.660739
bank,Bank_2013,17.456193,78.667227
bus_stop,Bus_stop_2014,17.465503,78.655428
bank,Bank_2015,17.460777,78.6593
market,Market_2016,17.464267,78.666384
shop,Shop_2017,17.463954,78.667591
bank,Bank_2018,17.456341,78.66823
bank,Bank_2019,17.473421,78.666524
bus_stop,Bus_stop_2020,17.462613,78.666413
restaurant,Restaurant_2021,17.462908,78.666084
bus_stop,Bus_stop_2022,17.456692,78.66567
restaurant,Restaurant_2023,17.46835,78.663531
restaurant,Restaurant_2024,17.453858,78.670534
mall,Mall_2025,17.457126,78.669332
school,School_2026,17.463185,78.664334
school,School_2027,17.463296,78.673984
hospital,Hospital_2028,17.466596,78.673692
school,School_2029,17.463708,78.667376
mall,Mall_2030,17.460668,78.665413
restaurant,Restaurant_2031,17.456049,78.660391
shop,Shop_2032,17.461159,78.670856
restaurant,Restaurant_2033,17.460706,78.664527
school,School_2034,17.647601,78.597051
bus_stop,Bus_stop_2035,17.652814,78.582432
bus_stop,Bus_stop_2036,17.6418,78.595147
hospital,Hospital_2037,17.648543,78.590328
hospital,Hospital_2038,17.649642,78.594444
market,Market_2039,17.650838,78.591358
shop,Shop_2040,17.646109,78.597842
market,Market_2041,17.658437,78.59526
restaurant,Restaurant_2042,17.653826,78.596712
restaurant,Restaurant_2043,17.648965,78.590533
mall,Mall_2044,17.657582,78.587088
market,Market_2045,17.650015,78.587388
market,Market_2046,17.649689,78.593103
hospital,Hospital_2047,17.648584,78.589682
bank,Bank_2048,17.65021,78.588925
bank,Bank_2049,17.651514,78.591296
market,Market_2050,17.652077,78.591047
market,Market_2051,17.64866,78.590654
shop,Shop_2052,17.649479,78.584418
hospital,Hospital_2053,17.658191,78.596849
hospital,Hospital_2054,17.647275,78.587737
shop,Shop_2055,17.642554,78.585356
bank,Bank_2056,17.659348,78.585975
bus_stop,Bus_stop_2057,17.648202,78.58167
school,School_2058,17.648773,78.588967
bank,Bank_2059,17.656934,78.59369
restaurant,Restaurant_2060,17.656917,78.588302
bus_stop,Bus_stop_2061,17.649843,78.590465
restaurant,Restaurant_2062,17.656875,78.587934
bus_stop,Bus_stop_2063,17.645677,78.586212
school,School_2064,17.6439,78.590834
hospital,Hospital_2065,17.650051,78.583534
school,School_2066,17.659353,78.593809
market,Market_2067,17.654595,78.592261
restaurant,Restaurant_2068,17.649807,78.590637
bus_stop,Bus_stop_2069,17.65367,78.584349
shop,Shop_2070,17.643014,78.590476
mall,Mall_2071,17.652437,78.600161
school,School_2072,17.650496,78.580235
market,Market_2073,17.651762,78.590691
market,Market_2074,17.655721,78.596357
bank,Bank_2075,17.648703,78.582815
restaurant,Restaurant_2076,17.644185,78.590247
shop,Shop_2077,17.658815,78.585342
bank,Bank_2078,17.642447,78.587241
bus_stop,Bus_stop_2079,17.648328,78.589589
bank,Bank_2080,17.655072,78.595626
hospital,Hospital_2081,17.657738,78.591599
school,School_2082,17.649613,78.590517
hospital,Hospital_2083,17.653536,78.584566
shop,Shop_2084,17.656933,78.59789
bank,Bank_2085,17.658328,78.593195
bus_stop,Bus_stop_2086,17.644747,78.584288
bank,Bank_2087,17.410947,78.895537
mall,Mall_2088,17.421102,78.897424
bank,Bank_2089,17.415278,78.893856
school,School_2090,17.417617,78.88917
school,School_2091,17.405383,78.889719
school,School_2092,17.413124,78.890753
restaurant,Restaurant_2093,17.413219,78.891086
bus_stop,Bus_stop_2094,17.406534,78.886176
school,School_2095,17.408928,78.88681
hospital,Hospital_2096,17.410266,78.889752
school,School_2097,17.413529,78.890962
restaurant,Restaurant_2098,17.412784,78.888799
mall,Mall_2099,17.41384,78.88216
school,School_2100,17.416003,78.892407
market,Market_2101,17.410947,78.88007
restaurant,Restaurant_2102,17.411274,78.88373
hospital,Hospital_2103,17.412933,78.87934
shop,Shop_2104,17.412176,78.899407
shop,Shop_2105,17.414154,78.887081
bank,Bank_2106,17.420086,78.888261
mall,Mall_2107,17.416197,78.887709
school,School_2108,17.410758,78.890419
bank,Bank_2109,17.414135,78.890052
restaurant,Restaurant_2110,17.408874,78.900547
school,School_2111,17.41338,78.890861
school,School_2112,17.404854,78.88615
bank,Bank_2113,17.406808,78.895986
bank,Bank_2114,17.410334,78.892749
shop,Shop_2115,17.420493,78.888798
bus_stop,Bus_stop_2116,17.208233,78.676883
market,Market_2117,17.20069,78.67206
bus_stop,Bus_stop_2118,17.20763,78.673412
bank,Bank_2119,17.211419,78.679331
mall,Mall_2120,17.204977,78.673098
bank,Bank_2121,17.204222,78.671862
market,Market_2122,17.223017,78.651358
school,School_2123,17.220136,78.64816
school,School_2124,17.217484,78.659859
restaurant,Restaurant_2125,17.227816,78.652632
mall,Mall_2126,17.217274,78.642154
restaurant,Restaurant_2127,17.219895,78.651622
shop,Shop_2128,17.22448,78.650918
bank,Bank_2129,17.215085,78.651335
shop,Shop_2130,17.223373,78.650584
bank,Bank_2131,17.223696,78.6515
market,Market_2132,17.230511,78.652059
mall,Mall_2133,17.220207,78.654782
bus_stop,Bus_stop_2134,17.225238,78.661356
mall,Mall_2135,17.224978,78.645213
shop,Shop_2136,17.226697,78.651497
mall,Mall_2137,17.222652,78.65297
hospital,Hospital_2138,17.223887,78.650795
shop,Shop_2139,17.223986,78.653549
mall,Mall_2140,17.224561,78.642277
shop,Shop_2141,17.220186,78.642855
restaurant,Restaurant_2142,17.217381,78.652152
mall,Mall_2143,17.227741,78.649454
bank,Bank_2144,17.298873,78.499889
school,School_2145,17.300179,78.489368
school,School_2146,17.30203,78.497989
hospital,Hospital_2147,17.292529,78.496491
bank,Bank_2148,17.303549,78.500415
shop,Shop_2149,17.299616,78.494193
hospital,Hospital_2150,17.287765,78.49723
bus_stop,Bus_stop_2151,17.297442,78.493921
hospital,Hospital_2152,17.303598,78.503188
bank,Bank_2153,17.306197,78.494051
shop,Shop_2154,17.729039,78.509166
restaurant,Restaurant_2155,17.736507,78.508568
school,School_2156,17.721953,78.518453
bank,Bank_2157,17.727388,78.519001
restaurant,Restaurant_2158,17.724725,78.5125
shop,Shop_2159,17.733977,78.51943
market,Market_2160,17.720535,78.515952
mall,Mall_2161,17.726213,78.525087
school,School_2162,17.727041,78.517598
market,Market_2163,17.729552,78.512445
bus_stop,Bus_stop_2164,17.728391,78.513578
shop,Shop_2165,17.720728,78.511315
school,School_2166,17.722997,78.521002
hospital,Hospital_2167,17.732204,78.506189
shop,Shop_2168,17.730884,78.520753
hospital,Hospital_2169,17.723485,78.512562
hospital,Hospital_2170,17.732146,78.514552
mall,Mall_2171,17.723366,78.505206
market,Market_2172,17.721784,78.521408
school,School_2173,17.727136,78.515445
bus_stop,Bus_stop_2174,17.735811,78.516425
hospital,Hospital_2175,17.731876,78.513084
school,School_2176,17.359801,78.498485
restaurant,Restaurant_2177,17.352176,78.494835
shop,Shop_2178,17.355657,78.510907
mall,Mall_2179,17.355755,78.500264
hospital,Hospital_2180,17.349747,78.497643
bus_stop,Bus_stop_2181,17.352508,78.503588
bank,Bank_2182,17.356186,78.504797
restaurant,Restaurant_2183,17.35355,78.502503
bus_stop,Bus_stop_2184,17.359842,78.501752
hospital,Hospital_2185,17.356317,78.505076
bank,Bank_2186,17.229305,78.629738
school,School_2187,17.218351,78.62154
market,Market_2188,17.228888,78.62372
shop,Shop_2189,17.234235,78.628706
restaurant,Restaurant_2190,17.226083,78.626399
market,Market_2191,17.227247,78.626259
hospital,Hospital_2192,17.22903,78.636142
shop,Shop_2193,17.226839,78.627174
restaurant,Restaurant_2194,17.230735,78.62752
mall,Mall_2195,17.224714,78.633772
bank,Bank_2196,17.220958,78.630902
mall,Mall_2197,17.22981,78.620158
bus_stop,Bus_stop_2198,17.227871,78.634867
bus_stop,Bus_stop_2199,17.230594,78.632521
market,Market_2200,17.235682,78.627635
mall,Mall_2201,17.231397,78.61936
school,School_2202,17.233244,78.624985
bus_stop,Bus_stop_2203,17.221077,78.630049
mall,Mall_2204,17.228588,78.626729
mall,Mall_2205,17.228217,78.625229
school,School_2206,17.402953,78.643352
restaurant,Restaurant_2207,17.394223,78.63685
restaurant,Restaurant_2208,17.393905,78.634993
shop,Shop_2209,17.389393,78.639421
school,School_2210,17.388518,78.636436
restaurant,Restaurant_2211,17.612387,78.250639
restaurant,Restaurant_2212,17.613606,78.24768
school,School_2213,17.611669,78.251549
bus_stop,Bus_stop_2214,17.61348,78.2496
market,Market_2215,17.605938,78.24361
bus_stop,Bus_stop_2216,17.621847,78.248713
mall,Mall_2217,17.615141,78.236746
market,Market_2218,17.613443,78.254192
market,Market_2219,17.611193,78.240167
shop,Shop_2220,17.608904,78.253484
market,Market_2221,17.618802,78.247488
hospital,Hospital_2222,17.611316,78.247276
mall,Mall_2223,17.613218,78.246566
bank,Bank_2224,17.623055,78.244509
mall,Mall_2225,17.617202,78.248599
mall,Mall_2226,17.616485,78.24199
bus_stop,Bus_stop_2227,17.613036,78.249999
school,School_2228,17.610031,78.241441
mall,Mall_2229,17.606121,78.242906
market,Market_2230,17.619125,78.248685
shop,Shop_2231,17.615599,78.243259
market,Market_2232,17.613703,78.24799
bus_stop,Bus_stop_2233,17.27626,78.574225
restaurant,Restaurant_2234,17.274761,78.575129
restaurant,Restaurant_2235,17.276707,78.574382
bus_stop,Bus_stop_2236,17.275876,78.572645
market,Market_2237,17.276191,78.56977
bank,Bank_2238,17.269317,78.571061
mall,Mall_2239,17.26898,78.573321
market,Market_2240,17.279049,78.578172
bank,Bank_2241,17.265754,78.577887
market,Market_2242,17.275855,78.585924
market,Market_2243,17.272033,78.57914
market,Market_2244,17.278408,78.575649
market,Market_2245,17.275096,78.573948
shop,Shop_2246,17.270626,78.574716
bank,Bank_2247,17.269806,78.581211
market,Market_2248,17.2751,78.579347
hospital,Hospital_2249,17.275697,78.567825
shop,Shop_2250,17.280113,78.577282
shop,Shop_2251,17.274581,78.576836
market,Market_2252,17.281716,78.567703
school,School_2253,17.275055,78.57671
mall,Mall_2254,17.275286,78.570241
hospital,Hospital_2255,17.282744,78.574661
mall,Mall_2256,17.275027,78.575267
bus_stop,Bus_stop_2257,17.271589,78.573861
hospital,Hospital_2258,17.274762,78.573588
bus_stop,Bus_stop_2259,17.274115,78.571748
hospital,Hospital_2260,17.278169,78.573098
mall,Mall_2261,17.2808,78.575961
restaurant,Restaurant_2262,17.269586,78.571353
hospital,Hospital_2263,17.278488,78.572265
mall,Mall_2264,17.277377,78.580631
restaurant,Restaurant_2265,17.273256,78.573668
hospital,Hospital_2266,17.328586,78.252407
school,School_2267,17.330967,78.247943
mall,Mall_2268,17.335172,78.248837
mall,Mall_2269,17.328749,78.2511
restaurant,Restaurant_2270,17.329101,78.255469
market,Market_2271,17.335302,78.248051
hospital,Hospital_2272,17.325327,78.255321
restaurant,Restaurant_2273,17.322626,78.250004
school,School_2274,17.339312,78.248645
hospital,Hospital_2275,17.3373,78.253875
school,School_2276,17.331973,78.251675
market,Market_2277,17.328522,78.25143
mall,Mall_2278,17.336297,78.254485
restaurant,Restaurant_2279,17.328954,78.248564
restaurant,Restaurant_2280,17.328085,78.243803
mall,Mall_2281,17.330207,78.248981
bus_stop,Bus_stop_2282,17.328734,78.25301
hospital,Hospital_2283,17.333432,78.251396
bank,Bank_2284,17.324658,78.242844
school,School_2285,17.331637,78.246752
bank,Bank_2286,17.252465,78.437384
hospital,Hospital_2287,17.26309,78.434778
shop,Shop_2288,17.264489,78.436253
shop,Shop_2289,17.265307,78.434749
bank,Bank_2290,17.269581,78.434686
bus_stop,Bus_stop_2291,17.266304,78.425439
restaurant,Restaurant_2292,17.257711,78.433531
hospital,Hospital_2293,17.252989,78.434647
mall,Mall_2294,17.258544,78.42978
mall,Mall_2295,17.260867,78.433025
bank,Bank_2296,17.261874,78.433849
bus_stop,Bus_stop_2297,17.260589,78.433635
school,School_2298,17.571099,78.45349
mall,Mall_2299,17.563432,78.446693
shop,Shop_2300,17.558874,78.459997
shop,Shop_2301,17.569889,78.458623
bank,Bank_2302,17.571644,78.443361
mall,Mall_2303,17.552716,78.447531
hospital,Hospital_2304,17.571877,78.44474
hospital,Hospital_2305,17.566859,78.446064
bank,Bank_2306,17.571667,78.447318
mall,Mall_2307,17.564741,78.44192
hospital,Hospital_2308,17.559149,78.443944
bus_stop,Bus_stop_2309,17.559019,78.457419
hospital,Hospital_2310,17.554269,78.455136
restaurant,Restaurant_2311,17.561071,78.453452
hospital,Hospital_2312,17.567531,78.447293
mall,Mall_2313,17.557625,78.458481
mall,Mall_2314,17.560354,78.456249
hospital,Hospital_2315,17.636665,78.481105
bus_stop,Bus_stop_2316,17.634994,78.494752
school,School_2317,17.630481,78.487573
market,Market_2318,17.6267,78.48323
hospital,Hospital_2319,17.634258,78.493061
hospital,Hospital_2320,17.631962,78.488249
mall,Mall_2321,17.630109,78.489672
restaurant,Restaurant_2322,17.631668,78.487425
school,School_2323,17.289649,78.492669
market,Market_2324,17.292088,78.490679
restaurant,Restaurant_2325,17.282662,78.492915
shop,Shop_2326,17.30143,78.490503
hospital,Hospital_2327,17.292907,78.494421
hospital,Hospital_2328,17.292542,78.490928
mall,Mall_2329,17.29503,78.488772
mall,Mall_2330,17.295693,78.492869
bus_stop,Bus_stop_2331,17.285595,78.495382
market,Market_2332,17.300703,78.492465
school,School_2333,17.296988,78.500873
market,Market_2334,17.292453,78.490404
mall,Mall_2335,17.286929,78.492565
mall,Mall_2336,17.2961,78.483829
bus_stop,Bus_stop_2337,17.292134,78.48948
restaurant,Restaurant_2338,17.292118,78.484898
hospital,Hospital_2339,17.300594,78.491202
market,Market_2340,17.297536,78.488456
bank,Bank_2341,17.298068,78.481284
hospital,Hospital_2342,17.300352,78.487551
school,School_2343,17.282563,78.490492
hospital,Hospital_2344,17.283359,78.490158
school,School_2345,17.286679,78.495109
restaurant,Restaurant_2346,17.285871,78.498452
restaurant,Restaurant_2347,17.293721,78.498424
market,Market_2348,17.285822,78.486495
shop,Shop_2349,17.480786,78.600389
shop,Shop_2350,17.48101,78.602107
bus_stop,Bus_stop_2351,17.475917,78.608104
bank,Bank_2352,17.478256,78.593908
bus_stop,Bus_stop_2353,17.482323,78.600088
hospital,Hospital_2354,17.487501,78.59757
bus_stop,Bus_stop_2355,17.474668,78.604877
mall,Mall_2356,17.474425,78.602781
shop,Shop_2357,17.480946,78.601359
mall,Mall_2358,17.486024,78.602815
hospital,Hospital_2359,17.475046,78.595553
bus_stop,Bus_stop_2360,17.487305,78.607362
restaurant,Restaurant_2361,17.481291,78.59984
hospital,Hospital_2362,17.471301,78.597594
mall,Mall_2363,17.486903,78.594865
bus_stop,Bus_stop_2364,17.483723,78.598982
bus_stop,Bus_stop_2365,17.485242,78.608044
hospital,Hospital_2366,17.356674,78.41397
shop,Shop_2367,17.357713,78.417149
shop,Shop_2368,17.353899,78.411047
restaurant,Restaurant_2369,17.357212,78.418341
bus_stop,Bus_stop_2370,17.368338,78.411744
bank,Bank_2371,17.35806,78.406402
bus_stop,Bus_stop_2372,17.354793,78.414878
school,School_2373,17.360916,78.419639
mall,Mall_2374,17.367414,78.421159
bus_stop,Bus_stop_2375,17.360273,78.427221
hospital,Hospital_2376,17.355891,78.420008
shop,Shop_2377,17.351374,78.416334
school,School_2378,17.368965,78.414824
shop,Shop_2379,17.360201,78.418234
shop,Shop_2380,17.359277,78.418878
shop,Shop_2381,17.36156,78.416226
restaurant,Restaurant_2382,17.360738,78.417001
bank,Bank_2383,17.360561,78.41639
shop,Shop_2384,17.357354,78.4168
shop,Shop_2385,17.358916,78.417726
school,School_2386,17.360309,78.416139
hospital,Hospital_2387,17.355587,78.416979
bank,Bank_2388,17.352916,78.420718
mall,Mall_2389,17.359133,78.422678
restaurant,Restaurant_2390,17.361958,78.413496
hospital,Hospital_2391,17.365047,78.411367
shop,Shop_2392,17.361055,78.414935
market,Market_2393,17.361543,78.41792
shop,Shop_2394,17.351635,78.414163
hospital,Hospital_2395,17.353744,78.422734
shop,Shop_2396,17.360912,78.410275
bus_stop,Bus_stop_2397,17.363899,78.422879
school,School_2398,17.523011,78.532007
bank,Bank_2399,17.525408,78.53758
market,Market_2400,17.519959,78.531887
hospital,Hospital_2401,17.517472,78.532658
bank,Bank_2402,17.51232,78.523364
bank,Bank_2403,17.515281,78.527944
school,School_2404,17.526984,78.533493
shop,Shop_2405,17.512627,78.524237
hospital,Hospital_2406,17.51833,78.531945
hospital,Hospital_2407,17.519537,78.532016
shop,Shop_2408,17.513528,78.53368
hospital,Hospital_2409,17.522146,78.5284
shop,Shop_2410,17.518999,78.528987
shop,Shop_2411,17.523311,78.524143
hospital,Hospital_2412,17.518708,78.542158
mall,Mall_2413,17.514116,78.531327
restaurant,Restaurant_2414,17.510431,78.528367
market,Market_2415,17.515954,78.531008
bus_stop,Bus_stop_2416,17.527047,78.535389
bank,Bank_2417,17.518449,78.540623
hospital,Hospital_2418,17.520507,78.529264
shop,Shop_2419,17.513834,78.531109
bank,Bank_2420,17.518329,78.531325
restaurant,Restaurant_2421,17.520457,78.5321
bus_stop,Bus_stop_2422,17.523465,78.540136
market,Market_2423,17.52679,78.532155
bank,Bank_2424,17.515664,78.528582
school,School_2425,17.518074,78.535911
school,School_2426,17.518339,78.53123
school,School_2427,17.514587,78.527548
market,Market_2428,17.520345,78.531781
restaurant,Restaurant_2429,17.519032,78.531431
school,School_2430,17.518631,78.531941
bus_stop,Bus_stop_2431,17.262739,78.130678
bus_stop,Bus_stop_2432,17.264206,78.134735
hospital,Hospital_2433,17.263141,78.128924
bank,Bank_2434,17.253873,78.125785
bank,Bank_2435,17.266745,78.139465
restaurant,Restaurant_2436,17.26371,78.12467
bus_stop,Bus_stop_2437,17.263815,78.130297
mall,Mall_2438,17.260497,78.128821
school,School_2439,17.26396,78.126355
hospital,Hospital_2440,17.262614,78.14071
shop,Shop_2441,17.263891,78.13363
school,School_2442,17.262552,78.12958
restaurant,Restaurant_2443,17.260324,78.126134
school,School_2444,17.26247,78.129627
shop,Shop_2445,17.264057,78.124252
market,Market_2446,17.262975,78.13049
mall,Mall_2447,17.254813,78.129473
bus_stop,Bus_stop_2448,17.26761,78.134917
shop,Shop_2449,17.260092,78.1353
bus_stop,Bus_stop_2450,17.258353,78.136526
bus_stop,Bus_stop_2451,17.259675,78.127108
school,School_2452,17.267415,78.13898
bank,Bank_2453,17.261415,78.129689
hospital,Hospital_2454,17.259531,78.138102
restaurant,Restaurant_2455,17.255108,78.131707
bank,Bank_2456,17.265229,78.135267
restaurant,Restaurant_2457,17.262102,78.129208
market,Market_2458,17.265312,78.130767
restaurant,Restaurant_2459,17.254432,78.122044
bus_stop,Bus_stop_2460,17.270191,78.123577
restaurant,Restaurant_2461,17.265391,78.137565
restaurant,Restaurant_2462,17.62058,78.215296
bus_stop,Bus_stop_2463,17.629016,78.212473
shop,Shop_2464,17.623494,78.204898
bank,Bank_2465,17.621462,78.219119
hospital,Hospital_2466,17.62801,78.212424
mall,Mall_2467,17.623516,78.215495
market,Market_2468,17.629413,78.216238
mall,Mall_2469,17.622211,78.21514
bus_stop,Bus_stop_2470,17.618647,78.214923
shop,Shop_2471,17.615723,78.210377
bank,Bank_2472,17.614121,78.212442
bank,Bank_2473,17.627518,78.211332
school,School_2474,17.623591,78.224268
mall,Mall_2475,17.623457,78.214758
bank,Bank_2476,17.622851,78.213384
shop,Shop_2477,17.620008,78.21254
restaurant,Restaurant_2478,17.622304,78.21859
restaurant,Restaurant_2479,17.620599,78.210831
bank,Bank_2480,17.624815,78.214511
shop,Shop_2481,17.410805,78.3986
bus_stop,Bus_stop_2482,17.409179,78.402152
school,School_2483,17.408255,78.415722
school,School_2484,17.412254,78.404291
hospital,Hospital_2485,17.412058,78.405036
restaurant,Restaurant_2486,17.165448,78.453969
bus_stop,Bus_stop_2487,17.166916,78.464368
shop,Shop_2488,17.173087,78.450809
restaurant,Restaurant_2489,17.167175,78.450579
bank,Bank_2490,17.168148,78.444712
school,School_2491,17.171356,78.454994
bank,Bank_2492,17.164271,78.45443
shop,Shop_2493,17.169899,78.455083
restaurant,Restaurant_2494,17.170938,78.454803
bus_stop,Bus_stop_2495,17.167857,78.462057
market,Market_2496,17.174223,78.450086
bank,Bank_2497,17.169877,78.458323
hospital,Hospital_2498,17.164399,78.450754
school,School_2499,17.170592,78.454967
market,Market_2500,17.172626,78.458748
market,Market_2501,17.174959,78.461961
restaurant,Restaurant_2502,17.170074,78.457799
shop,Shop_2503,17.167109,78.454453
bank,Bank_2504,17.175402,78.449267
school,School_2505,17.173234,78.451828
hospital,Hospital_2506,17.16557,78.465085
bus_stop,Bus_stop_2507,17.178748,78.454686
market,Market_2508,17.168362,78.448803
restaurant,Restaurant_2509,17.171376,78.452085
bus_stop,Bus_stop_2510,17.176587,78.455959
restaurant,Restaurant_2511,17.179716,78.45437
school,School_2512,17.171103,78.444887
bank,Bank_2513,17.173213,78.458156
bank,Bank_2514,17.168814,78.456591
bank,Bank_2515,17.164539,78.460263
bank,Bank_2516,17.169112,78.453506
mall,Mall_2517,17.163035,78.460594
restaurant,Restaurant_2518,17.164548,78.454099
restaurant,Restaurant_2519,17.167146,78.457342
bus_stop,Bus_stop_2520,17.179542,78.457195
school,School_2521,17.169492,78.463308
market,Market_2522,17.163866,78.451618
hospital,Hospital_2523,17.170864,78.456062
market,Market_2524,17.169667,78.456179
bus_stop,Bus_stop_2525,17.165041,78.459414
restaurant,Restaurant_2526,17.176454,78.455527
restaurant,Restaurant_2527,17.168319,78.455424
restaurant,Restaurant_2528,17.162726,78.452168
bus_stop,Bus_stop_2529,17.165896,78.461143
hospital,Hospital_2530,17.176734,78.450292
bus_stop,Bus_stop_2531,17.163746,78.459054
shop,Shop_2532,17.163492,78.458463
bus_stop,Bus_stop_2533,17.180767,78.454769
restaurant,Restaurant_2534,17.176102,78.459269
hospital,Hospital_2535,17.165763,78.450307
market,Market_2536,17.172783,78.455496
mall,Mall_2537,17.177086,78.461179
hospital,Hospital_2538,17.167547,78.447426
shop,Shop_2539,17.174568,78.445896
mall,Mall_2540,17.168453,78.461133
school,School_2541,17.174121,78.451807
restaurant,Restaurant_2542,17.169928,78.454716
bus_stop,Bus_stop_2543,17.170442,78.447088
mall,Mall_2544,17.175248,78.464816
shop,Shop_2545,17.167807,78.446312
shop,Shop_2546,17.170809,78.446009
restaurant,Restaurant_2547,17.177442,78.461736
bank,Bank_2548,17.174981,78.450085
mall,Mall_2549,17.168989,78.456457
bank,Bank_2550,17.17482,78.452495
market,Market_2551,17.175776,78.448792
market,Market_2552,17.180434,78.456001
bus_stop,Bus_stop_2553,17.168089,78.450445
school,School_2554,17.173811,78.465025
school,School_2555,17.162342,78.45467
mall,Mall_2556,17.165449,78.453847
hospital,Hospital_2557,17.167048,78.44486
market,Market_2558,17.167406,78.448033
hospital,Hospital_2559,17.169041,78.445874
restaurant,Restaurant_2560,17.176753,78.460573
restaurant,Restaurant_2561,17.170539,78.455131
restaurant,Restaurant_2562,17.166494,78.459449
shop,Shop_2563,17.17286,78.452736
mall,Mall_2564,17.179668,78.455737
restaurant,Restaurant_2565,17.17814,78.458231
hospital,Hospital_2566,17.172891,78.453915
restaurant,Restaurant_2567,17.168873,78.455397
hospital,Hospital_2568,17.169839,78.460319
bus_stop,Bus_stop_2569,17.173033,78.457797
market,Market_2570,17.171632,78.454097
shop,Shop_2571,17.170745,78.456076
shop,Shop_2572,17.173653,78.45448
restaurant,Restaurant_2573,17.166746,78.449519
hospital,Hospital_2574,17.166493,78.454011
shop,Shop_2575,17.170148,78.455053
market,Market_2576,17.171111,78.454539
school,School_2577,17.173335,78.453908
shop,Shop_2578,17.170211,78.455426
school,School_2579,17.169808,78.45505
hospital,Hospital_2580,17.163842,78.451915
bank,Bank_2581,17.177053,78.46411
market,Market_2582,17.160227,78.456162
shop,Shop_2583,17.169581,78.446353
bus_stop,Bus_stop_2584,17.164472,78.454529
market,Market_2585,17.16312,78.455741
mall,Mall_2586,17.165339,78.450412
restaurant,Restaurant_2587,17.170119,78.45081
restaurant,Restaurant_2588,17.175672,78.445334
school,School_2589,17.177177,78.459529
hospital,Hospital_2590,17.1788,78.454752
restaurant,Restaurant_2591,17.169626,78.454257
school,School_2592,17.177778,78.451468
shop,Shop_2593,17.171583,78.453325
bus_stop,Bus_stop_2594,17.171724,78.454597
bus_stop,Bus_stop_2595,17.164139,78.450768
school,School_2596,17.167044,78.454452
hospital,Hospital_2597,17.173973,78.449502
shop,Shop_2598,17.171122,78.455055
bank,Bank_2599,17.169094,78.450595
school,School_2600,17.167924,78.457156
bank,Bank_2601,17.175549,78.45651
restaurant,Restaurant_2602,17.163429,78.457487
mall,Mall_2603,17.173992,78.457296
restaurant,Restaurant_2604,17.169644,78.449583
shop,Shop_2605,17.172495,78.463029
school,School_2606,17.16311,78.452527
mall,Mall_2607,17.17134,78.445793
market,Market_2608,17.170836,78.456831
school,School_2609,17.17072,78.454632
bus_stop,Bus_stop_2610,17.168358,78.456592
bus_stop,Bus_stop_2611,17.172331,78.464898
school,School_2612,17.173366,78.454767
market,Market_2613,17.166991,78.457926
restaurant,Restaurant_2614,17.165653,78.462425
restaurant,Restaurant_2615,17.166248,78.455008
restaurant,Restaurant_2616,17.17282,78.466172
bus_stop,Bus_stop_2617,17.171759,78.454985
school,School_2618,17.173763,78.454216
market,Market_2619,17.17125,78.45579
mall,Mall_2620,17.173029,78.449555
mall,Mall_2621,17.179896,78.449493
mall,Mall_2622,17.170745,78.454976
school,School_2623,17.170428,78.458419
hospital,Hospital_2624,17.380906,78.31483
bus_stop,Bus_stop_2625,17.379922,78.314808
shop,Shop_2626,17.385036,78.32343
school,School_2627,17.388174,78.322778
mall,Mall_2628,17.387825,78.313339
mall,Mall_2629,17.389564,78.325197
hospital,Hospital_2630,17.387116,78.314434
bank,Bank_2631,17.384556,78.320115
hospital,Hospital_2632,17.38545,78.320703
restaurant,Restaurant_2633,17.386386,78.323033
restaurant,Restaurant_2634,17.384619,78.316472
restaurant,Restaurant_2635,17.37932,78.316961
hospital,Hospital_2636,17.387862,78.327059
bus_stop,Bus_stop_2637,17.393672,78.326715
restaurant,Restaurant_2638,17.385527,78.321485
restaurant,Restaurant_2639,17.376502,78.325397
mall,Mall_2640,17.384092,78.318141
shop,Shop_2641,17.286334,78.582782
market,Market_2642,17.289056,78.580623
market,Market_2643,17.290468,78.579945
bank,Bank_2644,17.297731,78.57384
mall,Mall_2645,17.298326,78.577491
school,School_2646,17.29524,78.577161
restaurant,Restaurant_2647,17.296242,78.577478
shop,Shop_2648,17.281858,78.581718
mall,Mall_2649,17.291203,78.579659
hospital,Hospital_2650,17.285766,78.579201
mall,Mall_2651,17.287108,78.580731
restaurant,Restaurant_2652,17.287158,78.580547
shop,Shop_2653,17.29306,78.583022
hospital,Hospital_2654,17.654151,78.552037
bank,Bank_2655,17.653928,78.553745
school,School_2656,17.651941,78.555173
hospital,Hospital_2657,17.650726,78.549406
bank,Bank_2658,17.649876,78.558888
bank,Bank_2659,17.654555,78.559652
hospital,Hospital_2660,17.723646,78.280132
school,School_2661,17.722271,78.279336
market,Market_2662,17.723276,78.279831
restaurant,Restaurant_2663,17.721849,78.277623
shop,Shop_2664,17.722442,78.279983
restaurant,Restaurant_2665,17.723608,78.280505
bus_stop,Bus_stop_2666,17.724208,78.283487
market,Market_2667,17.719899,78.271213
shop,Shop_2668,17.718951,78.2879
shop,Shop_2669,17.723583,78.279315
bus_stop,Bus_stop_2670,17.720919,78.280966
bus_stop,Bus_stop_2671,17.721226,78.276023
shop,Shop_2672,17.725484,78.281919
bus_stop,Bus_stop_2673,17.726308,78.281123
shop,Shop_2674,17.725358,78.26877
mall,Mall_2675,17.723512,78.278587
bank,Bank_2676,17.719257,78.280769
bank,Bank_2677,17.726172,78.270622
bank,Bank_2678,17.729397,78.283569
restaurant,Restaurant_2679,17.719945,78.278804
restaurant,Restaurant_2680,17.728425,78.289463
school,School_2681,17.722969,78.28697
mall,Mall_2682,17.725246,78.278297
bus_stop,Bus_stop_2683,17.725714,78.290662
bus_stop,Bus_stop_2684,17.723113,78.268852
restaurant,Restaurant_2685,17.723762,78.27982
bank,Bank_2686,17.724428,78.278868
bus_stop,Bus_stop_2687,17.724329,78.278587
restaurant,Restaurant_2688,17.726358,78.27982
bus_stop,Bus_stop_2689,17.724347,78.290076
market,Market_2690,17.723975,78.280197
shop,Shop_2691,17.729887,78.285917
school,School_2692,17.727666,78.284125
market,Market_2693,17.726983,78.288357
bank,Bank_2694,17.718171,78.277658
bank,Bank_2695,17.732292,78.273434
restaurant,Restaurant_2696,17.725069,78.274752
bank,Bank_2697,17.723751,78.28014
shop,Shop_2698,17.728258,78.280966
hospital,Hospital_2699,17.726855,78.275683
bank,Bank_2700,17.728635,78.281575
mall,Mall_2701,17.720574,78.270153
hospital,Hospital_2702,17.723564,78.272965
school,School_2703,17.724384,78.284393
shop,Shop_2704,17.724388,78.288837
hospital,Hospital_2705,17.732121,78.285042
bank,Bank_2706,17.718752,78.282438
bank,Bank_2707,17.72747,78.280819
shop,Shop_2708,17.7276,78.281711
restaurant,Restaurant_2709,17.722926,78.280237
restaurant,Restaurant_2710,17.718769,78.277264
bus_stop,Bus_stop_2711,17.721467,78.282902
school,School_2712,17.723387,78.281864
market,Market_2713,17.73034,78.27291
bank,Bank_2714,17.325928,78.554462
hospital,Hospital_2715,17.319979,78.557476
hospital,Hospital_2716,17.316584,78.558781
mall,Mall_2717,17.31622,78.557278
hospital,Hospital_2718,17.326631,78.56519
mall,Mall_2719,17.315536,78.55165
shop,Shop_2720,17.322426,78.562898
hospital,Hospital_2721,17.313367,78.565708
market,Market_2722,17.3147,78.556585
market,Market_2723,17.324172,78.558358
restaurant,Restaurant_2724,17.319043,78.558586
market,Market_2725,17.32085,78.557651
bus_stop,Bus_stop_2726,17.32111,78.565049
market,Market_2727,17.317095,78.556829
restaurant,Restaurant_2728,17.319918,78.556901
restaurant,Restaurant_2729,17.312457,78.567775
bus_stop,Bus_stop_2730,17.318069,78.551059
bank,Bank_2731,17.318208,78.561466
school,School_2732,17.325432,78.564282
hospital,Hospital_2733,17.318936,78.550057
school,School_2734,17.317037,78.558963
bank,Bank_2735,17.318635,78.566607
restaurant,Restaurant_2736,17.309836,78.557307
hospital,Hospital_2737,17.315663,78.555057
bank,Bank_2738,17.324203,78.551394
hospital,Hospital_2739,17.31614,78.561991
school,School_2740,17.317353,78.56488
bank,Bank_2741,17.319679,78.568806
shop,Shop_2742,17.31129,78.557085
restaurant,Restaurant_2743,17.316476,78.557468
market,Market_2744,17.318559,78.551305
mall,Mall_2745,17.4714,78.339747
mall,Mall_2746,17.469956,78.335125
bus_stop,Bus_stop_2747,17.468199,78.34446
restaurant,Restaurant_2748,17.466192,78.337799
restaurant,Restaurant_2749,17.461317,78.337813
school,School_2750,17.469632,78.336394
market,Market_2751,17.468869,78.337506
restaurant,Restaurant_2752,17.4702,78.337452
mall,Mall_2753,17.477445,78.335584
bus_stop,Bus_stop_2754,17.470433,78.338612
hospital,Hospital_2755,17.464917,78.331563
bank,Bank_2756,17.473767,78.338271
hospital,Hospital_2757,17.466862,78.34484
market,Market_2758,17.468981,78.336827
bus_stop,Bus_stop_2759,17.474315,78.335479
bus_stop,Bus_stop_2760,17.477075,78.33834
bus_stop,Bus_stop_2761,17.475778,78.341267
school,School_2762,17.468228,78.330064
school,School_2763,17.464136,78.335867
bank,Bank_2764,17.468572,78.338514
restaurant,Restaurant_2765,17.47464,78.331523
shop,Shop_2766,17.474956,78.337273
restaurant,Restaurant_2767,17.466971,78.336242
school,School_2768,17.468558,78.334942
bank,Bank_2769,17.468365,78.336834
mall,Mall_2770,17.468852,78.335954
bus_stop,Bus_stop_2771,17.471433,78.338736
hospital,Hospital_2772,17.470806,78.341648
bus_stop,Bus_stop_2773,17.466602,78.339554
bank,Bank_2774,17.469347,78.343314
bus_stop,Bus_stop_2775,17.469178,78.329916
bus_stop,Bus_stop_2776,17.467737,78.335508
bus_stop,Bus_stop_2777,17.475862,78.340299
bank,Bank_2778,17.474091,78.342776
bank,Bank_2779,17.473253,78.333789
school,School_2780,17.475055,78.329479
mall,Mall_2781,17.466833,78.333752
bank,Bank_2782,17.469174,78.337703
school,School_2783,17.622121,78.482541
market,Market_2784,17.611756,78.490261
bus_stop,Bus_stop_2785,17.62762,78.482185
bank,Bank_2786,17.621023,78.490659
market,Market_2787,17.626191,78.486829
restaurant,Restaurant_2788,17.617395,78.49489
restaurant,Restaurant_2789,17.624119,78.486493
market,Market_2790,17.623106,78.485265
hospital,Hospital_2791,17.624413,78.493754
school,School_2792,17.61658,78.476176
bus_stop,Bus_stop_2793,17.627343,78.483169
market,Market_2794,17.623578,78.489544
market,Market_2795,17.619078,78.482896
restaurant,Restaurant_2796,17.618739,78.492061
shop,Shop_2797,17.615411,78.489052
school,School_2798,17.614409,78.485725
market,Market_2799,17.621005,78.486021
shop,Shop_2800,17.622103,78.49332
bus_stop,Bus_stop_2801,17.624209,78.488923
market,Market_2802,17.620667,78.486203
mall,Mall_2803,17.622527,78.487179
hospital,Hospital_2804,17.620954,78.486534
bus_stop,Bus_stop_2805,17.618024,78.483256
school,School_2806,17.619887,78.480053
restaurant,Restaurant_2807,17.620599,78.486014
hospital,Hospital_2808,17.620998,78.487572
school,School_2809,17.61846,78.494688
restaurant,Restaurant_2810,17.624599,78.484127
shop,Shop_2811,17.615493,78.486666
bus_stop,Bus_stop_2812,17.622435,78.490087
mall,Mall_2813,17.630454,78.481846
bank,Bank_2814,17.611762,78.490963
hospital,Hospital_2815,17.62914,78.484142
school,School_2816,17.616571,78.478601
bank,Bank_2817,17.621684,78.486237
hospital,Hospital_2818,17.6207,78.489857
bus_stop,Bus_stop_2819,17.614524,78.479671
shop,Shop_2820,17.620589,78.484374
restaurant,Restaurant_2821,17.450411,78.719864
mall,Mall_2822,17.448999,78.715444
bank,Bank_2823,17.449799,78.71025
shop,Shop_2824,17.458114,78.706473
market,Market_2825,17.447066,78.714696
mall,Mall_2826,17.451463,78.722932
bank,Bank_2827,17.451941,78.715979
bus_stop,Bus_stop_2828,17.457331,78.72185
bank,Bank_2829,17.45172,78.713248
hospital,Hospital_2830,17.452265,78.712998
mall,Mall_2831,17.450913,78.705246
hospital,Hospital_2832,17.451613,78.717109
market,Market_2833,17.444308,78.716127
bus_stop,Bus_stop_2834,17.446681,78.721981
bank,Bank_2835,17.458104,78.722747
market,Market_2836,17.444101,78.722977
bus_stop,Bus_stop_2837,17.445666,78.708456
school,School_2838,17.448476,78.710773
bank,Bank_2839,17.451687,78.713553
school,School_2840,17.450409,78.715559
hospital,Hospital_2841,17.394776,78.726252
hospital,Hospital_2842,17.39365,78.709944
hospital,Hospital_2843,17.390806,78.711747
bus_stop,Bus_stop_2844,17.394609,78.717708
bank,Bank_2845,17.400623,78.722747
shop,Shop_2846,17.39442,78.714427
bus_stop,Bus_stop_2847,17.392707,78.724382
hospital,Hospital_2848,17.15205,78.49348
school,School_2849,17.154312,78.496202
bus_stop,Bus_stop_2850,17.148641,78.497633
mall,Mall_2851,17.158199,78.492181
restaurant,Restaurant_2852,17.151799,78.486099
market,Market_2853,17.153048,78.493045
market,Market_2854,17.151201,78.490058
school,School_2855,17.154718,78.487624
restaurant,Restaurant_2856,17.146061,78.491794
hospital,Hospital_2857,17.157262,78.49683
hospital,Hospital_2858,17.156033,78.490842
restaurant,Restaurant_2859,17.161012,78.500203
bus_stop,Bus_stop_2860,17.148098,78.488776
market,Market_2861,17.14711,78.48522
shop,Shop_2862,17.159409,78.490555
bank,Bank_2863,17.152261,78.501719
bank,Bank_2864,17.163935,78.491592
hospital,Hospital_2865,17.150366,78.497446
hospital,Hospital_2866,17.151479,78.500981
market,Market_2867,17.146707,78.488006
bus_stop,Bus_stop_2868,17.153865,78.491322
shop,Shop_2869,17.143197,78.493354
shop,Shop_2870,17.161078,78.496872
bus_stop,Bus_stop_2871,17.151107,78.495449
school,School_2872,17.154794,78.496528
bus_stop,Bus_stop_2873,17.149327,78.492014
mall,Mall_2874,17.153887,78.490885
school,School_2875,17.15306,78.495138
mall,Mall_2876,17.153268,78.495245
mall,Mall_2877,17.159606,78.489561
school,School_2878,17.156835,78.491324
bank,Bank_2879,17.148244,78.492045
school,School_2880,17.151883,78.492567
restaurant,Restaurant_2881,17.153125,78.495779
school,School_2882,17.149379,78.491496
restaurant,Restaurant_2883,17.150873,78.49569
market,Market_2884,17.154537,78.499148
hospital,Hospital_2885,17.155549,78.494467
mall,Mall_2886,17.488044,78.314209
school,School_2887,17.48835,78.320142
school,School_2888,17.503765,78.324686
market,Market_2889,17.501188,78.32259
shop,Shop_2890,17.496164,78.318243
restaurant,Restaurant_2891,17.497867,78.321713
market,Market_2892,17.490104,78.310559
bank,Bank_2893,17.495519,78.319448
market,Market_2894,17.501393,78.324989
shop,Shop_2895,17.495112,78.320244
mall,Mall_2896,17.501972,78.321317
school,School_2897,17.500126,78.322137
shop,Shop_2898,17.49607,78.319351
hospital,Hospital_2899,17.501839,78.321966
school,School_2900,17.4981,78.318845
bank,Bank_2901,17.499208,78.315611
shop,Shop_2902,17.492563,78.314735
school,School_2903,17.495355,78.310212
bus_stop,Bus_stop_2904,17.491441,78.31354
hospital,Hospital_2905,17.495506,78.31735
restaurant,Restaurant_2906,17.490135,78.311799
mall,Mall_2907,17.503664,78.319463
hospital,Hospital_2908,17.497121,78.320592
bank,Bank_2909,17.494695,78.316659
mall,Mall_2910,17.490066,78.319894
shop,Shop_2911,17.496394,78.319328
shop,Shop_2912,17.501733,78.318155
restaurant,Restaurant_2913,17.489258,78.311856
school,School_2914,17.503253,78.314106
shop,Shop_2915,17.502981,78.320417
market,Market_2916,17.499883,78.315132
school,School_2917,17.488396,78.316652
restaurant,Restaurant_2918,17.502464,78.314176
market,Market_2919,17.286364,78.480362
school,School_2920,17.284173,78.467794
restaurant,Restaurant_2921,17.289787,78.475992
school,School_2922,17.296617,78.479837
market,Market_2923,17.29336,78.476521
market,Market_2924,17.287589,78.487454
market,Market_2925,17.290144,78.485075
hospital,Hospital_2926,17.288211,78.478895
shop,Shop_2927,17.346462,78.703875
shop,Shop_2928,17.336593,78.701618
school,School_2929,17.341334,78.710872
bus_stop,Bus_stop_2930,17.345752,78.701239
shop,Shop_2931,17.336816,78.711113
school,School_2932,17.34728,78.710911
hospital,Hospital_2933,17.346638,78.707935
school,School_2934,17.339165,78.718875
bus_stop,Bus_stop_2935,17.334663,78.717638
hospital,Hospital_2936,17.339639,78.718094
market,Market_2937,17.33873,78.716648
restaurant,Restaurant_2938,17.332093,78.708799
mall,Mall_2939,17.346074,78.706911
mall,Mall_2940,17.343928,78.701079
bank,Bank_2941,17.339712,78.721439
mall,Mall_2942,17.344141,78.705727
shop,Shop_2943,17.341975,78.711315
market,Market_2944,17.336238,78.710132
restaurant,Restaurant_2945,17.34929,78.712468
bus_stop,Bus_stop_2946,17.343924,78.71399
restaurant,Restaurant_2947,17.337577,78.719091
bank,Bank_2948,17.345107,78.715317
restaurant,Restaurant_2949,17.344312,78.710524
shop,Shop_2950,17.345331,78.70315
hospital,Hospital_2951,17.341156,78.710151
bank,Bank_2952,17.340744,78.716116
market,Market_2953,17.338804,78.711733
hospital,Hospital_2954,17.33262,78.706412
shop,Shop_2955,17.34156,78.711457
restaurant,Restaurant_2956,17.330762,78.708138
school,School_2957,17.341002,78.710949
mall,Mall_2958,17.335021,78.704293
school,School_2959,17.345653,78.714281
school,School_2960,17.342816,78.705421
school,School_2961,17.340853,78.713836
mall,Mall_2962,17.342688,78.711701
bank,Bank_2963,17.338373,78.707207
market,Market_2964,17.337951,78.721512
hospital,Hospital_2965,17.339091,78.710917
hospital,Hospital_2966,17.336837,78.70536
school,School_2967,17.333126,78.715454
shop,Shop_2968,17.349429,78.710451
shop,Shop_2969,17.338623,78.712984
shop,Shop_2970,17.346558,78.714879
school,School_2971,17.34098,78.710916
shop,Shop_2972,17.340431,78.706136
school,School_2973,17.34956,78.71149
restaurant,Restaurant_2974,17.342161,78.712925
restaurant,Restaurant_2975,17.345221,78.709676
bus_stop,Bus_stop_2976,17.347951,78.713895
hospital,Hospital_2977,17.344568,78.720318
shop,Shop_2978,17.350284,78.70796
hospital,Hospital_2979,17.348606,78.715754
bus_stop,Bus_stop_2980,17.341918,78.718321
restaurant,Restaurant_2981,17.341461,78.710708
bus_stop,Bus_stop_2982,17.347834,78.70683
hospital,Hospital_2983,17.341708,78.719188
bank,Bank_2984,17.344128,78.717336
bus_stop,Bus_stop_2985,17.341558,78.713204
hospital,Hospital_2986,17.340299,78.711707
bank,Bank_2987,17.342915,78.701319
market,Market_2988,17.346313,78.711997
market,Market_2989,17.340744,78.710753
shop,Shop_2990,17.333533,78.710836
hospital,Hospital_2991,17.330896,78.710938
market,Market_2992,17.333473,78.716938
shop,Shop_2993,17.336972,78.71043
bank,Bank_2994,17.338758,78.711338
bus_stop,Bus_stop_2995,17.33822,78.712391
mall,Mall_2996,17.341135,78.710036
hospital,Hospital_2997,17.343835,78.708307
school,School_2998,17.340639,78.709037
school,School_2999,17.341393,78.711504
mall,Mall_3000,17.34174,78.711041
shop,Shop_3001,17.339949,78.717691
mall,Mall_3002,17.349329,78.711425
bus_stop,Bus_stop_3003,17.349674,78.707973
hospital,Hospital_3004,17.337995,78.711136
mall,Mall_3005,17.340574,78.70988
shop,Shop_3006,17.344581,78.716147
market,Market_3007,17.523709,78.762688
hospital,Hospital_3008,17.536886,78.770766
market,Market_3009,17.525124,78.772978
school,School_3010,17.529515,78.770503
mall,Mall_3011,17.537141,78.769943
shop,Shop_3012,17.528886,78.768037
market,Market_3013,17.524835,78.771398
market,Market_3014,17.535642,78.76652
mall,Mall_3015,17.530757,78.770843
mall,Mall_3016,17.529065,78.76999
market,Market_3017,17.538973,78.766378
mall,Mall_3018,17.526474,78.769586
hospital,Hospital_3019,17.524402,78.772863
shop,Shop_3020,17.525716,78.769715
market,Market_3021,17.527519,78.771318
bank,Bank_3022,17.529106,78.770665
mall,Mall_3023,17.530096,78.770078
restaurant,Restaurant_3024,17.530181,78.77005
bank,Bank_3025,17.53889,78.765514
shop,Shop_3026,17.533124,78.760324
school,School_3027,17.522368,78.763421
school,School_3028,17.538392,78.777513
bank,Bank_3029,17.528361,78.768432
hospital,Hospital_3030,17.529806,78.774048
bank,Bank_3031,17.531644,78.771747
hospital,Hospital_3032,17.524308,78.768892
market,Market_3033,17.53309,78.762998
mall,Mall_3034,17.530814,78.777901
bank,Bank_3035,17.527454,78.760056
hospital,Hospital_3036,17.526783,78.767856
restaurant,Restaurant_3037,17.529024,78.76759
market,Market_3038,17.534253,78.776766
bus_stop,Bus_stop_3039,17.530057,78.768209
market,Market_3040,17.531118,78.761597
hospital,Hospital_3041,17.531792,78.761352
bus_stop,Bus_stop_3042,17.529113,78.768684
bus_stop,Bus_stop_3043,17.115144,78.380977
bank,Bank_3044,17.107268,78.383433
mall,Mall_3045,17.11373,78.392835
hospital,Hospital_3046,17.11325,78.386054
market,Market_3047,17.115069,78.381128
bus_stop,Bus_stop_3048,17.116381,78.38932
bank,Bank_3049,17.120223,78.381422
school,School_3050,17.106315,78.384435
bank,Bank_3051,17.114702,78.385382
hospital,Hospital_3052,17.11796,78.381344
bank,Bank_3053,17.115256,78.386588
school,School_3054,17.108342,78.391538
bus_stop,Bus_stop_3055,17.118491,78.390077
restaurant,Restaurant_3056,17.117261,78.384441
school,School_3057,17.10649,78.392393
shop,Shop_3058,17.115634,78.385749
bank,Bank_3059,17.115043,78.385957
mall,Mall_3060,17.115034,78.394996
mall,Mall_3061,17.1111,78.390321
bank,Bank_3062,17.122224,78.390734
hospital,Hospital_3063,17.119374,78.385348
shop,Shop_3064,17.119754,78.38362
shop,Shop_3065,17.109213,78.392524
shop,Shop_3066,17.114371,78.378993
bus_stop,Bus_stop_3067,17.11655,78.392435
school,School_3068,17.111107,78.381449
mall,Mall_3069,17.105857,78.38834
bank,Bank_3070,17.113143,78.384346
school,School_3071,17.678138,78.416551
bank,Bank_3072,17.693443,78.413965
mall,Mall_3073,17.684786,78.414019
hospital,Hospital_3074,17.680611,78.420523
mall,Mall_3075,17.683932,78.402849
restaurant,Restaurant_3076,17.68248,78.412771
bank,Bank_3077,17.681562,78.417356
bank,Bank_3078,17.684502,78.412831
school,School_3079,17.678419,78.416071
school,School_3080,17.685283,78.408255
hospital,Hospital_3081,17.685452,78.40696
bus_stop,Bus_stop_3082,17.687168,78.411764
mall,Mall_3083,17.688501,78.411001
shop,Shop_3084,17.693303,78.409911
bank,Bank_3085,17.683554,78.412099
shop,Shop_3086,17.685343,78.40956
hospital,Hospital_3087,17.682389,78.412728
restaurant,Restaurant_3088,17.682554,78.408146
mall,Mall_3089,17.67915,78.410563
mall,Mall_3090,17.686684,78.421001
restaurant,Restaurant_3091,17.678634,78.414851
market,Market_3092,17.674277,78.407783
restaurant,Restaurant_3093,17.682064,78.414962
school,School_3094,17.676368,78.41745
shop,Shop_3095,17.680304,78.412945
school,School_3096,17.68103,78.408315
shop,Shop_3097,17.686116,78.413697
school,School_3098,17.679706,78.408781
mall,Mall_3099,17.678593,78.408355
school,School_3100,17.578651,78.647896
market,Market_3101,17.587623,78.647295
shop,Shop_3102,17.588388,78.647856
bank,Bank_3103,17.588099,78.648217
mall,Mall_3104,17.598578,78.645469
mall,Mall_3105,17.584975,78.644218
hospital,Hospital_3106,17.586378,78.646458
bank,Bank_3107,17.584332,78.657528
bus_stop,Bus_stop_3108,17.589315,78.651196
restaurant,Restaurant_3109,17.586825,78.642867
restaurant,Restaurant_3110,17.587079,78.637185
shop,Shop_3111,17.587679,78.64716
hospital,Hospital_3112,17.581104,78.649113
restaurant,Restaurant_3113,17.349286,78.492752
shop,Shop_3114,17.343061,78.508301
hospital,Hospital_3115,17.350807,78.493042
shop,Shop_3116,17.35005,78.507238
shop,Shop_3117,17.353105,78.503265
bus_stop,Bus_stop_3118,17.346243,78.494814
hospital,Hospital_3119,17.348393,78.504846
market,Market_3120,17.353961,78.50505
restaurant,Restaurant_3121,17.341865,78.501461
shop,Shop_3122,17.350493,78.505316
mall,Mall_3123,17.347636,78.499204
mall,Mall_3124,17.341594,78.497346
restaurant,Restaurant_3125,17.176707,78.512872
market,Market_3126,17.17421,78.510715
mall,Mall_3127,17.17007,78.510602
bank,Bank_3128,17.171024,78.515799
school,School_3129,17.174054,78.516262
shop,Shop_3130,17.176377,78.516291
shop,Shop_3131,17.173388,78.512827
hospital,Hospital_3132,17.171832,78.51091
mall,Mall_3133,17.172757,78.511232
shop,Shop_3134,17.179682,78.514296
school,School_3135,17.165143,78.510381
bus_stop,Bus_stop_3136,17.173281,78.50849
mall,Mall_3137,17.179037,78.507487
bus_stop,Bus_stop_3138,17.173156,78.511696
market,Market_3139,17.165916,78.511124
mall,Mall_3140,17.166019,78.505
school,School_3141,17.165118,78.517619
bank,Bank_3142,17.171462,78.512524
school,School_3143,17.167823,78.507043
shop,Shop_3144,17.1731,78.51799
hospital,Hospital_3145,17.173377,78.510419
hospital,Hospital_3146,17.175674,78.518383
restaurant,Restaurant_3147,17.174541,78.517225
mall,Mall_3148,17.169731,78.518171
shop,Shop_3149,17.16416,78.505262
market,Market_3150,17.16876,78.507549
market,Market_3151,17.171454,78.508031
bus_stop,Bus_stop_3152,17.170047,78.509712
shop,Shop_3153,17.324859,78.308333
mall,Mall_3154,17.32697,78.312706
bank,Bank_3155,17.323316,78.306088
mall,Mall_3156,17.326071,78.309541
mall,Mall_3157,17.324841,78.301094
mall,Mall_3158,17.326625,78.302828
bank,Bank_3159,17.326168,78.31285
school,School_3160,17.332614,78.314236
mall,Mall_3161,17.321377,78.315104
bank,Bank_3162,17.325001,78.309433
restaurant,Restaurant_3163,17.326437,78.30642
bus_stop,Bus_stop_3164,17.326313,78.309821
restaurant,Restaurant_3165,17.323105,78.309622
bus_stop,Bus_stop_3166,17.332101,78.313051
restaurant,Restaurant_3167,17.324238,78.313835
restaurant,Restaurant_3168,17.323134,78.319662
hospital,Hospital_3169,17.33259,78.306247
market,Market_3170,17.327077,78.308354
market,Market_3171,17.325928,78.299389
school,School_3172,17.327913,78.316118
restaurant,Restaurant_3173,17.33491,78.306272
shop,Shop_3174,17.333472,78.305156
restaurant,Restaurant_3175,17.324948,78.305845
market,Market_3176,17.316442,78.305613
bus_stop,Bus_stop_3177,17.320752,78.309541
market,Market_3178,17.334177,78.302657
hospital,Hospital_3179,17.551682,78.516959
school,School_3180,17.561511,78.51123
shop,Shop_3181,17.560258,78.510091
mall,Mall_3182,17.551401,78.519376
hospital,Hospital_3183,17.559523,78.513791
bank,Bank_3184,17.551409,78.514458
restaurant,Restaurant_3185,17.556509,78.523556
school,School_3186,17.552154,78.519319
restaurant,Restaurant_3187,17.551827,78.508965
market,Market_3188,17.552301,78.518755
market,Market_3189,17.546564,78.523338
bank,Bank_3190,17.552578,78.515745
market,Market_3191,17.557031,78.510928
mall,Mall_3192,17.543846,78.510349
restaurant,Restaurant_3193,17.558608,78.515233
hospital,Hospital_3194,17.552505,78.515938
shop,Shop_3195,17.553513,78.513852
restaurant,Restaurant_3196,17.5569,78.516211
bus_stop,Bus_stop_3197,17.55765,78.514023
shop,Shop_3198,17.554142,78.514171
mall,Mall_3199,17.559827,78.515218
bus_stop,Bus_stop_3200,17.54782,78.510475
market,Market_3201,17.551194,78.519569
bus_stop,Bus_stop_3202,17.551597,78.511567
bank,Bank_3203,17.551569,78.514399
shop,Shop_3204,17.553703,78.517799
restaurant,Restaurant_3205,17.551018,78.518303
shop,Shop_3206,17.554859,78.505852
bank,Bank_3207,17.552266,78.52266
bus_stop,Bus_stop_3208,17.552395,78.506329
mall,Mall_3209,17.551215,78.515146
school,School_3210,17.550088,78.520455
mall,Mall_3211,17.553091,78.512268
restaurant,Restaurant_3212,17.5565,78.51757
restaurant,Restaurant_3213,17.549658,78.513753
mall,Mall_3214,17.555684,78.515533
hospital,Hospital_3215,17.550709,78.513466
mall,Mall_3216,17.706739,78.523413
restaurant,Restaurant_3217,17.709148,78.518746
shop,Shop_3218,17.707074,78.523701
school,School_3219,17.71464,78.517303
shop,Shop_3220,17.710229,78.521803
market,Market_3221,17.709144,78.532744
bank,Bank_3222,17.71604,78.517745
market,Market_3223,17.707592,78.519241
bus_stop,Bus_stop_3224,17.703942,78.522211
bus_stop,Bus_stop_3225,17.706118,78.533147
restaurant,Restaurant_3226,17.379739,78.578774
restaurant,Restaurant_3227,17.378445,78.579603
hospital,Hospital_3228,17.381719,78.579723
hospital,Hospital_3229,17.373724,78.58131
mall,Mall_3230,17.375054,78.57352
restaurant,Restaurant_3231,17.380898,78.577129
restaurant,Restaurant_3232,17.379156,78.576165
shop,Shop_3233,17.383868,78.577325
bank,Bank_3234,17.380433,78.587829
bank,Bank_3235,17.373671,78.577747
market,Market_3236,17.373676,78.579929
mall,Mall_3237,17.384271,78.575034
school,School_3238,17.381962,78.575817
school,School_3239,17.380656,78.568345
hospital,Hospital_3240,17.387083,78.574623
mall,Mall_3241,17.380468,78.589036
bus_stop,Bus_stop_3242,17.382671,78.579557
bus_stop,Bus_stop_3243,17.385004,78.58351
bank,Bank_3244,17.381957,78.583393
hospital,Hospital_3245,17.371971,78.5837
restaurant,Restaurant_3246,17.38359,78.578029
bus_stop,Bus_stop_3247,17.378984,78.584709
shop,Shop_3248,17.382895,78.57741
mall,Mall_3249,17.382027,78.579705
restaurant,Restaurant_3250,17.375882,78.571864
bus_stop,Bus_stop_3251,17.381624,78.581277
school,School_3252,17.375987,78.585874
shop,Shop_3253,17.37976,78.576446
bus_stop,Bus_stop_3254,17.380089,78.579233
school,School_3255,17.386152,78.571326
school,School_3256,17.378867,78.587015
bank,Bank_3257,17.37333,78.573988
market,Market_3258,17.172513,78.218991
hospital,Hospital_3259,17.177863,78.225507
shop,Shop_3260,17.185067,78.224547
hospital,Hospital_3261,17.170914,78.222305
hospital,Hospital_3262,17.185296,78.232752
shop,Shop_3263,17.176466,78.224739
hospital,Hospital_3264,17.178516,78.225018
market,Market_3265,17.173779,78.230244
bus_stop,Bus_stop_3266,17.17213,78.219157
restaurant,Restaurant_3267,17.183157,78.228384
restaurant,Restaurant_3268,17.170342,78.219312
restaurant,Restaurant_3269,17.174862,78.221304
hospital,Hospital_3270,17.177766,78.223968
mall,Mall_3271,17.170962,78.225781
mall,Mall_3272,17.179349,78.225417
market,Market_3273,17.170712,78.226956
market,Market_3274,17.179098,78.22987
shop,Shop_3275,17.17648,78.231027
bus_stop,Bus_stop_3276,17.174504,78.219582
restaurant,Restaurant_3277,17.177223,78.225304
school,School_3278,17.179098,78.222005
bus_stop,Bus_stop_3279,17.176243,78.227111
mall,Mall_3280,17.184952,78.219821
market,Market_3281,17.173352,78.229063
mall,Mall_3282,17.177349,78.235215
hospital,Hospital_3283,17.333173,78.655996
shop,Shop_3284,17.33618,78.646775
mall,Mall_3285,17.340007,78.646373
mall,Mall_3286,17.329804,78.646838
hospital,Hospital_3287,17.333059,78.646909
bank,Bank_3288,17.334304,78.646172
restaurant,Restaurant_3289,17.326899,78.655615
restaurant,Restaurant_3290,17.325689,78.651332
restaurant,Restaurant_3291,17.335612,78.640588
shop,Shop_3292,17.324091,78.64216
hospital,Hospital_3293,17.328252,78.655892
school,School_3294,17.333851,78.652865
mall,Mall_3295,17.323016,78.64934
mall,Mall_3296,17.339115,78.642716
restaurant,Restaurant_3297,17.329943,78.637379
market,Market_3298,17.328431,78.642918
restaurant,Restaurant_3299,17.331606,78.644274
shop,Shop_3300,17.328592,78.639188
bus_stop,Bus_stop_3301,17.339867,78.652105
bus_stop,Bus_stop_3302,17.326869,78.653565
restaurant,Restaurant_3303,17.334064,78.653009
bus_stop,Bus_stop_3304,17.333064,78.647086
bank,Bank_3305,17.331634,78.64543
school,School_3306,17.330474,78.648714
bus_stop,Bus_stop_3307,17.325452,78.642551
school,School_3308,17.328475,78.639098
bank,Bank_3309,17.334981,78.654396
hospital,Hospital_3310,17.330854,78.650846
bank,Bank_3311,17.322313,78.647401
shop,Shop_3312,17.332535,78.646786
mall,Mall_3313,17.33821,78.643292
bus_stop,Bus_stop_3314,17.329954,78.652255
hospital,Hospital_3315,17.335725,78.648403
shop,Shop_3316,17.326856,78.645005
hospital,Hospital_3317,17.32861,78.657114
mall,Mall_3318,17.335491,78.637669
bank,Bank_3319,17.330998,78.652491
bank,Bank_3320,17.512253,78.531216
bus_stop,Bus_stop_3321,17.516325,78.531379
market,Market_3322,17.50712,78.537567
bank,Bank_3323,17.508415,78.537541
hospital,Hospital_3324,17.511652,78.546905
shop,Shop_3325,17.512608,78.544371
market,Market_3326,17.507885,78.53954
restaurant,Restaurant_3327,17.501111,78.533431
school,School_3328,17.502842,78.533882
shop,Shop_3329,17.508645,78.545967
shop,Shop_3330,17.510169,78.542326
bus_stop,Bus_stop_3331,17.507045,78.537547
bus_stop,Bus_stop_3332,17.513382,78.532467
hospital,Hospital_3333,17.512861,78.536672
restaurant,Restaurant_3334,17.506469,78.530599
bus_stop,Bus_stop_3335,17.507758,78.534484
school,School_3336,17.507782,78.537067
mall,Mall_3337,17.516256,78.531345
school,School_3338,17.505491,78.530826
school,School_3339,17.505413,78.541179
bus_stop,Bus_stop_3340,17.510166,78.540119
bank,Bank_3341,17.503859,78.534608
bus_stop,Bus_stop_3342,17.510727,78.537696
bank,Bank_3343,17.504691,78.54001
bus_stop,Bus_stop_3344,17.506322,78.536649
hospital,Hospital_3345,17.509433,78.544554
mall,Mall_3346,17.507352,78.537317
mall,Mall_3347,17.506055,78.530534
market,Market_3348,17.50715,78.527541
bank,Bank_3349,17.500303,78.539726
shop,Shop_3350,17.511384,78.535404
shop,Shop_3351,17.511891,78.533175
school,School_3352,17.508309,78.541089
market,Market_3353,17.509269,78.534351
restaurant,Restaurant_3354,17.27821,78.573651
bank,Bank_3355,17.287765,78.574575
bus_stop,Bus_stop_3356,17.27428,78.570836
shop,Shop_3357,17.281906,78.579761
hospital,Hospital_3358,17.285464,78.570443
bank,Bank_3359,17.286066,78.576641
restaurant,Restaurant_3360,17.278681,78.565778
bank,Bank_3361,17.277602,78.57132
restaurant,Restaurant_3362,17.279669,78.571009
bank,Bank_3363,17.278504,78.580422
restaurant,Restaurant_3364,17.280644,78.573502
restaurant,Restaurant_3365,17.276221,78.570405
market,Market_3366,17.278714,78.580578
market,Market_3367,17.288151,78.571023
shop,Shop_3368,17.279276,78.569685
hospital,Hospital_3369,17.274753,78.579681
bus_stop,Bus_stop_3370,17.286756,78.576692
bank,Bank_3371,17.272427,78.576472
bus_stop,Bus_stop_3372,17.275098,78.580432
bank,Bank_3373,17.277495,78.577352
restaurant,Restaurant_3374,17.283706,78.573889
market,Market_3375,17.282047,78.581406
hospital,Hospital_3376,17.281,78.572968
shop,Shop_3377,17.27644,78.566107
school,School_3378,17.282945,78.564625
bus_stop,Bus_stop_3379,17.281643,78.572679
market,Market_3380,17.27983,78.583717
bus_stop,Bus_stop_3381,17.286565,78.574255
mall,Mall_3382,17.276832,78.576637
bank,Bank_3383,17.27666,78.571097
restaurant,Restaurant_3384,17.29098,78.572051
bank,Bank_3385,17.282475,78.576207
market,Market_3386,17.283397,78.578783
school,School_3387,17.284539,78.579207
restaurant,Restaurant_3388,17.280806,78.573874
shop,Shop_3389,17.281579,78.569616
bus_stop,Bus_stop_3390,17.283892,78.571415
market,Market_3391,17.283357,78.568037
bus_stop,Bus_stop_3392,17.285865,78.570868
hospital,Hospital_3393,17.28177,78.574002
mall,Mall_3394,17.551015,78.50414
mall,Mall_3395,17.542503,78.50569
school,School_3396,17.55161,78.492543
hospital,Hospital_3397,17.549269,78.491224
market,Market_3398,17.54236,78.489381
bus_stop,Bus_stop_3399,17.541596,78.496195
hospital,Hospital_3400,17.552056,78.499213
market,Market_3401,17.553057,78.500377
bank,Bank_3402,17.54855,78.492425
bank,Bank_3403,17.538576,78.493787
restaurant,Restaurant_3404,17.547402,78.506392
restaurant,Restaurant_3405,17.557481,78.495396
market,Market_3406,17.55031,78.497179
shop,Shop_3407,17.549247,78.505308
market,Market_3408,17.546087,78.409796
restaurant,Restaurant_3409,17.547881,78.407809
market,Market_3410,17.547667,78.408069
hospital,Hospital_3411,17.55091,78.410888
bank,Bank_3412,17.547305,78.418538
mall,Mall_3413,17.550415,78.420937
shop,Shop_3414,17.552183,78.420221
market,Market_3415,17.551109,78.412553
restaurant,Restaurant_3416,17.543401,78.409689
restaurant,Restaurant_3417,17.547127,78.416356
school,School_3418,17.555437,78.411594
hospital,Hospital_3419,17.546772,78.412169
hospital,Hospital_3420,17.552244,78.412332
market,Market_3421,17.287227,78.392227
market,Market_3422,17.284771,78.396084
bus_stop,Bus_stop_3423,17.280251,78.396621
shop,Shop_3424,17.283137,78.400421
hospital,Hospital_3425,17.282394,78.389578
hospital,Hospital_3426,17.294371,78.397782
bank,Bank_3427,17.289496,78.387631
bank,Bank_3428,17.289015,78.398324
school,School_3429,17.286873,78.389632
school,School_3430,17.290262,78.387908
hospital,Hospital_3431,17.281324,78.395747
mall,Mall_3432,17.293981,78.392196
bus_stop,Bus_stop_3433,17.286865,78.390677
hospital,Hospital_3434,17.291772,78.38885
hospital,Hospital_3435,17.287976,78.388326
school,School_3436,17.289186,78.397026
bus_stop,Bus_stop_3437,17.287463,78.393297
bus_stop,Bus_stop_3438,17.286691,78.393814
market,Market_3439,17.27751,78.389925
bus_stop,Bus_stop_3440,17.289364,78.40049
school,School_3441,17.287112,78.393164
hospital,Hospital_3442,17.291711,78.399604
mall,Mall_3443,17.278076,78.394983
mall,Mall_3444,17.28328,78.398232
school,School_3445,17.286348,78.393672
restaurant,Restaurant_3446,17.294884,78.389019
restaurant,Restaurant_3447,17.285668,78.391232
shop,Shop_3448,17.285986,78.394288
school,School_3449,17.289297,78.392847
hospital,Hospital_3450,17.291452,78.386485
mall,Mall_3451,17.285629,78.386334
market,Market_3452,17.291453,78.392852
bank,Bank_3453,17.284361,78.392443
bank,Bank_3454,17.287645,78.39598
shop,Shop_3455,17.289627,78.401285
hospital,Hospital_3456,17.357838,78.504751
hospital,Hospital_3457,17.361131,78.502263
bank,Bank_3458,17.357039,78.505581
school,School_3459,17.352425,78.502152
school,School_3460,17.355552,78.497996
restaurant,Restaurant_3461,17.356892,78.503925
school,School_3462,17.362585,78.504294
school,School_3463,17.352843,78.506818
mall,Mall_3464,17.358433,78.502961
hospital,Hospital_3465,17.35591,78.509942
market,Market_3466,17.362447,78.510022
bus_stop,Bus_stop_3467,17.361004,78.496684
bus_stop,Bus_stop_3468,17.567165,78.356387
school,School_3469,17.569799,78.363294
school,School_3470,17.571615,78.356632
bus_stop,Bus_stop_3471,17.57072,78.363059
market,Market_3472,17.56553,78.365041
market,Market_3473,17.563311,78.358098
market,Market_3474,17.573163,78.364249
bank,Bank_3475,17.556941,78.365649
market,Market_3476,17.56309,78.3606
bus_stop,Bus_stop_3477,17.220937,78.760694
school,School_3478,17.221862,78.755767
mall,Mall_3479,17.229146,78.767051
bank,Bank_3480,17.21551,78.759083
mall,Mall_3481,17.216317,78.754212
hospital,Hospital_3482,17.217597,78.76209
school,School_3483,17.227076,78.764283
shop,Shop_3484,17.218421,78.758152
shop,Shop_3485,17.225791,78.757275
shop,Shop_3486,17.215807,78.766217
bus_stop,Bus_stop_3487,17.214049,78.761554
restaurant,Restaurant_3488,17.219561,78.763513
restaurant,Restaurant_3489,17.22036,78.768951
bus_stop,Bus_stop_3490,17.22189,78.762084
market,Market_3491,17.218243,78.764291
school,School_3492,17.218998,78.760583
school,School_3493,17.21801,78.753854
restaurant,Restaurant_3494,17.211644,78.76008
mall,Mall_3495,17.220395,78.765507
market,Market_3496,17.225059,78.760509
shop,Shop_3497,17.223287,78.768662
hospital,Hospital_3498,17.220711,78.760895
restaurant,Restaurant_3499,17.225095,78.763794
bus_stop,Bus_stop_3500,17.221106,78.758863
bus_stop,Bus_stop_3501,17.221771,78.758772
restaurant,Restaurant_3502,17.213863,78.759795
bank,Bank_3503,17.222175,78.758688
mall,Mall_3504,17.221573,78.761896
market,Market_3505,17.215274,78.757997
mall,Mall_3506,17.225127,78.754646
restaurant,Restaurant_3507,17.220772,78.761042
bus_stop,Bus_stop_3508,17.229785,78.762209
shop,Shop_3509,17.61085,78.297134
shop,Shop_3510,17.607537,78.306084
shop,Shop_3511,17.60349,78.303241
restaurant,Restaurant_3512,17.611255,78.299342
market,Market_3513,17.608331,78.308979
market,Market_3514,17.604071,78.307094
bus_stop,Bus_stop_3515,17.604066,78.315412
shop,Shop_3516,17.608939,78.308297
market,Market_3517,17.612701,78.311076
restaurant,Restaurant_3518,17.608558,78.308902
school,School_3519,17.604287,78.305866
mall,Mall_3520,17.619539,78.306574
bank,Bank_3521,17.604557,78.305382
school,School_3522,17.609407,78.312693
bus_stop,Bus_stop_3523,17.606067,78.302671
mall,Mall_3524,17.604834,78.304665
school,School_3525,17.607055,78.311107
school,School_3526,17.610053,78.306809
market,Market_3527,17.608023,78.307192
restaurant,Restaurant_3528,17.615297,78.297074
bank,Bank_3529,17.604738,78.29762
mall,Mall_3530,17.615885,78.297631
hospital,Hospital_3531,17.328935,78.336543
bus_stop,Bus_stop_3532,17.335912,78.349728
hospital,Hospital_3533,17.327769,78.340986
mall,Mall_3534,17.331905,78.342182
market,Market_3535,17.336432,78.339355
hospital,Hospital_3536,17.334756,78.336647
bus_stop,Bus_stop_3537,17.335421,78.3432
school,School_3538,17.327501,78.343965
market,Market_3539,17.335198,78.348908
shop,Shop_3540,17.332845,78.342024
hospital,Hospital_3541,17.334317,78.335031
mall,Mall_3542,17.340978,78.348907
market,Market_3543,17.340703,78.347181
hospital,Hospital_3544,17.336582,78.342355
school,School_3545,17.34541,78.347254
market,Market_3546,17.335843,78.344037
mall,Mall_3547,17.334977,78.342509
bus_stop,Bus_stop_3548,17.332641,78.347084
bank,Bank_3549,17.345724,78.34529
school,School_3550,17.34071,78.352772
hospital,Hospital_3551,17.333361,78.34074
bank,Bank_3552,17.334677,78.344778
bus_stop,Bus_stop_3553,17.334054,78.343693
bank,Bank_3554,17.32869,78.351809
bank,Bank_3555,17.34169,78.3392
restaurant,Restaurant_3556,17.331496,78.340177
school,School_3557,17.337924,78.342682
hospital,Hospital_3558,17.333479,78.333066
restaurant,Restaurant_3559,17.340323,78.353568
shop,Shop_3560,17.342415,78.339199
shop,Shop_3561,17.339639,78.339598
hospital,Hospital_3562,17.341145,78.342822
hospital,Hospital_3563,17.343315,78.348423
mall,Mall_3564,17.335436,78.34895
shop,Shop_3565,17.336026,78.348931
shop,Shop_3566,17.337471,78.342465
bank,Bank_3567,17.333188,78.340522
mall,Mall_3568,17.32892,78.340794
school,School_3569,17.341511,78.350127
bus_stop,Bus_stop_3570,17.327921,78.344817
restaurant,Restaurant_3571,17.334754,78.343993
shop,Shop_3572,17.326084,78.346308
bus_stop,Bus_stop_3573,17.331634,78.346201
market,Market_3574,17.332182,78.337395
bus_stop,Bus_stop_3575,17.334207,78.339523
bank,Bank_3576,17.336273,78.343945
bank,Bank_3577,17.336098,78.34375
restaurant,Restaurant_3578,17.335566,78.343599
shop,Shop_3579,17.33582,78.34753
bus_stop,Bus_stop_3580,17.335719,78.344115
bank,Bank_3581,17.334983,78.343452
bus_stop,Bus_stop_3582,17.334588,78.345734
school,School_3583,17.336653,78.335045
bus_stop,Bus_stop_3584,17.329724,78.335266
mall,Mall_3585,17.334783,78.334518
bank,Bank_3586,17.417277,78.53374
mall,Mall_3587,17.433516,78.523448
restaurant,Restaurant_3588,17.432119,78.528012
bus_stop,Bus_stop_3589,17.429231,78.529545
mall,Mall_3590,17.421864,78.538348
mall,Mall_3591,17.431596,78.533084
bus_stop,Bus_stop_3592,17.423575,78.533671
shop,Shop_3593,17.433038,78.531615
restaurant,Restaurant_3594,17.415467,78.533141
school,School_3595,17.430086,78.519791
bank,Bank_3596,17.423441,78.532025
bank,Bank_3597,17.435661,78.531688
hospital,Hospital_3598,17.421047,78.534997
mall,Mall_3599,17.424819,78.529425
bus_stop,Bus_stop_3600,17.429097,78.520969
bus_stop,Bus_stop_3601,17.429894,78.532079
school,School_3602,17.425675,78.530059
market,Market_3603,17.43156,78.521086
school,School_3604,17.425986,78.529427
school,School_3605,17.427168,78.538708
shop,Shop_3606,17.424389,78.529854
hospital,Hospital_3607,17.42347,78.533744
shop,Shop_3608,17.42219,78.524967
market,Market_3609,17.424449,78.53037
bus_stop,Bus_stop_3610,17.416843,78.531538
shop,Shop_3611,17.424938,78.533103
restaurant,Restaurant_3612,17.42505,78.526544
school,School_3613,17.421033,78.521783
bus_stop,Bus_stop_3614,17.425702,78.52531
market,Market_3615,17.552056,78.712513
school,School_3616,17.547914,78.706747
mall,Mall_3617,17.555339,78.70457
restaurant,Restaurant_3618,17.548977,78.704498
mall,Mall_3619,17.547976,78.703496
shop,Shop_3620,17.55661,78.706852
shop,Shop_3621,17.55407,78.708833
shop,Shop_3622,17.546573,78.704663
school,School_3623,17.540317,78.702666
market,Market_3624,17.541234,78.696951
bank,Bank_3625,17.541284,78.704771
bus_stop,Bus_stop_3626,17.544847,78.708295
bank,Bank_3627,17.553619,78.698943
bank,Bank_3628,17.543567,78.711645
hospital,Hospital_3629,17.55101,78.700717
mall,Mall_3630,17.545554,78.706718
bank,Bank_3631,17.543638,78.701439
hospital,Hospital_3632,17.535878,78.706366
school,School_3633,17.546655,78.706062
restaurant,Restaurant_3634,17.545321,78.704648
mall,Mall_3635,17.542059,78.706779
shop,Shop_3636,17.547375,78.713071
mall,Mall_3637,17.546958,78.698496
shop,Shop_3638,17.544568,78.71646
market,Market_3639,17.539403,78.708112
bank,Bank_3640,17.544608,78.69622
market,Market_3641,17.536692,78.709807
market,Market_3642,17.551267,78.706673
restaurant,Restaurant_3643,17.545668,78.699498
school,School_3644,17.545796,78.707487
restaurant,Restaurant_3645,17.548376,78.701338
mall,Mall_3646,17.550052,78.701955
bus_stop,Bus_stop_3647,17.540798,78.709138
restaurant,Restaurant_3648,17.549237,78.70189
school,School_3649,17.542986,78.704654
restaurant,Restaurant_3650,17.535814,78.702899
school,School_3651,17.553904,78.707306
market,Market_3652,17.541033,78.700764
market,Market_3653,17.554238,78.709152
shop,Shop_3654,17.554826,78.702349
hospital,Hospital_3655,17.47909,78.555775
hospital,Hospital_3656,17.478981,78.552334
market,Market_3657,17.479817,78.55227
bank,Bank_3658,17.477606,78.54102
mall,Mall_3659,17.482015,78.547943
market,Market_3660,17.47249,78.559661
hospital,Hospital_3661,17.479431,78.56355
school,School_3662,17.469002,78.551367
market,Market_3663,17.483511,78.552829
restaurant,Restaurant_3664,17.477398,78.560321
market,Market_3665,17.477671,78.543074
market,Market_3666,17.478262,78.555119
hospital,Hospital_3667,17.475301,78.551535
school,School_3668,17.478956,78.552331
market,Market_3669,17.481957,78.54349
school,School_3670,17.479396,78.559927
bank,Bank_3671,17.484643,78.55069
restaurant,Restaurant_3672,17.478202,78.556276
restaurant,Restaurant_3673,17.480364,78.550619
bank,Bank_3674,17.483231,78.543803
shop,Shop_3675,17.469812,78.553434
hospital,Hospital_3676,17.482854,78.544447
hospital,Hospital_3677,17.48237,78.556677
school,School_3678,17.480655,78.548369
hospital,Hospital_3679,17.478117,78.544603
bank,Bank_3680,17.476101,78.555618
mall,Mall_3681,17.480322,78.54843
shop,Shop_3682,17.482953,78.542556
bus_stop,Bus_stop_3683,17.479701,78.556449
shop,Shop_3684,17.47884,78.548626
restaurant,Restaurant_3685,17.484493,78.556342
hospital,Hospital_3686,17.487601,78.546825
bus_stop,Bus_stop_3687,17.47213,78.549591
school,School_3688,17.474047,78.545648
shop,Shop_3689,17.474865,78.55373
bank,Bank_3690,17.479427,78.552455
shop,Shop_3691,17.479841,78.548319
hospital,Hospital_3692,17.475206,78.543011
market,Market_3693,17.479401,78.555967
shop,Shop_3694,17.484093,78.550424
bank,Bank_3695,17.480517,78.551386
bank,Bank_3696,17.479233,78.546912
school,School_3697,17.480899,78.553563
market,Market_3698,17.482775,78.556021
hospital,Hospital_3699,17.476608,78.552674
school,School_3700,17.478868,78.561387
restaurant,Restaurant_3701,17.480578,78.558596
school,School_3702,17.478705,78.550897
school,School_3703,17.479638,78.547897
market,Market_3704,17.478868,78.552424
mall,Mall_3705,17.470813,78.550288
school,School_3706,17.474327,78.561357
restaurant,Restaurant_3707,17.487783,78.55444
shop,Shop_3708,17.482309,78.549786
mall,Mall_3709,17.478856,78.553353
school,School_3710,17.481889,78.554496
mall,Mall_3711,17.482571,78.546217
school,School_3712,17.48317,78.549711
hospital,Hospital_3713,17.475505,78.54678
bus_stop,Bus_stop_3714,17.484323,78.55906
bus_stop,Bus_stop_3715,17.478277,78.554405
bus_stop,Bus_stop_3716,17.299571,78.612948
hospital,Hospital_3717,17.30265,78.619184
hospital,Hospital_3718,17.298591,78.617744
mall,Mall_3719,17.304716,78.630764
school,School_3720,17.307296,78.61207
shop,Shop_3721,17.298574,78.623519
school,School_3722,17.299873,78.619465
bus_stop,Bus_stop_3723,17.304844,78.624871
market,Market_3724,17.296767,78.629038
mall,Mall_3725,17.300692,78.624965
mall,Mall_3726,17.296893,78.625508
shop,Shop_3727,17.297314,78.613896
market,Market_3728,17.301517,78.617903
bus_stop,Bus_stop_3729,17.296989,78.622224
mall,Mall_3730,17.296277,78.6261
shop,Shop_3731,17.301771,78.630701
shop,Shop_3732,17.304527,78.621909
restaurant,Restaurant_3733,17.302336,78.614657
mall,Mall_3734,17.299976,78.611127
mall,Mall_3735,17.295931,78.614836
bus_stop,Bus_stop_3736,17.297537,78.615608
market,Market_3737,17.30749,78.622308
bus_stop,Bus_stop_3738,17.293815,78.623453
restaurant,Restaurant_3739,17.304117,78.630618
bank,Bank_3740,17.302213,78.614125
hospital,Hospital_3741,17.30697,78.613446
school,School_3742,17.307378,78.616054
market,Market_3743,17.309316,78.614378
hospital,Hospital_3744,17.303712,78.621762
restaurant,Restaurant_3745,17.301806,78.622315
market,Market_3746,17.305626,78.624735
mall,Mall_3747,17.300451,78.621744
hospital,Hospital_3748,17.301898,78.619984
school,School_3749,17.305609,78.620722
bank,Bank_3750,17.301112,78.618884
school,School_3751,17.299801,78.613697
mall,Mall_3752,17.30377,78.626473
school,School_3753,17.299248,78.612927
school,School_3754,17.304284,78.62615
hospital,Hospital_3755,17.298576,78.629129
school,School_3756,17.302946,78.620075
shop,Shop_3757,17.294855,78.623212
mall,Mall_3758,17.309072,78.624193
mall,Mall_3759,17.299005,78.625202
hospital,Hospital_3760,17.306887,78.623307
restaurant,Restaurant_3761,17.292697,78.624982
bus_stop,Bus_stop_3762,17.305835,78.62451
hospital,Hospital_3763,17.302194,78.620231
market,Market_3764,17.30361,78.616907
market,Market_3765,17.304312,78.620007
market,Market_3766,17.308101,78.622296
restaurant,Restaurant_3767,17.304944,78.624034
bus_stop,Bus_stop_3768,17.302192,78.621166
shop,Shop_3769,17.301519,78.627098
school,School_3770,17.301385,78.621136
school,School_3771,17.294571,78.623406
shop,Shop_3772,17.303256,78.622888
hospital,Hospital_3773,17.594793,78.548834
bank,Bank_3774,17.605475,78.547943
bank,Bank_3775,17.604834,78.554024
market,Market_3776,17.605633,78.548508
shop,Shop_3777,17.608016,78.554462
bank,Bank_3778,17.604533,78.550022
school,School_3779,17.593029,78.558726
school,School_3780,17.600813,78.54154
bank,Bank_3781,17.59728,78.548102
hospital,Hospital_3782,17.597869,78.550532
hospital,Hospital_3783,17.602436,78.546523
bus_stop,Bus_stop_3784,17.598108,78.55416
school,School_3785,17.604746,78.55223
market,Market_3786,17.595509,78.550384
market,Market_3787,17.600861,78.554025
restaurant,Restaurant_3788,17.605324,78.550296
market,Market_3789,17.599612,78.551512
hospital,Hospital_3790,17.599097,78.561707
market,Market_3791,17.597363,78.55273
market,Market_3792,17.598758,78.54982
school,School_3793,17.59999,78.548343
mall,Mall_3794,17.591763,78.553281
school,School_3795,17.602317,78.558498
bus_stop,Bus_stop_3796,17.600713,78.550042
mall,Mall_3797,17.596422,78.561055
bus_stop,Bus_stop_3798,17.606176,78.545311
hospital,Hospital_3799,17.604209,78.562064
market,Market_3800,17.598568,78.554469
school,School_3801,17.593299,78.561179
restaurant,Restaurant_3802,17.601707,78.546232
shop,Shop_3803,17.602178,78.553897
shop,Shop_3804,17.598578,78.546747
bank,Bank_3805,17.596726,78.551027
mall,Mall_3806,17.600898,78.55196
bank,Bank_3807,17.59636,78.546654
shop,Shop_3808,17.595198,78.547812
restaurant,Restaurant_3809,17.767841,78.437998
bank,Bank_3810,17.769362,78.430648
school,School_3811,17.768193,78.427958
hospital,Hospital_3812,17.77348,78.421997
school,School_3813,17.768357,78.434171
mall,Mall_3814,17.766908,78.425406
bus_stop,Bus_stop_3815,17.777263,78.432103
mall,Mall_3816,17.75964,78.425002
restaurant,Restaurant_3817,17.765028,78.424407
hospital,Hospital_3818,17.770913,78.420626
market,Market_3819,17.767953,78.428647
bank,Bank_3820,17.767025,78.431493
hospital,Hospital_3821,17.768125,78.417665
market,Market_3822,17.773006,78.427696
bus_stop,Bus_stop_3823,17.76805,78.417906
hospital,Hospital_3824,17.775576,78.424796
mall,Mall_3825,17.773585,78.424164
market,Market_3826,17.768109,78.435101
hospital,Hospital_3827,17.769633,78.431083
school,School_3828,17.764237,78.421727
bus_stop,Bus_stop_3829,17.773194,78.430104
bus_stop,Bus_stop_3830,17.766179,78.425728
mall,Mall_3831,17.774807,78.424025
mall,Mall_3832,17.766851,78.42023
shop,Shop_3833,17.763915,78.427784
bus_stop,Bus_stop_3834,17.767131,78.429186
bank,Bank_3835,17.766422,78.428757
school,School_3836,17.77041,78.425731
bank,Bank_3837,17.762428,78.425868
shop,Shop_3838,17.762097,78.421763
hospital,Hospital_3839,17.770088,78.430604
mall,Mall_3840,17.768357,78.424319
hospital,Hospital_3841,17.767376,78.425607
bank,Bank_3842,17.770281,78.429311
restaurant,Restaurant_3843,17.765918,78.426069
market,Market_3844,17.317109,78.301024
mall,Mall_3845,17.317816,78.298686
bank,Bank_3846,17.325987,78.302623
shop,Shop_3847,17.319575,78.294508
shop,Shop_3848,17.317268,78.300183
bank,Bank_3849,17.323109,78.308671
restaurant,Restaurant_3850,17.32909,78.300769
restaurant,Restaurant_3851,17.323958,78.300733
shop,Shop_3852,17.319193,78.300784
hospital,Hospital_3853,17.314258,78.292207
shop,Shop_3854,17.320105,78.29979
bank,Bank_3855,17.309824,78.298892
market,Market_3856,17.315742,78.292751
mall,Mall_3857,17.319719,78.300191
bus_stop,Bus_stop_3858,17.316521,78.295456
bank,Bank_3859,17.311657,78.305109
restaurant,Restaurant_3860,17.310609,78.302876
restaurant,Restaurant_3861,17.319043,78.308977
market,Market_3862,17.315189,78.296412
hospital,Hospital_3863,17.32105,78.300379
shop,Shop_3864,17.322041,78.294321
hospital,Hospital_3865,17.315036,78.297109
restaurant,Restaurant_3866,17.318279,78.296842
restaurant,Restaurant_3867,17.32557,78.299534
mall,Mall_3868,17.315508,78.301299
shop,Shop_3869,17.330058,78.29883
mall,Mall_3870,17.324433,78.294721
restaurant,Restaurant_3871,17.322597,78.294501
hospital,Hospital_3872,17.317654,78.298359
market,Market_3873,17.319195,78.298417
shop,Shop_3874,17.318599,78.290389
school,School_3875,17.323635,78.299618
market,Market_3876,17.313318,78.29668
bus_stop,Bus_stop_3877,17.318966,78.310318
hospital,Hospital_3878,17.460317,78.289273
hospital,Hospital_3879,17.454984,78.290718
market,Market_3880,17.455718,78.294133
restaurant,Restaurant_3881,17.452644,78.290759
school,School_3882,17.44602,78.296812
market,Market_3883,17.452324,78.287862
bank,Bank_3884,17.455478,78.279812
restaurant,Restaurant_3885,17.463814,78.293441
school,School_3886,17.225364,78.663
bank,Bank_3887,17.224944,78.67062
restaurant,Restaurant_3888,17.23599,78.669786
bus_stop,Bus_stop_3889,17.231844,78.670785
school,School_3890,17.215602,78.667706
school,School_3891,17.228724,78.662071
restaurant,Restaurant_3892,17.22473,78.666995
mall,Mall_3893,17.235654,78.66712
market,Market_3894,17.217431,78.662792
bus_stop,Bus_stop_3895,17.226694,78.67827
market,Market_3896,17.22157,78.674153
mall,Mall_3897,17.232882,78.669953
bus_stop,Bus_stop_3898,17.228071,78.668341
bank,Bank_3899,17.219457,78.667617
school,School_3900,17.222278,78.66094
hospital,Hospital_3901,17.229895,78.671235
bus_stop,Bus_stop_3902,17.224763,78.664633
school,School_3903,17.224599,78.677401
bank,Bank_3904,17.220686,78.662445
bus_stop,Bus_stop_3905,17.228561,78.658562
shop,Shop_3906,17.225811,78.666496
hospital,Hospital_3907,17.225989,78.669597
bank,Bank_3908,17.217876,78.663667
mall,Mall_3909,17.225684,78.667361
restaurant,Restaurant_3910,17.229809,78.663289
restaurant,Restaurant_3911,17.216831,78.669057
market,Market_3912,17.225599,78.665688
school,School_3913,17.224472,78.669751
bus_stop,Bus_stop_3914,17.230155,78.66599
market,Market_3915,17.220629,78.662326
mall,Mall_3916,17.22465,78.670512
restaurant,Restaurant_3917,17.228106,78.658984
bus_stop,Bus_stop_3918,17.231191,78.663512
restaurant,Restaurant_3919,17.221943,78.671824
restaurant,Restaurant_3920,17.227971,78.663052
shop,Shop_3921,17.230836,78.668383
bank,Bank_3922,17.225468,78.664381
school,School_3923,17.228867,78.67103
restaurant,Restaurant_3924,17.223435,78.668011
hospital,Hospital_3925,17.217563,78.670192
restaurant,Restaurant_3926,17.222797,78.668249
bank,Bank_3927,17.218036,78.663577
mall,Mall_3928,17.222616,78.661169
school,School_3929,17.232473,78.674012
bus_stop,Bus_stop_3930,17.226884,78.67407
bus_stop,Bus_stop_3931,17.222249,78.664507
bus_stop,Bus_stop_3932,17.226523,78.668557
restaurant,Restaurant_3933,17.22702,78.675048
bus_stop,Bus_stop_3934,17.228305,78.669355
hospital,Hospital_3935,17.226351,78.66629
hospital,Hospital_3936,17.228513,78.668575
bus_stop,Bus_stop_3937,17.226079,78.664717
mall,Mall_3938,17.230302,78.67323
bus_stop,Bus_stop_3939,17.645844,78.685174
bus_stop,Bus_stop_3940,17.656487,78.682965
mall,Mall_3941,17.648176,78.684044
shop,Shop_3942,17.641679,78.685236
school,School_3943,17.64677,78.684067
mall,Mall_3944,17.646138,78.684104
restaurant,Restaurant_3945,17.177998,78.514377
school,School_3946,17.175954,78.523606
shop,Shop_3947,17.183771,78.525567
shop,Shop_3948,17.170828,78.521782
shop,Shop_3949,17.177456,78.5205
market,Market_3950,17.182492,78.517393
school,School_3951,17.176535,78.522185
market,Market_3952,17.175257,78.520009
bus_stop,Bus_stop_3953,17.180232,78.51361
shop,Shop_3954,17.167574,78.523081
mall,Mall_3955,17.176655,78.52365
market,Market_3956,17.176234,78.522372
mall,Mall_3957,17.176058,78.517441
bank,Bank_3958,17.178238,78.520214
hospital,Hospital_3959,17.171816,78.522436
market,Market_3960,17.184055,78.522513
bank,Bank_3961,17.172935,78.525375
school,School_3962,17.176863,78.523571
restaurant,Restaurant_3963,17.175753,78.522406
restaurant,Restaurant_3964,17.167895,78.522577
bus_stop,Bus_stop_3965,17.178527,78.524616
shop,Shop_3966,17.177185,78.522188
hospital,Hospital_3967,17.233042,78.7191
market,Market_3968,17.240604,78.707309
hospital,Hospital_3969,17.237951,78.718753
bus_stop,Bus_stop_3970,17.237253,78.707997
restaurant,Restaurant_3971,17.237951,78.700323
school,School_3972,17.24558,78.71517
bank,Bank_3973,17.239729,78.707153
shop,Shop_3974,17.238105,78.711382
school,School_3975,17.236356,78.711487
restaurant,Restaurant_3976,17.227649,78.708577
mall,Mall_3977,17.23009,78.707788
bank,Bank_3978,17.236177,78.710806
shop,Shop_3979,17.227977,78.716291
hospital,Hospital_3980,17.238506,78.711794
bank,Bank_3981,17.232519,78.704495
hospital,Hospital_3982,17.239633,78.71265
mall,Mall_3983,17.238667,78.710493
mall,Mall_3984,17.238439,78.710083
mall,Mall_3985,17.242921,78.708681
hospital,Hospital_3986,17.227574,78.714268
restaurant,Restaurant_3987,17.237381,78.705733
mall,Mall_3988,17.240019,78.706835
restaurant,Restaurant_3989,17.234863,78.706927
restaurant,Restaurant_3990,17.235415,78.712963
bus_stop,Bus_stop_3991,17.238219,78.710409
bus_stop,Bus_stop_3992,17.233971,78.711784
bus_stop,Bus_stop_3993,17.239704,78.720178
mall,Mall_3994,17.236868,78.715933
restaurant,Restaurant_3995,17.239083,78.720252
bank,Bank_3996,17.236956,78.70055
hospital,Hospital_3997,17.228765,78.715086
hospital,Hospital_3998,17.240679,78.705766
market,Market_3999,17.241799,78.705209
market,Market_4000,17.240257,78.710319
hospital,Hospital_4001,17.239625,78.714045
market,Market_4002,17.235704,78.709842
bank,Bank_4003,17.231433,78.711348
shop,Shop_4004,17.23585,78.704644
hospital,Hospital_4005,17.23894,78.710182
hospital,Hospital_4006,17.231537,78.707561
shop,Shop_4007,17.236428,78.711292
school,School_4008,17.238345,78.710778
market,Market_4009,17.241268,78.709577
bank,Bank_4010,17.235128,78.706203
shop,Shop_4011,17.240096,78.710288
bus_stop,Bus_stop_4012,17.232779,78.705516
school,School_4013,17.234129,78.715987
mall,Mall_4014,17.232764,78.709809
shop,Shop_4015,17.24009,78.701847
market,Market_4016,17.235101,78.706052
bank,Bank_4017,17.228334,78.707312
mall,Mall_4018,17.228958,78.704791
market,Market_4019,17.240842,78.706564
school,School_4020,17.234198,78.719229
shop,Shop_4021,17.612771,78.418812
hospital,Hospital_4022,17.614413,78.420595
restaurant,Restaurant_4023,17.622821,78.432909
hospital,Hospital_4024,17.619112,78.419711
mall,Mall_4025,17.619766,78.425104
bus_stop,Bus_stop_4026,17.619776,78.424811
school,School_4027,17.622092,78.426364
shop,Shop_4028,17.61825,78.417927
bus_stop,Bus_stop_4029,17.617545,78.426131
market,Market_4030,17.618653,78.427899
school,School_4031,17.617661,78.431603
bus_stop,Bus_stop_4032,17.627302,78.427671
bus_stop,Bus_stop_4033,17.622497,78.425814
shop,Shop_4034,17.619631,78.421312
mall,Mall_4035,17.615678,78.422865
restaurant,Restaurant_4036,17.620107,78.42562
bank,Bank_4037,17.616383,78.435551
restaurant,Restaurant_4038,17.210309,78.206017
shop,Shop_4039,17.207717,78.201281
market,Market_4040,17.209356,78.202015
restaurant,Restaurant_4041,17.211588,78.213992
hospital,Hospital_4042,17.208447,78.203582
school,School_4043,17.216268,78.196229
restaurant,Restaurant_4044,17.205094,78.211778
bus_stop,Bus_stop_4045,17.213777,78.200907
market,Market_4046,17.213134,78.204738
mall,Mall_4047,17.211669,78.20283
shop,Shop_4048,17.208083,78.195008
shop,Shop_4049,17.210871,78.200516
bus_stop,Bus_stop_4050,17.207895,78.202787
restaurant,Restaurant_4051,17.215204,78.196701
mall,Mall_4052,17.209329,78.203814
shop,Shop_4053,17.210171,78.203632
market,Market_4054,17.216078,78.209711
bank,Bank_4055,17.20289,78.203972
mall,Mall_4056,17.205923,78.204396
shop,Shop_4057,17.215515,78.198699
hospital,Hospital_4058,17.217545,78.207584
mall,Mall_4059,17.209462,78.203958
market,Market_4060,17.20897,78.197465
school,School_4061,17.207002,78.19807
market,Market_4062,17.209505,78.203572
bank,Bank_4063,17.216643,78.197566
market,Market_4064,17.20949,78.204634
bank,Bank_4065,17.208921,78.204641
bank,Bank_4066,17.20918,78.197112
mall,Mall_4067,17.258972,78.701939
shop,Shop_4068,17.25278,78.7032
restaurant,Restaurant_4069,17.250051,78.701968
hospital,Hospital_4070,17.24405,78.703988
bank,Bank_4071,17.250409,78.703736
school,School_4072,17.259344,78.711436
market,Market_4073,17.247745,78.701433
shop,Shop_4074,17.259381,78.707224
market,Market_4075,17.256462,78.712141
restaurant,Restaurant_4076,17.252552,78.703652
shop,Shop_4077,17.250622,78.709921
mall,Mall_4078,17.247845,78.701102
shop,Shop_4079,17.248538,78.707776
mall,Mall_4080,17.253237,78.70228
school,School_4081,17.243821,78.703882
market,Market_4082,17.251817,78.704527
hospital,Hospital_4083,17.24916,78.704611
restaurant,Restaurant_4084,17.252217,78.702323
hospital,Hospital_4085,17.253922,78.694122
bank,Bank_4086,17.250472,78.69797
restaurant,Restaurant_4087,17.244212,78.699427
school,School_4088,17.257543,78.701181
shop,Shop_4089,17.253988,78.704822
hospital,Hospital_4090,17.255949,78.709749
market,Market_4091,17.254513,78.704952
mall,Mall_4092,17.253343,78.704933
bus_stop,Bus_stop_4093,17.251035,78.703819
shop,Shop_4094,17.246385,78.70176
school,School_4095,17.246948,78.694554
school,School_4096,17.249833,78.714351
bus_stop,Bus_stop_4097,17.250854,78.703409
restaurant,Restaurant_4098,17.250684,78.704661
restaurant,Restaurant_4099,17.251424,78.704508
restaurant,Restaurant_4100,17.253629,78.705186
bank,Bank_4101,17.253517,78.700925
restaurant,Restaurant_4102,17.244297,78.702213
bank,Bank_4103,17.251677,78.718244
shop,Shop_4104,17.236664,78.727325
school,School_4105,17.252197,78.734975
market,Market_4106,17.250191,78.723744
mall,Mall_4107,17.246151,78.726048
restaurant,Restaurant_4108,17.252275,78.716627
shop,Shop_4109,17.250068,78.725916
shop,Shop_4110,17.387805,78.433305
hospital,Hospital_4111,17.393408,78.421828
restaurant,Restaurant_4112,17.394824,78.431253
market,Market_4113,17.385547,78.424672
bank,Bank_4114,17.381504,78.430276
restaurant,Restaurant_4115,17.378195,78.427307
school,School_4116,17.378239,78.420009
bank,Bank_4117,17.388869,78.419194
shop,Shop_4118,17.395178,78.429111
market,Market_4119,17.386279,78.424798
bank,Bank_4120,17.384236,78.422252
market,Market_4121,17.386257,78.427238
market,Market_4122,17.386269,78.426946
hospital,Hospital_4123,17.381595,78.422818
market,Market_4124,17.387383,78.43091
bus_stop,Bus_stop_4125,17.385653,78.426916
bank,Bank_4126,17.381478,78.426468
restaurant,Restaurant_4127,17.393591,78.428588
shop,Shop_4128,17.37685,78.427062
shop,Shop_4129,17.383871,78.431862
bus_stop,Bus_stop_4130,17.386652,78.434675
mall,Mall_4131,17.38705,78.426876
hospital,Hospital_4132,17.382378,78.434687
bus_stop,Bus_stop_4133,17.388297,78.417687
school,School_4134,17.385534,78.427336
mall,Mall_4135,17.385861,78.42699
shop,Shop_4136,17.386605,78.425376
market,Market_4137,17.388741,78.42833
market,Market_4138,17.388772,78.423137
mall,Mall_4139,17.384723,78.435935
school,School_4140,17.386282,78.428519
restaurant,Restaurant_4141,17.388268,78.434976
bank,Bank_4142,17.391341,78.433421
shop,Shop_4143,17.379474,78.43264
shop,Shop_4144,17.383301,78.431585
bus_stop,Bus_stop_4145,17.387747,78.424472
bus_stop,Bus_stop_4146,17.389053,78.417264
school,School_4147,17.391977,78.435692
restaurant,Restaurant_4148,17.392483,78.429338
bank,Bank_4149,17.384599,78.417111
school,School_4150,17.38503,78.432359
bank,Bank_4151,17.380867,78.424439
market,Market_4152,17.380493,78.432423
mall,Mall_4153,17.389879,78.425704
bus_stop,Bus_stop_4154,17.394101,78.427722
mall,Mall_4155,17.384411,78.416454
mall,Mall_4156,17.39059,78.421764
hospital,Hospital_4157,17.38593,78.427069
hospital,Hospital_4158,17.387244,78.431957
mall,Mall_4159,17.387603,78.423495
hospital,Hospital_4160,17.387194,78.43159
hospital,Hospital_4161,17.376793,78.423793
market,Market_4162,17.387957,78.43806
mall,Mall_4163,17.391604,78.41949
school,School_4164,17.387005,78.426209
mall,Mall_4165,17.382819,78.433915
market,Market_4166,17.387284,78.428138
restaurant,Restaurant_4167,17.385622,78.428893
shop,Shop_4168,17.392647,78.428024
bank,Bank_4169,17.384301,78.418351
bank,Bank_4170,17.383961,78.428361
shop,Shop_4171,17.387885,78.43642
bank,Bank_4172,17.377723,78.422994
restaurant,Restaurant_4173,17.383233,78.425224
market,Market_4174,17.388478,78.425457
school,School_4175,17.37875,78.421936
restaurant,Restaurant_4176,17.386192,78.422044
restaurant,Restaurant_4177,17.205939,78.382384
shop,Shop_4178,17.204351,78.391675
bus_stop,Bus_stop_4179,17.210762,78.395606
bus_stop,Bus_stop_4180,17.204989,78.391271
market,Market_4181,17.207357,78.393463
market,Market_4182,17.201852,78.389513
restaurant,Restaurant_4183,17.197834,78.393798
hospital,Hospital_4184,17.203471,78.39131
shop,Shop_4185,17.210583,78.397364
bus_stop,Bus_stop_4186,17.201883,78.381089
mall,Mall_4187,17.210814,78.390072
school,School_4188,17.212254,78.392741
hospital,Hospital_4189,17.19598,78.386955
mall,Mall_4190,17.203548,78.383808
restaurant,Restaurant_4191,17.206131,78.392489
shop,Shop_4192,17.20022,78.382397
mall,Mall_4193,17.204249,78.38809
shop,Shop_4194,17.20173,78.391306
shop,Shop_4195,17.206246,78.393738
shop,Shop_4196,17.201836,78.38795
hospital,Hospital_4197,17.205715,78.383894
market,Market_4198,17.209743,78.393508
shop,Shop_4199,17.209853,78.390749
hospital,Hospital_4200,17.202701,78.383327
school,School_4201,17.204479,78.392041
bus_stop,Bus_stop_4202,17.197451,78.386384
bus_stop,Bus_stop_4203,17.204993,78.388236
restaurant,Restaurant_4204,17.20456,78.390803
bus_stop,Bus_stop_4205,17.199936,78.393995
bank,Bank_4206,17.205338,78.389718
school,School_4207,17.209171,78.387226
shop,Shop_4208,17.19933,78.38873
school,School_4209,17.205025,78.388765
school,School_4210,17.208999,78.397671
shop,Shop_4211,17.211196,78.385687
mall,Mall_4212,17.208836,78.386366
market,Market_4213,17.20451,78.391124
market,Market_4214,17.209458,78.384936
school,School_4215,17.548052,78.455294
bus_stop,Bus_stop_4216,17.552521,78.468313
shop,Shop_4217,17.557611,78.456398
bus_stop,Bus_stop_4218,17.557806,78.46267
school,School_4219,17.55623,78.469873
bank,Bank_4220,17.554978,78.470412
bank,Bank_4221,17.563191,78.4585
market,Market_4222,17.559158,78.468451
shop,Shop_4223,17.549035,78.459007
bus_stop,Bus_stop_4224,17.551961,78.454863
bank,Bank_4225,17.549887,78.469014
shop,Shop_4226,17.566104,78.456754
school,School_4227,17.556292,78.461688
restaurant,Restaurant_4228,17.555978,78.461813
hospital,Hospital_4229,17.556831,78.46063
mall,Mall_4230,17.557084,78.457811
bus_stop,Bus_stop_4231,17.56393,78.465998
market,Market_4232,17.558382,78.459848
bus_stop,Bus_stop_4233,17.554001,78.468429
bank,Bank_4234,17.551718,78.460523
hospital,Hospital_4235,17.551991,78.46392
mall,Mall_4236,17.556722,78.45948
mall,Mall_4237,17.551925,78.459518
bank,Bank_4238,17.558373,78.46316
school,School_4239,17.55301,78.458932
bank,Bank_4240,17.548201,78.462433
school,School_4241,17.550319,78.462922
mall,Mall_4242,17.556568,78.46558
school,School_4243,17.556271,78.462217
bank,Bank_4244,17.636751,78.587242
bank,Bank_4245,17.635949,78.580049
bank,Bank_4246,17.635948,78.584597
hospital,Hospital_4247,17.636026,78.588125
restaurant,Restaurant_4248,17.641814,78.585959
bus_stop,Bus_stop_4249,17.631116,78.586586
market,Market_4250,17.635222,78.588263
restaurant,Restaurant_4251,17.627043,78.588987
restaurant,Restaurant_4252,17.633253,78.593305
market,Market_4253,17.640779,78.596679
school,School_4254,17.626194,78.582672
school,School_4255,17.631196,78.588784
bus_stop,Bus_stop_4256,17.632302,78.586469
school,School_4257,17.630775,78.59204
bus_stop,Bus_stop_4258,17.637942,78.579148
bus_stop,Bus_stop_4259,17.632947,78.58081
shop,Shop_4260,17.630199,78.588649
bus_stop,Bus_stop_4261,17.634103,78.592342
shop,Shop_4262,17.633658,78.587756
school,School_4263,17.636859,78.585384
hospital,Hospital_4264,17.632206,78.588861
school,School_4265,17.634279,78.587584
mall,Mall_4266,17.633565,78.588618
market,Market_4267,17.124523,78.383347
bank,Bank_4268,17.124067,78.386953
bus_stop,Bus_stop_4269,17.117712,78.379914
hospital,Hospital_4270,17.118899,78.381639
market,Market_4271,17.123738,78.387416
bank,Bank_4272,17.124193,78.384323
restaurant,Restaurant_4273,17.116286,78.392237
school,School_4274,17.111435,78.393372
school,School_4275,17.112645,78.393345
shop,Shop_4276,17.112518,78.380725
mall,Mall_4277,17.11612,78.394171
restaurant,Restaurant_4278,17.119939,78.387868
hospital,Hospital_4279,17.125252,78.386133
bus_stop,Bus_stop_4280,17.53396,78.465648
mall,Mall_4281,17.540703,78.468624
mall,Mall_4282,17.54014,78.470693
bank,Bank_4283,17.531973,78.45729
bank,Bank_4284,17.533007,78.467717
shop,Shop_4285,17.529322,78.472377
bank,Bank_4286,17.534362,78.45862
school,School_4287,17.542286,78.463281
market,Market_4288,17.539016,78.462174
school,School_4289,17.526186,78.468586
bank,Bank_4290,17.535284,78.463706
mall,Mall_4291,17.534714,78.47135
school,School_4292,17.532366,78.461591
hospital,Hospital_4293,17.528434,78.456995
market,Market_4294,17.533539,78.460285
shop,Shop_4295,17.543131,78.456983
restaurant,Restaurant_4296,17.53222,78.468119
bank,Bank_4297,17.532604,78.461716
bus_stop,Bus_stop_4298,17.542442,78.469796
restaurant,Restaurant_4299,17.52842,78.45685
bus_stop,Bus_stop_4300,17.534829,78.457135
bus_stop,Bus_stop_4301,17.542366,78.457709
bank,Bank_4302,17.182914,78.548586
bus_stop,Bus_stop_4303,17.176847,78.559448
hospital,Hospital_4304,17.186437,78.556545
mall,Mall_4305,17.181714,78.555817
bank,Bank_4306,17.180821,78.556865
hospital,Hospital_4307,17.181911,78.550606
bank,Bank_4308,17.180532,78.551436
mall,Mall_4309,17.176811,78.546412
restaurant,Restaurant_4310,17.184118,78.556157
bus_stop,Bus_stop_4311,17.175815,78.554615
school,School_4312,17.176453,78.561355
hospital,Hospital_4313,17.187208,78.560344
bus_stop,Bus_stop_4314,17.182943,78.562198
restaurant,Restaurant_4315,17.393357,78.218267
market,Market_4316,17.382156,78.214567
mall,Mall_4317,17.392281,78.216269
shop,Shop_4318,17.382959,78.214038
bus_stop,Bus_stop_4319,17.38498,78.220614
hospital,Hospital_4320,17.550481,78.401562
shop,Shop_4321,17.54967,78.391289
hospital,Hospital_4322,17.55051,78.402019
restaurant,Restaurant_4323,17.550831,78.396867
shop,Shop_4324,17.555157,78.402623
market,Market_4325,17.553828,78.404285
shop,Shop_4326,17.551253,78.389944
restaurant,Restaurant_4327,17.555611,78.399538
school,School_4328,17.552629,78.399355
mall,Mall_4329,17.556997,78.402938
hospital,Hospital_4330,17.55424,78.394033
hospital,Hospital_4331,17.549923,78.397227
school,School_4332,17.55291,78.388942
bank,Bank_4333,17.549785,78.390461
restaurant,Restaurant_4334,17.540455,78.394208
restaurant,Restaurant_4335,17.550575,78.396052
hospital,Hospital_4336,17.55706,78.391444
bank,Bank_4337,17.550112,78.392696
school,School_4338,17.555224,78.387288
mall,Mall_4339,17.550804,78.392612
hospital,Hospital_4340,17.546289,78.391109
market,Market_4341,17.539449,78.398012
bank,Bank_4342,17.547817,78.405274
bus_stop,Bus_stop_4343,17.551802,78.392866
hospital,Hospital_4344,17.727377,78.352663
bus_stop,Bus_stop_4345,17.727559,78.35856
school,School_4346,17.717815,78.352877
bus_stop,Bus_stop_4347,17.720383,78.356649
school,School_4348,17.723401,78.352754
hospital,Hospital_4349,17.723226,78.35646
restaurant,Restaurant_4350,17.724748,78.358111
hospital,Hospital_4351,17.72586,78.35898
restaurant,Restaurant_4352,17.7214,78.352408
hospital,Hospital_4353,17.728184,78.350814
market,Market_4354,17.733072,78.357654
shop,Shop_4355,17.723645,78.35105
bank,Bank_4356,17.72265,78.351271
school,School_4357,17.728553,78.357274
market,Market_4358,17.730772,78.352271
mall,Mall_4359,17.726981,78.35921
mall,Mall_4360,17.719342,78.359583
school,School_4361,17.728132,78.358485
bus_stop,Bus_stop_4362,17.726836,78.355813
bus_stop,Bus_stop_4363,17.721306,78.36533
restaurant,Restaurant_4364,17.720928,78.35933
hospital,Hospital_4365,17.72385,78.348201
mall,Mall_4366,17.730393,78.366501
bus_stop,Bus_stop_4367,17.730772,78.347909
hospital,Hospital_4368,17.725093,78.363906
bus_stop,Bus_stop_4369,17.72294,78.348992
hospital,Hospital_4370,17.725546,78.350939
market,Market_4371,17.725228,78.355704
mall,Mall_4372,17.192113,78.584054
mall,Mall_4373,17.201811,78.584068
hospital,Hospital_4374,17.196377,78.588564
restaurant,Restaurant_4375,17.198957,78.586826
bank,Bank_4376,17.197801,78.58652
shop,Shop_4377,17.196798,78.59083
shop,Shop_4378,17.193578,78.582767
hospital,Hospital_4379,17.204809,78.588903
bus_stop,Bus_stop_4380,17.626721,78.410408
mall,Mall_4381,17.620666,78.416665
market,Market_4382,17.614875,78.412698
bank,Bank_4383,17.625505,78.419223
bus_stop,Bus_stop_4384,17.621263,78.415789
shop,Shop_4385,17.621114,78.414936
bus_stop,Bus_stop_4386,17.622228,78.412922
hospital,Hospital_4387,17.618453,78.409405
restaurant,Restaurant_4388,17.61613,78.411841
bus_stop,Bus_stop_4389,17.6152,78.415427
bus_stop,Bus_stop_4390,17.61228,78.419058
bus_stop,Bus_stop_4391,17.619382,78.40513
restaurant,Restaurant_4392,17.614856,78.416568
school,School_4393,17.616748,78.425897
bus_stop,Bus_stop_4394,17.621006,78.415236
bus_stop,Bus_stop_4395,17.47514,78.873542
restaurant,Restaurant_4396,17.472421,78.874815
market,Market_4397,17.474356,78.875235
hospital,Hospital_4398,17.470854,78.873032
bank,Bank_4399,17.471368,78.870568
market,Market_4400,17.477459,78.877053
bus_stop,Bus_stop_4401,17.636566,78.625631
restaurant,Restaurant_4402,17.63484,78.630707
bank,Bank_4403,17.633777,78.636663
school,School_4404,17.62737,78.632306
hospital,Hospital_4405,17.639811,78.621141
hospital,Hospital_4406,17.629525,78.633817
shop,Shop_4407,17.629867,78.622441
restaurant,Restaurant_4408,17.631456,78.628854
bank,Bank_4409,17.630963,78.627725
school,School_4410,17.625286,78.626943
market,Market_4411,17.624759,78.628874
shop,Shop_4412,17.638934,78.630521
bus_stop,Bus_stop_4413,17.637081,78.62311
hospital,Hospital_4414,17.627165,78.629172
school,School_4415,17.632339,78.629071
restaurant,Restaurant_4416,17.635096,78.621967
school,School_4417,17.629703,78.630989
bank,Bank_4418,17.629891,78.629747
market,Market_4419,17.277697,78.368692
mall,Mall_4420,17.270739,78.377329
restaurant,Restaurant_4421,17.271582,78.371487
school,School_4422,17.268724,78.367652
bank,Bank_4423,17.284257,78.368726
shop,Shop_4424,17.50189,78.585163
mall,Mall_4425,17.492927,78.60099
hospital,Hospital_4426,17.493993,78.592148
market,Market_4427,17.495289,78.589819
hospital,Hospital_4428,17.494434,78.598502
school,School_4429,17.497806,78.588619
mall,Mall_4430,17.4939,78.604574
mall,Mall_4431,17.488186,78.593861
bus_stop,Bus_stop_4432,17.504398,78.594302
mall,Mall_4433,17.501869,78.58851
bank,Bank_4434,17.495263,78.592767
hospital,Hospital_4435,17.496077,78.596459
mall,Mall_4436,17.494037,78.595662
bus_stop,Bus_stop_4437,17.488955,78.586842
mall,Mall_4438,17.490237,78.598755
bus_stop,Bus_stop_4439,17.503877,78.589501
restaurant,Restaurant_4440,17.493822,78.593659
school,School_4441,17.315017,78.501568
restaurant,Restaurant_4442,17.317475,78.504972
market,Market_4443,17.313252,78.512722
bank,Bank_4444,17.309952,78.509625
bank,Bank_4445,17.310967,78.503386
market,Market_4446,17.305559,78.509238
bus_stop,Bus_stop_4447,17.314698,78.510606
mall,Mall_4448,17.30577,78.50565
shop,Shop_4449,17.31254,78.506617
shop,Shop_4450,17.308226,78.495794
hospital,Hospital_4451,17.313204,78.505486
shop,Shop_4452,17.307458,78.50311
mall,Mall_4453,17.319934,78.508075
mall,Mall_4454,17.310676,78.500372
restaurant,Restaurant_4455,17.311891,78.509704
mall,Mall_4456,17.318701,78.497764
bus_stop,Bus_stop_4457,17.313326,78.505072
bus_stop,Bus_stop_4458,17.309364,78.505442
market,Market_4459,17.309886,78.504462
shop,Shop_4460,17.318421,78.504934
restaurant,Restaurant_4461,17.31313,78.507512
restaurant,Restaurant_4462,17.312213,78.502445
hospital,Hospital_4463,17.30553,78.504898
bank,Bank_4464,17.309148,78.50867
market,Market_4465,17.314227,78.505697
hospital,Hospital_4466,17.311472,78.504597
restaurant,Restaurant_4467,17.319053,78.512865
market,Market_4468,17.317041,78.50554
bus_stop,Bus_stop_4469,17.322655,78.506462
bank,Bank_4470,17.314223,78.509004
shop,Shop_4471,17.307628,78.506024
hospital,Hospital_4472,17.311345,78.504662
hospital,Hospital_4473,17.30973,78.502306
bank,Bank_4474,17.318701,78.499127
shop,Shop_4475,17.312842,78.502579
mall,Mall_4476,17.320811,78.512104
mall,Mall_4477,17.311357,78.505423
shop,Shop_4478,17.318155,78.503582
bus_stop,Bus_stop_4479,17.312839,78.509598
hospital,Hospital_4480,17.310344,78.504859
restaurant,Restaurant_4481,17.310028,78.508848
market,Market_4482,17.312938,78.508966
restaurant,Restaurant_4483,17.312338,78.504444
restaurant,Restaurant_4484,17.324378,78.532016
school,School_4485,17.323735,78.524182
mall,Mall_4486,17.332084,78.531744
mall,Mall_4487,17.31831,78.528264
school,School_4488,17.316398,78.536721
hospital,Hospital_4489,17.331517,78.536989
market,Market_4490,17.328518,78.53404
restaurant,Restaurant_4491,17.316085,78.532245
hospital,Hospital_4492,17.333968,78.534925
bus_stop,Bus_stop_4493,17.323874,78.531627
mall,Mall_4494,17.325701,78.53249
mall,Mall_4495,17.322881,78.532115
bank,Bank_4496,17.324633,78.532583
restaurant,Restaurant_4497,17.326725,78.532652
bus_stop,Bus_stop_4498,17.330153,78.527727
hospital,Hospital_4499,17.324555,78.542457
restaurant,Restaurant_4500,17.332661,78.528326
bus_stop,Bus_stop_4501,17.317616,78.532878
mall,Mall_4502,17.332109,78.534791
market,Market_4503,17.320246,78.537717
hospital,Hospital_4504,17.322782,78.531982
restaurant,Restaurant_4505,17.321645,78.529188
bus_stop,Bus_stop_4506,17.320839,78.535028
restaurant,Restaurant_4507,17.31992,78.527908
shop,Shop_4508,17.328585,78.529491
shop,Shop_4509,17.323492,78.534697
shop,Shop_4510,17.317163,78.541777
shop,Shop_4511,17.322761,78.538557
school,School_4512,17.330013,78.54079
bank,Bank_4513,17.322257,78.533908
mall,Mall_4514,17.325597,78.536161
hospital,Hospital_4515,17.327004,78.543762
market,Market_4516,17.325475,78.531403
restaurant,Restaurant_4517,17.644202,78.637215
hospital,Hospital_4518,17.642296,78.625762
school,School_4519,17.641607,78.619534
school,School_4520,17.644523,78.630384
shop,Shop_4521,17.638839,78.628742
shop,Shop_4522,17.630396,78.631889
school,School_4523,17.635278,78.629495
bank,Bank_4524,17.641804,78.6288
restaurant,Restaurant_4525,17.641404,78.62344
restaurant,Restaurant_4526,17.636021,78.638289
shop,Shop_4527,17.644507,78.628928
restaurant,Restaurant_4528,17.641535,78.631939
bank,Bank_4529,17.64819,78.631668
bank,Bank_4530,17.637493,78.631448
bus_stop,Bus_stop_4531,17.634852,78.626753
bus_stop,Bus_stop_4532,17.631681,78.627266
shop,Shop_4533,17.636599,78.629566
market,Market_4534,17.63894,78.628835
shop,Shop_4535,17.641538,78.631972
market,Market_4536,17.63957,78.638542
mall,Mall_4537,17.644991,78.626837
bank,Bank_4538,17.640281,78.622555
shop,Shop_4539,17.640801,78.630019
market,Market_4540,17.641858,78.62385
restaurant,Restaurant_4541,17.642117,78.637953
market,Market_4542,17.637205,78.63332
bank,Bank_4543,17.640379,78.629357
shop,Shop_4544,17.639711,78.626087
market,Market_4545,17.631184,78.631174
school,School_4546,17.646446,78.624359
bank,Bank_4547,17.640858,78.630089
mall,Mall_4548,17.634116,78.6305
school,School_4549,17.643225,78.623636
bank,Bank_4550,17.647422,78.627388
restaurant,Restaurant_4551,17.635534,78.629384
shop,Shop_4552,17.641879,78.631143
restaurant,Restaurant_4553,17.643642,78.624303
bank,Bank_4554,17.644039,78.623696
restaurant,Restaurant_4555,17.639401,78.634454
bank,Bank_4556,17.245408,78.835416
hospital,Hospital_4557,17.246166,78.834046
market,Market_4558,17.248025,78.841307
hospital,Hospital_4559,17.243477,78.840701
shop,Shop_4560,17.240194,78.850419
mall,Mall_4561,17.243523,78.851435
restaurant,Restaurant_4562,17.238807,78.848762
restaurant,Restaurant_4563,17.250135,78.83637
shop,Shop_4564,17.249109,78.843835
market,Market_4565,17.252687,78.832908
shop,Shop_4566,17.245014,78.842439
bus_stop,Bus_stop_4567,17.251604,78.833061
bank,Bank_4568,17.249361,78.838469
bus_stop,Bus_stop_4569,17.242452,78.84475
hospital,Hospital_4570,17.245038,78.842371
hospital,Hospital_4571,17.238206,78.846116
market,Market_4572,17.246243,78.847399
market,Market_4573,17.251157,78.844484
school,School_4574,17.245539,78.84195
shop,Shop_4575,17.242295,78.842328
bank,Bank_4576,17.247238,78.841979
school,School_4577,17.247329,78.84206
bus_stop,Bus_stop_4578,17.255979,78.840311
bank,Bank_4579,17.241509,78.842141
bus_stop,Bus_stop_4580,17.244451,78.851646
restaurant,Restaurant_4581,17.243769,78.84008
market,Market_4582,17.249438,78.834072
mall,Mall_4583,17.239362,78.844473
bank,Bank_4584,17.241629,78.839871
restaurant,Restaurant_4585,17.247036,78.84113
mall,Mall_4586,17.535326,78.532171
market,Market_4587,17.53134,78.532555
restaurant,Restaurant_4588,17.532275,78.541049
shop,Shop_4589,17.532842,78.534771
school,School_4590,17.528618,78.526844
bank,Bank_4591,17.541446,78.535812
mall,Mall_4592,17.535249,78.53638
hospital,Hospital_4593,17.534062,78.534845
bus_stop,Bus_stop_4594,17.538038,78.536162
bank,Bank_4595,17.540265,78.53042
bank,Bank_4596,17.534003,78.534716
school,School_4597,17.534403,78.53031
hospital,Hospital_4598,17.534716,78.535212
bank,Bank_4599,17.538492,78.543806
school,School_4600,17.533725,78.533592
restaurant,Restaurant_4601,17.532185,78.544956
shop,Shop_4602,17.53446,78.536597
bus_stop,Bus_stop_4603,17.538921,78.534846
bank,Bank_4604,17.542906,78.529496
mall,Mall_4605,17.535263,78.534609
shop,Shop_4606,17.529146,78.528293
school,School_4607,17.535121,78.536928
school,School_4608,17.186451,78.680704
bus_stop,Bus_stop_4609,17.176862,78.672907
bus_stop,Bus_stop_4610,17.175321,78.6788
bus_stop,Bus_stop_4611,17.18171,78.680385
mall,Mall_4612,17.181867,78.680325
shop,Shop_4613,17.188289,78.677449
bank,Bank_4614,17.173845,78.685514
bus_stop,Bus_stop_4615,17.179398,78.679781
bank,Bank_4616,17.181409,78.680929
restaurant,Restaurant_4617,17.179937,78.681518
school,School_4618,17.189025,78.67487
market,Market_4619,17.176011,78.684277
school,School_4620,17.180906,78.679717
shop,Shop_4621,17.183111,78.678336
hospital,Hospital_4622,17.188798,78.676582
market,Market_4623,17.182011,78.690848
restaurant,Restaurant_4624,17.185368,78.686797
shop,Shop_4625,17.184416,78.679293
bus_stop,Bus_stop_4626,17.182063,78.678922
bank,Bank_4627,17.417564,78.671242
bank,Bank_4628,17.433256,78.674783
market,Market_4629,17.427617,78.670344
mall,Mall_4630,17.432644,78.666263
mall,Mall_4631,17.431012,78.68184
bus_stop,Bus_stop_4632,17.426228,78.672219
shop,Shop_4633,17.429822,78.665859
shop,Shop_4634,17.436766,78.66982
school,School_4635,17.427659,78.676584
market,Market_4636,17.428501,78.672445
hospital,Hospital_4637,17.429228,78.674033
restaurant,Restaurant_4638,17.427023,78.663836
mall,Mall_4639,17.437337,78.678046
mall,Mall_4640,17.427589,78.678037
shop,Shop_4641,17.429265,78.672062
hospital,Hospital_4642,17.428378,78.672213
bus_stop,Bus_stop_4643,17.422572,78.664276
bus_stop,Bus_stop_4644,17.428011,78.672176
mall,Mall_4645,17.420208,78.671687
mall,Mall_4646,17.428062,78.672355
school,School_4647,17.424543,78.674013
shop,Shop_4648,17.427448,78.673562
shop,Shop_4649,17.428365,78.671282
bus_stop,Bus_stop_4650,17.435822,78.668721
shop,Shop_4651,17.432007,78.67164
market,Market_4652,17.424366,78.669847
bank,Bank_4653,17.421134,78.674865
shop,Shop_4654,17.428563,78.683449
bank,Bank_4655,17.42471,78.680872
school,School_4656,17.422813,78.675524
mall,Mall_4657,17.428222,78.666537
school,School_4658,17.426652,78.670974
mall,Mall_4659,17.432933,78.678456
restaurant,Restaurant_4660,17.382806,78.443902
bank,Bank_4661,17.378148,78.451013
school,School_4662,17.38632,78.453297
hospital,Hospital_4663,17.376739,78.449283
bus_stop,Bus_stop_4664,17.377575,78.448808
hospital,Hospital_4665,17.376382,78.449132
mall,Mall_4666,17.677547,78.458502
bank,Bank_4667,17.676655,78.467206
bus_stop,Bus_stop_4668,17.671974,78.46732
restaurant,Restaurant_4669,17.672207,78.467208
hospital,Hospital_4670,17.679423,78.469954
bus_stop,Bus_stop_4671,17.680439,78.468742
school,School_4672,17.683316,78.470215
bank,Bank_4673,17.680932,78.468098
bank,Bank_4674,17.678788,78.467881
mall,Mall_4675,17.683554,78.47416
school,School_4676,17.675106,78.470214
bus_stop,Bus_stop_4677,17.680229,78.473652
hospital,Hospital_4678,17.683485,78.468934
market,Market_4679,17.676472,78.468056
mall,Mall_4680,17.677483,78.465465
restaurant,Restaurant_4681,17.677347,78.485424
market,Market_4682,17.684165,78.49472
bank,Bank_4683,17.678299,78.487055
school,School_4684,17.680962,78.488245
mall,Mall_4685,17.68199,78.487466
restaurant,Restaurant_4686,17.685331,78.489696
mall,Mall_4687,17.680975,78.490052
hospital,Hospital_4688,17.684916,78.491396
restaurant,Restaurant_4689,17.67636,78.488702
bank,Bank_4690,17.6775,78.491443
bank,Bank_4691,17.67459,78.485157
shop,Shop_4692,17.68056,78.498925
school,School_4693,17.681185,78.494776
shop,Shop_4694,17.680789,78.479984
school,School_4695,17.675665,78.489188
school,School_4696,17.683611,78.489079
market,Market_4697,17.681732,78.488192
restaurant,Restaurant_4698,17.680449,78.487742
market,Market_4699,17.680358,78.487888
restaurant,Restaurant_4700,17.670361,78.488998
school,School_4701,17.578036,78.364063
mall,Mall_4702,17.581054,78.359452
restaurant,Restaurant_4703,17.568646,78.366533
mall,Mall_4704,17.571236,78.369391
bank,Bank_4705,17.574059,78.354494
bank,Bank_4706,17.587265,78.367885
restaurant,Restaurant_4707,17.578844,78.36327
hospital,Hospital_4708,17.578101,78.362283
restaurant,Restaurant_4709,17.58195,78.365551
market,Market_4710,17.575231,78.367122
bank,Bank_4711,17.570935,78.359249
school,School_4712,17.580962,78.355621
school,School_4713,17.583208,78.353339
restaurant,Restaurant_4714,17.579153,78.360873
shop,Shop_4715,17.579731,78.354582
hospital,Hospital_4716,17.579448,78.36836
bus_stop,Bus_stop_4717,17.577756,78.367445
hospital,Hospital_4718,17.577058,78.362083
market,Market_4719,17.390427,78.677578
hospital,Hospital_4720,17.402195,78.687172
restaurant,Restaurant_4721,17.402883,78.681016
bank,Bank_4722,17.391846,78.677899
restaurant,Restaurant_4723,17.392271,78.679131
hospital,Hospital_4724,17.396248,78.67794
bus_stop,Bus_stop_4725,17.396496,78.680185
mall,Mall_4726,17.40137,78.676438
shop,Shop_4727,17.395782,78.678777
restaurant,Restaurant_4728,17.402777,78.684458
bank,Bank_4729,17.405104,78.682851
shop,Shop_4730,17.396296,78.678286
shop,Shop_4731,17.392524,78.678411
bus_stop,Bus_stop_4732,17.390829,78.671724
market,Market_4733,17.395962,78.677294
market,Market_4734,17.396451,78.680024
shop,Shop_4735,17.396485,78.680568
shop,Shop_4736,17.390155,78.675187
hospital,Hospital_4737,17.398227,78.676937
mall,Mall_4738,17.395333,78.689411
mall,Mall_4739,17.396273,78.67963
hospital,Hospital_4740,17.237332,78.595657
mall,Mall_4741,17.22846,78.598166
restaurant,Restaurant_4742,17.235134,78.606712
bus_stop,Bus_stop_4743,17.240127,78.606562
hospital,Hospital_4744,17.233585,78.600739
market,Market_4745,17.232365,78.608358
mall,Mall_4746,17.228715,78.599786
bus_stop,Bus_stop_4747,17.239389,78.604008
market,Market_4748,17.2427,78.597913
market,Market_4749,17.233359,78.599859
market,Market_4750,17.22617,78.60728
mall,Mall_4751,17.243841,78.599214
market,Market_4752,17.237466,78.608606
hospital,Hospital_4753,17.224919,78.598818
shop,Shop_4754,17.238615,78.603748
restaurant,Restaurant_4755,17.23793,78.603235
market,Market_4756,17.233534,78.595059
hospital,Hospital_4757,17.233568,78.592795
mall,Mall_4758,17.233278,78.597243
market,Market_4759,17.234439,78.601912
restaurant,Restaurant_4760,17.229486,78.593304
shop,Shop_4761,17.235946,78.5983
restaurant,Restaurant_4762,17.231277,78.605814
shop,Shop_4763,17.231338,78.600978
mall,Mall_4764,17.233094,78.598396
market,Market_4765,17.236162,78.608445
hospital,Hospital_4766,17.232993,78.600754
bus_stop,Bus_stop_4767,17.233861,78.600131
market,Market_4768,17.239955,78.608765
restaurant,Restaurant_4769,17.233808,78.594819
shop,Shop_4770,17.233709,78.597259
market,Market_4771,17.236755,78.596396
school,School_4772,17.229186,78.593512
bank,Bank_4773,17.232722,78.600015
hospital,Hospital_4774,17.235614,78.60992
bus_stop,Bus_stop_4775,17.223506,78.603283
mall,Mall_4776,17.235506,78.597251
restaurant,Restaurant_4777,17.23189,78.597922
shop,Shop_4778,17.235269,78.600699
school,School_4779,17.232208,78.602874
mall,Mall_4780,17.231177,78.605618
school,School_4781,17.230924,78.598213
hospital,Hospital_4782,17.230265,78.605815
bus_stop,Bus_stop_4783,17.227013,78.599474
bank,Bank_4784,17.241496,78.599787
restaurant,Restaurant_4785,17.241107,78.593101
school,School_4786,17.228896,78.600166
bank,Bank_4787,17.244201,78.601836
mall,Mall_4788,17.226621,78.592354
bank,Bank_4789,17.634833,78.348314
restaurant,Restaurant_4790,17.639835,78.3583
hospital,Hospital_4791,17.637286,78.363035
shop,Shop_4792,17.641225,78.345774
bank,Bank_4793,17.633157,78.345436
school,School_4794,17.637559,78.347726
hospital,Hospital_4795,17.637052,78.352963
bus_stop,Bus_stop_4796,17.643752,78.353777
bus_stop,Bus_stop_4797,17.642687,78.347624
shop,Shop_4798,17.629863,78.361111
school,School_4799,17.640389,78.346217
market,Market_4800,17.635214,78.355727
restaurant,Restaurant_4801,17.628965,78.351775
market,Market_4802,17.636921,78.34138
bank,Bank_4803,17.628388,78.353968
restaurant,Restaurant_4804,17.633586,78.354693
restaurant,Restaurant_4805,17.631619,78.356224
mall,Mall_4806,17.629655,78.344464
mall,Mall_4807,17.634522,78.352105
hospital,Hospital_4808,17.634579,78.352285
hospital,Hospital_4809,17.629278,78.354497
school,School_4810,17.638853,78.360587
mall,Mall_4811,17.633325,78.362133
hospital,Hospital_4812,17.632987,78.362199
market,Market_4813,17.634299,78.349237
bank,Bank_4814,17.630812,78.349646
hospital,Hospital_4815,17.634572,78.352178
shop,Shop_4816,17.632123,78.350935
market,Market_4817,17.628686,78.347982
shop,Shop_4818,17.631713,78.36009
market,Market_4819,17.633985,78.353875
market,Market_4820,17.635858,78.356269
bank,Bank_4821,17.631169,78.341966
market,Market_4822,17.63075,78.355542
bank,Bank_4823,17.636756,78.357018
restaurant,Restaurant_4824,17.640262,78.353241
school,School_4825,17.641763,78.345844
market,Market_4826,17.63043,78.351285
school,School_4827,17.251235,78.509307
shop,Shop_4828,17.248215,78.50336
hospital,Hospital_4829,17.250173,78.505127
shop,Shop_4830,17.252651,78.498668
mall,Mall_4831,17.252592,78.510245
bus_stop,Bus_stop_4832,17.491169,78.647171
restaurant,Restaurant_4833,17.489497,78.646868
bank,Bank_4834,17.49716,78.650812
mall,Mall_4835,17.491205,78.647094
restaurant,Restaurant_4836,17.491028,78.645357
school,School_4837,17.487448,78.650916
restaurant,Restaurant_4838,17.489267,78.651912
bus_stop,Bus_stop_4839,17.495912,78.641447
bus_stop,Bus_stop_4840,17.491854,78.647992
mall,Mall_4841,17.486171,78.655429
market,Market_4842,17.56507,78.254677
school,School_4843,17.562694,78.244792
school,School_4844,17.559582,78.248183
shop,Shop_4845,17.565435,78.250785
mall,Mall_4846,17.564888,78.248833
hospital,Hospital_4847,17.570816,78.246065
bus_stop,Bus_stop_4848,17.563295,78.257221
school,School_4849,17.565935,78.24367
hospital,Hospital_4850,17.565157,78.251072
bank,Bank_4851,17.566535,78.25263
hospital,Hospital_4852,17.566013,78.253309
restaurant,Restaurant_4853,17.567518,78.253221
shop,Shop_4854,17.560139,78.246895
bank,Bank_4855,17.5616,78.251072
school,School_4856,17.56448,78.254514
bus_stop,Bus_stop_4857,17.564003,78.258722
bank,Bank_4858,17.573121,78.25357
bus_stop,Bus_stop_4859,17.565141,78.253271
bus_stop,Bus_stop_4860,17.570663,78.260355
restaurant,Restaurant_4861,17.562841,78.252631
hospital,Hospital_4862,17.559687,78.255517
bus_stop,Bus_stop_4863,17.56102,78.254724
shop,Shop_4864,17.539065,78.477558
school,School_4865,17.539332,78.479515
bus_stop,Bus_stop_4866,17.546817,78.472396
hospital,Hospital_4867,17.537157,78.488363
school,School_4868,17.539849,78.474593
hospital,Hospital_4869,17.535446,78.476572
hospital,Hospital_4870,17.540045,78.486144
hospital,Hospital_4871,17.540903,78.480631
restaurant,Restaurant_4872,17.530077,78.476163
hospital,Hospital_4873,17.531701,78.479003
shop,Shop_4874,17.540367,78.483889
shop,Shop_4875,17.528888,78.476835
hospital,Hospital_4876,17.539693,78.47714
bus_stop,Bus_stop_4877,17.543252,78.487358
restaurant,Restaurant_4878,17.533661,78.480127
bank,Bank_4879,17.535787,78.478816
bank,Bank_4880,17.547309,78.477126
restaurant,Restaurant_4881,17.538307,78.479203
school,School_4882,17.537348,78.477586
bank,Bank_4883,17.541341,78.477847
restaurant,Restaurant_4884,17.539119,78.473939
market,Market_4885,17.53312,78.481974
hospital,Hospital_4886,17.540116,78.479558
restaurant,Restaurant_4887,17.489624,78.243094
bus_stop,Bus_stop_4888,17.489575,78.24428
bank,Bank_4889,17.495941,78.24705
hospital,Hospital_4890,17.501691,78.247974
restaurant,Restaurant_4891,17.506839,78.246927
shop,Shop_4892,17.503295,78.23705
hospital,Hospital_4893,17.498694,78.251402
bus_stop,Bus_stop_4894,17.504559,78.248412
bus_stop,Bus_stop_4895,17.497971,78.246414
school,School_4896,17.494949,78.239857
hospital,Hospital_4897,17.494863,78.250968
bus_stop,Bus_stop_4898,17.502812,78.238773
bank,Bank_4899,17.356298,78.74438
school,School_4900,17.354377,78.738717
shop,Shop_4901,17.358388,78.74066
market,Market_4902,17.356532,78.737997
bus_stop,Bus_stop_4903,17.353575,78.747339
shop,Shop_4904,17.357205,78.74123
hospital,Hospital_4905,17.358408,78.742961
bus_stop,Bus_stop_4906,17.367554,78.738612
school,School_4907,17.359724,78.748152
bank,Bank_4908,17.356885,78.741199
hospital,Hospital_4909,17.357498,78.744758
mall,Mall_4910,17.353459,78.742054
bank,Bank_4911,17.350021,78.74396
bus_stop,Bus_stop_4912,17.356307,78.731166
bank,Bank_4913,17.356861,78.736838
bus_stop,Bus_stop_4914,17.352412,78.739127
hospital,Hospital_4915,17.361874,78.74939
restaurant,Restaurant_4916,17.357411,78.741444
bus_stop,Bus_stop_4917,17.356283,78.750767
bank,Bank_4918,17.362959,78.743229
hospital,Hospital_4919,17.357704,78.749465
market,Market_4920,17.355609,78.743789
bank,Bank_4921,17.359786,78.738403
shop,Shop_4922,17.35655,78.739808
bus_stop,Bus_stop_4923,17.356458,78.73634
shop,Shop_4924,17.361707,78.746339
bank,Bank_4925,17.356766,78.741543
restaurant,Restaurant_4926,17.360907,78.741046
bank,Bank_4927,17.358308,78.74274
restaurant,Restaurant_4928,17.366095,78.745088
restaurant,Restaurant_4929,17.354817,78.74551
restaurant,Restaurant_4930,17.354283,78.743773
bank,Bank_4931,17.353997,78.744912
hospital,Hospital_4932,17.473114,78.345964
hospital,Hospital_4933,17.475688,78.341787
bus_stop,Bus_stop_4934,17.469737,78.343953
bus_stop,Bus_stop_4935,17.477674,78.352905
restaurant,Restaurant_4936,17.477291,78.334454
bus_stop,Bus_stop_4937,17.467596,78.343145
restaurant,Restaurant_4938,17.480188,78.349424
mall,Mall_4939,17.474783,78.347487
shop,Shop_4940,17.474767,78.348521
shop,Shop_4941,17.472901,78.342027
bus_stop,Bus_stop_4942,17.481875,78.348318
school,School_4943,17.467551,78.347961
market,Market_4944,17.466035,78.342268
market,Market_4945,17.473113,78.336309
market,Market_4946,17.476856,78.340005
school,School_4947,17.473201,78.344492
bus_stop,Bus_stop_4948,17.470324,78.342954
hospital,Hospital_4949,17.466054,78.347227
bus_stop,Bus_stop_4950,17.472415,78.344137
shop,Shop_4951,17.467194,78.336261
mall,Mall_4952,17.472125,78.349227
market,Market_4953,17.477707,78.35074
school,School_4954,17.472978,78.345008
bank,Bank_4955,17.476594,78.353179
mall,Mall_4956,17.472689,78.34348
bus_stop,Bus_stop_4957,17.464657,78.343032
shop,Shop_4958,17.469682,78.343943
market,Market_4959,17.472528,78.343426
mall,Mall_4960,17.472738,78.344426
bus_stop,Bus_stop_4961,17.468172,78.337017
bus_stop,Bus_stop_4962,17.472964,78.344589
restaurant,Restaurant_4963,17.466259,78.340434
mall,Mall_4964,17.476547,78.349577
hospital,Hospital_4965,17.467977,78.35328
bank,Bank_4966,17.474967,78.338268
bank,Bank_4967,17.480105,78.346616
hospital,Hospital_4968,17.466484,78.337935
bus_stop,Bus_stop_4969,17.475739,78.338489
hospital,Hospital_4970,17.471113,78.34518
shop,Shop_4971,17.47327,78.355575
bus_stop,Bus_stop_4972,17.473445,78.344334
shop,Shop_4973,17.479674,78.337141
mall,Mall_4974,17.471338,78.347197
bank,Bank_4975,17.47154,78.344672
restaurant,Restaurant_4976,17.469719,78.347349
mall,Mall_4977,17.471219,78.348374
restaurant,Restaurant_4978,17.470838,78.346801
mall,Mall_4979,17.475814,78.349508
school,School_4980,17.466807,78.336594
hospital,Hospital_4981,17.476784,78.335679
mall,Mall_4982,17.473001,78.346283
hospital,Hospital_4983,17.475733,78.345486
school,School_4984,17.473114,78.3445
school,School_4985,17.4731,78.351466
market,Market_4986,17.473976,78.349596
hospital,Hospital_4987,17.471163,78.345884
school,School_4988,17.474494,78.342696
market,Market_4989,17.480253,78.345733
restaurant,Restaurant_4990,17.465615,78.344826
bank,Bank_4991,17.471913,78.34496
bus_stop,Bus_stop_4992,17.662363,78.42472
mall,Mall_4993,17.65658,78.424458
mall,Mall_4994,17.664209,78.424575
bank,Bank_4995,17.661643,78.417573
mall,Mall_4996,17.655018,78.432827
hospital,Hospital_4997,17.655383,78.427091
restaurant,Restaurant_4998,17.661172,78.418839
shop,Shop_4999,17.660266,78.424738
hospital,Hospital_5000,17.661988,78.422541
mall,Mall_5001,17.65552,78.415905
school,School_5002,17.660417,78.423437
mall,Mall_5003,17.666549,78.419369
market,Market_5004,17.658972,78.425062
restaurant,Restaurant_5005,17.658376,78.424995
shop,Shop_5006,17.664546,78.427468
bus_stop,Bus_stop_5007,17.653225,78.415501
restaurant,Restaurant_5008,17.662196,78.425779
school,School_5009,17.657453,78.432068
shop,Shop_5010,17.66346,78.424109
bus_stop,Bus_stop_5011,17.664812,78.433533
restaurant,Restaurant_5012,17.66032,78.421081
school,School_5013,17.658541,78.427586
mall,Mall_5014,17.660942,78.423856
bank,Bank_5015,17.169011,78.312442
shop,Shop_5016,17.165941,78.302016
hospital,Hospital_5017,17.17231,78.301345
bus_stop,Bus_stop_5018,17.165008,78.314423
restaurant,Restaurant_5019,17.172251,78.313988
market,Market_5020,17.170619,78.305808
shop,Shop_5021,17.166258,78.310274
mall,Mall_5022,17.16576,78.305448
bank,Bank_5023,17.161976,78.307137
bus_stop,Bus_stop_5024,17.17239,78.30794
bank,Bank_5025,17.167011,78.302379
bus_stop,Bus_stop_5026,17.164692,78.303135
bank,Bank_5027,17.165923,78.308019
shop,Shop_5028,17.176766,78.308715
market,Market_5029,17.164043,78.302743
restaurant,Restaurant_5030,17.167892,78.300977
restaurant,Restaurant_5031,17.162463,78.3074
market,Market_5032,17.159502,78.300895
bus_stop,Bus_stop_5033,17.165427,78.310921
shop,Shop_5034,17.159193,78.301511
bus_stop,Bus_stop_5035,17.160312,78.306674
market,Market_5036,17.171807,78.311282
bus_stop,Bus_stop_5037,17.172737,78.30438
school,School_5038,17.164156,78.308913
restaurant,Restaurant_5039,17.162711,78.313069
mall,Mall_5040,17.167563,78.30575
bus_stop,Bus_stop_5041,17.167047,78.305618
bus_stop,Bus_stop_5042,17.166457,78.307401
mall,Mall_5043,17.167647,78.306415
shop,Shop_5044,17.167214,78.30641
hospital,Hospital_5045,17.164523,78.315242
mall,Mall_5046,17.169741,78.300065
bank,Bank_5047,17.17445,78.308126
school,School_5048,17.177168,78.304842
restaurant,Restaurant_5049,17.162279,78.303165
school,School_5050,17.160243,78.300709
mall,Mall_5051,17.163233,78.30671
school,School_5052,17.437712,78.622728
shop,Shop_5053,17.432884,78.615516
shop,Shop_5054,17.440678,78.614074
hospital,Hospital_5055,17.433447,78.61994
hospital,Hospital_5056,17.436103,78.621856
restaurant,Restaurant_5057,17.436534,78.615549
restaurant,Restaurant_5058,17.446989,78.619598
school,School_5059,17.439427,78.617545
hospital,Hospital_5060,17.444837,78.616213
shop,Shop_5061,17.431546,78.619195
bank,Bank_5062,17.441338,78.620873
hospital,Hospital_5063,17.440051,78.616828
bus_stop,Bus_stop_5064,17.442438,78.612035
restaurant,Restaurant_5065,17.434295,78.622758
hospital,Hospital_5066,17.443704,78.622293
bank,Bank_5067,17.43772,78.621662
school,School_5068,17.440916,78.617056
shop,Shop_5069,17.435577,78.622199
mall,Mall_5070,17.442383,78.619643
hospital,Hospital_5071,17.440002,78.608425
bank,Bank_5072,17.436,78.617579
bus_stop,Bus_stop_5073,17.438918,78.612341
market,Market_5074,17.439866,78.616169
mall,Mall_5075,17.439011,78.623044
bus_stop,Bus_stop_5076,17.438586,78.615559
bank,Bank_5077,17.431281,78.614939
hospital,Hospital_5078,17.443848,78.611598
mall,Mall_5079,17.444265,78.624403
shop,Shop_5080,17.438056,78.615842
bus_stop,Bus_stop_5081,17.444878,78.615897
bank,Bank_5082,17.439516,78.613333
mall,Mall_5083,17.44265,78.624207
mall,Mall_5084,17.443463,78.619794
mall,Mall_5085,17.439531,78.622515
hospital,Hospital_5086,17.440583,78.6191
shop,Shop_5087,17.445737,78.610895
shop,Shop_5088,17.439333,78.617528
school,School_5089,17.436159,78.619894
market,Market_5090,17.44634,78.617882
bank,Bank_5091,17.444631,78.614666
school,School_5092,17.433645,78.618088
bus_stop,Bus_stop_5093,17.439075,78.616976
hospital,Hospital_5094,17.440275,78.623438
market,Market_5095,17.446947,78.61629
shop,Shop_5096,17.442467,78.617428
hospital,Hospital_5097,17.439548,78.623418
hospital,Hospital_5098,17.42872,78.620289
school,School_5099,17.447618,78.613626
market,Market_5100,17.432696,78.617656
bank,Bank_5101,17.445681,78.619086
bank,Bank_5102,17.433867,78.618692
school,School_5103,17.438751,78.622223
restaurant,Restaurant_5104,17.439582,78.616741
school,School_5105,17.441182,78.61837
market,Market_5106,17.444868,78.615088
market,Market_5107,17.431305,78.623413
school,School_5108,17.428339,78.617846
hospital,Hospital_5109,17.440858,78.616709
restaurant,Restaurant_5110,17.437636,78.615819
bank,Bank_5111,17.441454,78.626739
shop,Shop_5112,17.130992,78.437887
mall,Mall_5113,17.119823,78.437851
bank,Bank_5114,17.117572,78.434249
restaurant,Restaurant_5115,17.123609,78.433252
school,School_5116,17.122836,78.433251
hospital,Hospital_5117,17.69646,78.714135
bank,Bank_5118,17.689784,78.704587
restaurant,Restaurant_5119,17.702868,78.70847
bank,Bank_5120,17.688812,78.720232
market,Market_5121,17.693621,78.721719
school,School_5122,17.696961,78.722038
school,School_5123,17.689082,78.711008
bus_stop,Bus_stop_5124,17.69498,78.713097
mall,Mall_5125,17.69723,78.712544
bus_stop,Bus_stop_5126,17.688374,78.720998
shop,Shop_5127,17.594012,78.346492
bank,Bank_5128,17.595634,78.337943
mall,Mall_5129,17.593658,78.35019
mall,Mall_5130,17.591802,78.339197
hospital,Hospital_5131,17.60376,78.342026
bank,Bank_5132,17.59568,78.358341
school,School_5133,17.603651,78.344189
restaurant,Restaurant_5134,17.596575,78.350229
shop,Shop_5135,17.595735,78.350819
bus_stop,Bus_stop_5136,17.591354,78.348081
restaurant,Restaurant_5137,17.597345,78.351492
bank,Bank_5138,17.598912,78.351508
hospital,Hospital_5139,17.604174,78.344027
hospital,Hospital_5140,17.600245,78.355892
market,Market_5141,17.597754,78.353194
hospital,Hospital_5142,17.605776,78.347963
mall,Mall_5143,17.59653,78.352182
market,Market_5144,17.596522,78.343017
mall,Mall_5145,17.600532,78.339318
school,School_5146,17.592765,78.34926
mall,Mall_5147,17.597706,78.348954
restaurant,Restaurant_5148,17.590994,78.341218
bank,Bank_5149,17.595312,78.347241
restaurant,Restaurant_5150,17.59823,78.339733
market,Market_5151,17.588401,78.345051
bank,Bank_5152,17.592903,78.340617
hospital,Hospital_5153,17.596926,78.345342
mall,Mall_5154,17.596254,78.349899
shop,Shop_5155,17.594088,78.359643
hospital,Hospital_5156,17.603825,78.353533
hospital,Hospital_5157,17.594912,78.349827
hospital,Hospital_5158,17.595993,78.347503
shop,Shop_5159,17.597355,78.358532
market,Market_5160,17.593449,78.352829
school,School_5161,17.596855,78.35474
restaurant,Restaurant_5162,17.598999,78.347758
mall,Mall_5163,17.600265,78.344692
bus_stop,Bus_stop_5164,17.596359,78.348373
bus_stop,Bus_stop_5165,17.59795,78.344911
shop,Shop_5166,17.597631,78.349541
shop,Shop_5167,17.595501,78.347359
hospital,Hospital_5168,17.596625,78.348893
mall,Mall_5169,17.59068,78.345129
hospital,Hospital_5170,17.594113,78.344704
bank,Bank_5171,17.598699,78.343784
restaurant,Restaurant_5172,17.602829,78.54033
market,Market_5173,17.616198,78.534814
hospital,Hospital_5174,17.606124,78.5281
bus_stop,Bus_stop_5175,17.607688,78.527455
restaurant,Restaurant_5176,17.601856,78.541405
restaurant,Restaurant_5177,17.600709,78.539045
shop,Shop_5178,17.607368,78.53837
school,School_5179,17.610605,78.532878
market,Market_5180,17.609144,78.545642
bank,Bank_5181,17.611436,78.528451
restaurant,Restaurant_5182,17.617745,78.539293
shop,Shop_5183,17.615401,78.540236
restaurant,Restaurant_5184,17.602557,78.530814
restaurant,Restaurant_5185,17.607571,78.537481
school,School_5186,17.601664,78.538914
market,Market_5187,17.6071,78.529575
bank,Bank_5188,17.612314,78.547796
market,Market_5189,17.611496,78.541062
mall,Mall_5190,17.612419,78.534583
mall,Mall_5191,17.6051,78.530784
school,School_5192,17.608051,78.539546
mall,Mall_5193,17.60561,78.537161
mall,Mall_5194,17.60898,78.538483
mall,Mall_5195,17.615561,78.531107
bank,Bank_5196,17.607731,78.539181
school,School_5197,17.601126,78.54198
market,Market_5198,17.6045,78.539419
bus_stop,Bus_stop_5199,17.611527,78.532329
bank,Bank_5200,17.606763,78.542831
bus_stop,Bus_stop_5201,17.603978,78.538304
restaurant,Restaurant_5202,17.610457,78.540257
restaurant,Restaurant_5203,17.597829,78.536599
restaurant,Restaurant_5204,17.758403,78.440535
school,School_5205,17.7551,78.432678
bank,Bank_5206,17.755384,78.433629
restaurant,Restaurant_5207,17.753422,78.426339
market,Market_5208,17.762349,78.432167
school,School_5209,17.757453,78.430037
bus_stop,Bus_stop_5210,17.755365,78.432878
bus_stop,Bus_stop_5211,17.756551,78.434042
school,School_5212,17.753247,78.431782
market,Market_5213,17.765296,78.431273
restaurant,Restaurant_5214,17.758357,78.433732
bus_stop,Bus_stop_5215,17.758981,78.434377
market,Market_5216,17.752488,78.436679
restaurant,Restaurant_5217,17.751263,78.439877
hospital,Hospital_5218,17.754553,78.434191
bank,Bank_5219,17.754499,78.433238
bank,Bank_5220,17.456356,78.545582
shop,Shop_5221,17.446725,78.546619
hospital,Hospital_5222,17.447951,78.551337
bank,Bank_5223,17.459486,78.551381
restaurant,Restaurant_5224,17.450226,78.552399
hospital,Hospital_5225,17.457101,78.554649
market,Market_5226,17.445826,78.555349
school,School_5227,17.461497,78.36476
market,Market_5228,17.461234,78.353096
bank,Bank_5229,17.4633,78.357714
bank,Bank_5230,17.461228,78.347518
mall,Mall_5231,17.455919,78.358329
shop,Shop_5232,17.460075,78.353304
shop,Shop_5233,17.463573,78.360693
bus_stop,Bus_stop_5234,17.464602,78.35469
bank,Bank_5235,17.46508,78.354865
bank,Bank_5236,17.465037,78.355307
hospital,Hospital_5237,17.458025,78.362705
school,School_5238,17.462723,78.349001
bus_stop,Bus_stop_5239,17.459092,78.357685
school,School_5240,17.465721,78.350372
bus_stop,Bus_stop_5241,17.464664,78.352399
shop,Shop_5242,17.461677,78.357387
hospital,Hospital_5243,17.462057,78.359952
shop,Shop_5244,17.462931,78.357582
bus_stop,Bus_stop_5245,17.467519,78.360248
school,School_5246,17.458246,78.351119
bank,Bank_5247,17.461661,78.35855
restaurant,Restaurant_5248,17.458558,78.360351
bus_stop,Bus_stop_5249,17.454226,78.36271
restaurant,Restaurant_5250,17.464927,78.354145
bank,Bank_5251,17.468627,78.361558
bus_stop,Bus_stop_5252,17.462372,78.358532
market,Market_5253,17.457443,78.355418
school,School_5254,17.464692,78.348606
restaurant,Restaurant_5255,17.461205,78.357516
bus_stop,Bus_stop_5256,17.463863,78.366816
restaurant,Restaurant_5257,17.452602,78.355257
restaurant,Restaurant_5258,17.467824,78.359428
school,School_5259,17.467871,78.35584
bus_stop,Bus_stop_5260,17.352023,78.431811
bus_stop,Bus_stop_5261,17.356491,78.412416
mall,Mall_5262,17.347177,78.417127
school,School_5263,17.351858,78.422497
market,Market_5264,17.354838,78.427777
shop,Shop_5265,17.344896,78.422099
restaurant,Restaurant_5266,17.353564,78.420713
mall,Mall_5267,17.343047,78.417632
bank,Bank_5268,17.342407,78.422007
bus_stop,Bus_stop_5269,17.347658,78.426797
bank,Bank_5270,17.354826,78.429327
mall,Mall_5271,17.35436,78.421028
restaurant,Restaurant_5272,17.348153,78.429619
hospital,Hospital_5273,17.347057,78.422764
bus_stop,Bus_stop_5274,17.349855,78.422076
school,School_5275,17.356454,78.415176
restaurant,Restaurant_5276,17.351285,78.411211
hospital,Hospital_5277,17.361479,78.421007
bus_stop,Bus_stop_5278,17.352306,78.415397
restaurant,Restaurant_5279,17.355875,78.426908
school,School_5280,17.353347,78.420039
shop,Shop_5281,17.35096,78.425562
shop,Shop_5282,17.344141,78.418262
mall,Mall_5283,17.346457,78.423639
mall,Mall_5284,17.354548,78.419459
school,School_5285,17.352005,78.400541
school,School_5286,17.357164,78.404342
restaurant,Restaurant_5287,17.358625,78.414864
restaurant,Restaurant_5288,17.357554,78.414227
shop,Shop_5289,17.355642,78.406861
restaurant,Restaurant_5290,17.359373,78.403856
market,Market_5291,17.356886,78.397981
bus_stop,Bus_stop_5292,17.354859,78.408345
bus_stop,Bus_stop_5293,17.364876,78.407034
bus_stop,Bus_stop_5294,17.365652,78.404455
restaurant,Restaurant_5295,17.348922,78.405873
shop,Shop_5296,17.360155,78.405816
market,Market_5297,17.35376,78.416469
mall,Mall_5298,17.354848,78.40806
school,School_5299,17.35421,78.406901
bus_stop,Bus_stop_5300,17.353006,78.404336
market,Market_5301,17.35121,78.412565
bus_stop,Bus_stop_5302,17.350531,78.413377
restaurant,Restaurant_5303,17.34713,78.400935
mall,Mall_5304,17.356401,78.396248
hospital,Hospital_5305,17.356122,78.405594
shop,Shop_5306,17.35774,78.401555
school,School_5307,17.353632,78.407331
restaurant,Restaurant_5308,17.350999,78.416009
market,Market_5309,17.357404,78.41068
restaurant,Restaurant_5310,17.356398,78.406806
mall,Mall_5311,17.358251,78.407259
bus_stop,Bus_stop_5312,17.360838,78.3994
market,Market_5313,17.364607,78.405762
restaurant,Restaurant_5314,17.362408,78.415867
bus_stop,Bus_stop_5315,17.356569,78.407366
market,Market_5316,17.352907,78.406764
shop,Shop_5317,17.36414,78.399951
restaurant,Restaurant_5318,17.355923,78.406174
school,School_5319,17.356102,78.406978
bus_stop,Bus_stop_5320,17.348744,78.399792
bank,Bank_5321,17.283944,78.622344
market,Market_5322,17.290389,78.629895
market,Market_5323,17.291019,78.620892
hospital,Hospital_5324,17.295771,78.617873
hospital,Hospital_5325,17.288384,78.625513
mall,Mall_5326,17.29577,78.618403
mall,Mall_5327,17.28597,78.616752
market,Market_5328,17.295301,78.61475
school,School_5329,17.287247,78.615419
bus_stop,Bus_stop_5330,17.28791,78.623018
hospital,Hospital_5331,17.285199,78.618465
mall,Mall_5332,17.283708,78.625854
school,School_5333,17.297546,78.625896
bus_stop,Bus_stop_5334,17.29286,78.61242
hospital,Hospital_5335,17.281038,78.627416
restaurant,Restaurant_5336,17.288878,78.624838
restaurant,Restaurant_5337,17.284581,78.631183
hospital,Hospital_5338,17.284685,78.627439
bank,Bank_5339,17.298012,78.624653
market,Market_5340,17.289526,78.616616
shop,Shop_5341,17.292544,78.632929
market,Market_5342,17.294349,78.62489
school,School_5343,17.289277,78.626363
school,School_5344,17.288945,78.63128
bus_stop,Bus_stop_5345,17.29551,78.628306
market,Market_5346,17.291682,78.619879
school,School_5347,17.291502,78.623136
shop,Shop_5348,17.286939,78.625607
bus_stop,Bus_stop_5349,17.290572,78.625159
market,Market_5350,17.295536,78.617404
mall,Mall_5351,17.28439,78.619808
hospital,Hospital_5352,17.29297,78.621076
school,School_5353,17.22001,78.357721
restaurant,Restaurant_5354,17.213026,78.35081
bank,Bank_5355,17.217532,78.352605
restaurant,Restaurant_5356,17.220056,78.346035
school,School_5357,17.216632,78.349887
bank,Bank_5358,17.203035,78.349064
school,School_5359,17.208705,78.345413
restaurant,Restaurant_5360,17.21215,78.348688
mall,Mall_5361,17.213244,78.347131
mall,Mall_5362,17.213672,78.350653
restaurant,Restaurant_5363,17.217922,78.344888
market,Market_5364,17.209941,78.34751
school,School_5365,17.211311,78.342792
bank,Bank_5366,17.207022,78.354428
restaurant,Restaurant_5367,17.210014,78.354791
restaurant,Restaurant_5368,17.21379,78.356581
shop,Shop_5369,17.210283,78.346885
hospital,Hospital_5370,17.221822,78.351259
bank,Bank_5371,17.20842,78.34551
bus_stop,Bus_stop_5372,17.218381,78.358521
market,Market_5373,17.2044,78.353369
restaurant,Restaurant_5374,17.213721,78.34988
bank,Bank_5375,17.2117,78.339115
restaurant,Restaurant_5376,17.2178,78.352704
market,Market_5377,17.21948,78.341971
mall,Mall_5378,17.223225,78.346198
mall,Mall_5379,17.213722,78.345464
hospital,Hospital_5380,17.220275,78.349378
bank,Bank_5381,17.211277,78.338897
mall,Mall_5382,17.20364,78.350608
shop,Shop_5383,17.212421,78.353714
hospital,Hospital_5384,17.21186,78.348071
bank,Bank_5385,17.210663,78.352605
shop,Shop_5386,17.212723,78.349692
market,Market_5387,17.20704,78.352814
school,School_5388,17.209176,78.347082
market,Market_5389,17.214599,78.346249
bank,Bank_5390,17.214893,78.352488
bank,Bank_5391,17.213208,78.349066
restaurant,Restaurant_5392,17.21321,78.351364
hospital,Hospital_5393,17.2142,78.345466
bus_stop,Bus_stop_5394,17.207626,78.346752
shop,Shop_5395,17.212349,78.349489
market,Market_5396,17.205548,78.34231
school,School_5397,17.363056,78.494351
bank,Bank_5398,17.375059,78.496525
market,Market_5399,17.359534,78.496766
bank,Bank_5400,17.367464,78.499424
mall,Mall_5401,17.370002,78.508852
shop,Shop_5402,17.360725,78.509247
bank,Bank_5403,17.376128,78.502417
restaurant,Restaurant_5404,17.369998,78.503352
restaurant,Restaurant_5405,17.369267,78.503325
bank,Bank_5406,17.368786,78.511247
bus_stop,Bus_stop_5407,17.362685,78.503078
bank,Bank_5408,17.366932,78.501597
restaurant,Restaurant_5409,17.366367,78.50124
shop,Shop_5410,17.361909,78.511247
school,School_5411,17.362164,78.503089
mall,Mall_5412,17.372554,78.507661
restaurant,Restaurant_5413,17.375467,78.497944
bus_stop,Bus_stop_5414,17.369465,78.496618
bus_stop,Bus_stop_5415,17.365419,78.502453
market,Market_5416,17.371032,78.503709
bus_stop,Bus_stop_5417,17.360737,78.502544
shop,Shop_5418,17.362632,78.499711
bank,Bank_5419,17.367828,78.503001
school,School_5420,17.375756,78.496758
mall,Mall_5421,17.370272,78.505161
restaurant,Restaurant_5422,17.366654,78.503057
restaurant,Restaurant_5423,17.359878,78.495589
mall,Mall_5424,17.372271,78.506906
bank,Bank_5425,17.531723,78.266487
school,School_5426,17.520609,78.281024
mall,Mall_5427,17.520139,78.263535
hospital,Hospital_5428,17.531602,78.27877
market,Market_5429,17.525444,78.266894
shop,Shop_5430,17.530637,78.276106
bus_stop,Bus_stop_5431,17.522677,78.270164
school,School_5432,17.526788,78.274069
market,Market_5433,17.516394,78.2637
market,Market_5434,17.527388,78.2678
mall,Mall_5435,17.521237,78.271174
bank,Bank_5436,17.523758,78.270875
hospital,Hospital_5437,17.529761,78.27515
market,Market_5438,17.522932,78.263906
mall,Mall_5439,17.523573,78.270104
bus_stop,Bus_stop_5440,17.517627,78.268795
bus_stop,Bus_stop_5441,17.522832,78.274591
bank,Bank_5442,17.522123,78.264624
shop,Shop_5443,17.523629,78.27114
shop,Shop_5444,17.521426,78.27124
shop,Shop_5445,17.529272,78.269143
bus_stop,Bus_stop_5446,17.521301,78.268092
market,Market_5447,17.523482,78.270234
market,Market_5448,17.519535,78.273449
market,Market_5449,17.52978,78.266312
restaurant,Restaurant_5450,17.249982,78.403619
restaurant,Restaurant_5451,17.25953,78.400185
hospital,Hospital_5452,17.250463,78.397384
restaurant,Restaurant_5453,17.250427,78.396831
market,Market_5454,17.253664,78.396828
bank,Bank_5455,17.250617,78.397195
restaurant,Restaurant_5456,17.251374,78.394509
restaurant,Restaurant_5457,17.254079,78.397399
school,School_5458,17.256793,78.4017
bus_stop,Bus_stop_5459,17.2629,78.39331
mall,Mall_5460,17.252522,78.406906
shop,Shop_5461,17.256324,78.400188
market,Market_5462,17.247543,78.394198
mall,Mall_5463,17.252493,78.397732
bus_stop,Bus_stop_5464,17.247925,78.391661
bus_stop,Bus_stop_5465,17.251986,78.394735
hospital,Hospital_5466,17.255161,78.390231
shop,Shop_5467,17.242177,78.396994
bank,Bank_5468,17.250558,78.393654
shop,Shop_5469,17.280487,78.38083
shop,Shop_5470,17.277507,78.378147
hospital,Hospital_5471,17.270911,78.377016
bank,Bank_5472,17.275659,78.374962
bus_stop,Bus_stop_5473,17.275146,78.375097
market,Market_5474,17.278529,78.371671
restaurant,Restaurant_5475,17.270122,78.363798
mall,Mall_5476,17.275368,78.376384
hospital,Hospital_5477,17.276765,78.369403
school,School_5478,17.283369,78.376536
restaurant,Restaurant_5479,17.276549,78.370019
hospital,Hospital_5480,17.275853,78.372168
mall,Mall_5481,17.282858,78.370646
mall,Mall_5482,17.268312,78.366614
school,School_5483,17.284363,78.375011
hospital,Hospital_5484,17.276331,78.370662
market,Market_5485,17.276239,78.373677
market,Market_5486,17.274886,78.368345
hospital,Hospital_5487,17.275734,78.371653
market,Market_5488,17.272503,78.379697
bank,Bank_5489,17.270574,78.370895
school,School_5490,17.56902,78.521983
bus_stop,Bus_stop_5491,17.549694,78.520444
restaurant,Restaurant_5492,17.564753,78.521265
shop,Shop_5493,17.559711,78.517957
shop,Shop_5494,17.561541,78.520147
school,School_5495,17.558422,78.518549
school,School_5496,17.565167,78.524926
market,Market_5497,17.561543,78.518052
market,Market_5498,17.566796,78.525912
bank,Bank_5499,17.558481,78.514691
mall,Mall_5500,17.562586,78.516455
hospital,Hospital_5501,17.55817,78.513267
market,Market_5502,17.560122,78.518256
restaurant,Restaurant_5503,17.560291,78.516576
restaurant,Restaurant_5504,17.564187,78.520944
restaurant,Restaurant_5505,17.560001,78.518475
market,Market_5506,17.556311,78.51109
market,Market_5507,17.55929,78.517767
bank,Bank_5508,17.468062,78.432861
shop,Shop_5509,17.470295,78.432277
school,School_5510,17.477802,78.439184
market,Market_5511,17.474827,78.439125
school,School_5512,17.473735,78.435481
shop,Shop_5513,17.477273,78.437806
bank,Bank_5514,17.467591,78.435788
hospital,Hospital_5515,17.475151,78.438549
mall,Mall_5516,17.469418,78.440291
shop,Shop_5517,17.476067,78.433176
hospital,Hospital_5518,17.477764,78.439964
hospital,Hospital_5519,17.471568,78.444444
mall,Mall_5520,17.466506,78.437517
market,Market_5521,17.476672,78.435612
school,School_5522,17.471252,78.439061
market,Market_5523,17.468036,78.438234
mall,Mall_5524,17.467602,78.432623
restaurant,Restaurant_5525,17.46755,78.436557
shop,Shop_5526,17.47465,78.439513
shop,Shop_5527,17.474857,78.438651
shop,Shop_5528,17.476179,78.449203
bus_stop,Bus_stop_5529,17.603365,78.744636
restaurant,Restaurant_5530,17.608181,78.741783
shop,Shop_5531,17.611708,78.745296
shop,Shop_5532,17.604709,78.755405
mall,Mall_5533,17.608821,78.74809
bank,Bank_5534,17.165501,78.644955
shop,Shop_5535,17.172791,78.650787
bank,Bank_5536,17.161415,78.641258
bus_stop,Bus_stop_5537,17.169762,78.65877
bus_stop,Bus_stop_5538,17.167896,78.647476
bank,Bank_5539,17.168096,78.636901
school,School_5540,17.16764,78.643776
bus_stop,Bus_stop_5541,17.168229,78.647858
hospital,Hospital_5542,17.669742,78.459276
market,Market_5543,17.657124,78.470376
bank,Bank_5544,17.658462,78.463298
restaurant,Restaurant_5545,17.657727,78.454292
shop,Shop_5546,17.667843,78.452831
hospital,Hospital_5547,17.667995,78.459287
shop,Shop_5548,17.667134,78.462243
shop,Shop_5549,17.658137,78.458005
school,School_5550,17.662691,78.461584
bank,Bank_5551,17.661624,78.458312
hospital,Hospital_5552,17.665573,78.452371
mall,Mall_5553,17.656214,78.463972
restaurant,Restaurant_5554,17.660297,78.449855
shop,Shop_5555,17.66466,78.459765
shop,Shop_5556,17.662075,78.460975
school,School_5557,17.662788,78.458632
bus_stop,Bus_stop_5558,17.659071,78.457453
hospital,Hospital_5559,17.662479,78.460748
bus_stop,Bus_stop_5560,17.803518,78.165719
shop,Shop_5561,17.808049,78.158745
restaurant,Restaurant_5562,17.809955,78.167947
hospital,Hospital_5563,17.809416,78.160756
bank,Bank_5564,17.814224,78.151964
hospital,Hospital_5565,17.80784,78.159217
school,School_5566,17.812928,78.154229
market,Market_5567,17.811498,78.167407
bank,Bank_5568,17.800364,78.156671
market,Market_5569,17.804757,78.155775
shop,Shop_5570,17.809158,78.156675
mall,Mall_5571,17.814177,78.158735
market,Market_5572,17.808892,78.15702
bus_stop,Bus_stop_5573,17.805613,78.156154
hospital,Hospital_5574,17.806934,78.158072
restaurant,Restaurant_5575,17.800691,78.162133
bus_stop,Bus_stop_5576,17.80663,78.164274
hospital,Hospital_5577,17.808324,78.169704
shop,Shop_5578,17.808221,78.163716
hospital,Hospital_5579,17.79866,78.162204
bus_stop,Bus_stop_5580,17.808617,78.158475
school,School_5581,17.798119,78.162952
shop,Shop_5582,17.814238,78.150232
school,School_5583,17.798862,78.156478
restaurant,Restaurant_5584,17.8073,78.161705
restaurant,Restaurant_5585,17.816351,78.161107
mall,Mall_5586,17.814754,78.160746
mall,Mall_5587,17.801067,78.156935
bank,Bank_5588,17.808287,78.151139
market,Market_5589,17.806692,78.158999
restaurant,Restaurant_5590,17.805521,78.166573
market,Market_5591,17.809636,78.1598
shop,Shop_5592,17.810179,78.155566
hospital,Hospital_5593,17.812634,78.151806
market,Market_5594,17.805423,78.156384
market,Market_5595,17.810676,78.168087
market,Market_5596,17.808332,78.163865
restaurant,Restaurant_5597,17.670935,78.451552
market,Market_5598,17.681116,78.452545
hospital,Hospital_5599,17.668177,78.449592
bus_stop,Bus_stop_5600,17.678717,78.451573
hospital,Hospital_5601,17.672952,78.45911
bank,Bank_5602,17.682634,78.45765
bus_stop,Bus_stop_5603,17.669422,78.463035
bus_stop,Bus_stop_5604,17.665557,78.455992
mall,Mall_5605,17.67365,78.45753
mall,Mall_5606,17.664763,78.459109
bank,Bank_5607,17.672535,78.456513
mall,Mall_5608,17.678105,78.462583
market,Market_5609,17.671836,78.45806
bus_stop,Bus_stop_5610,17.678781,78.458612
market,Market_5611,17.672724,78.459191
school,School_5612,17.67131,78.461249
school,School_5613,17.682492,78.458168
bank,Bank_5614,17.674512,78.448721
hospital,Hospital_5615,17.672875,78.457271
school,School_5616,17.672175,78.457835
bus_stop,Bus_stop_5617,17.665771,78.451145
shop,Shop_5618,17.676389,78.457166
restaurant,Restaurant_5619,17.670756,78.467738
hospital,Hospital_5620,17.664662,78.453495
hospital,Hospital_5621,17.671771,78.455251
restaurant,Restaurant_5622,17.671365,78.446569
market,Market_5623,17.668499,78.462247
hospital,Hospital_5624,17.670733,78.461024
restaurant,Restaurant_5625,17.666183,78.464706
school,School_5626,17.676598,78.450332
school,School_5627,17.673111,78.454607
bank,Bank_5628,17.678851,78.454224
mall,Mall_5629,17.667652,78.456069
restaurant,Restaurant_5630,17.664515,78.4505
restaurant,Restaurant_5631,17.673239,78.458176
shop,Shop_5632,17.663376,78.458819
market,Market_5633,17.673071,78.452068
school,School_5634,17.674277,78.456237
hospital,Hospital_5635,17.674362,78.44946
shop,Shop_5636,17.408056,78.62808
school,School_5637,17.405831,78.622629
mall,Mall_5638,17.416091,78.632331
bus_stop,Bus_stop_5639,17.419036,78.63114
shop,Shop_5640,17.411521,78.620694
bank,Bank_5641,17.418564,78.632441
shop,Shop_5642,17.415295,78.617233
bank,Bank_5643,17.406771,78.626744
market,Market_5644,17.414255,78.622019
shop,Shop_5645,17.414301,78.625218
hospital,Hospital_5646,17.412829,78.620474
market,Market_5647,17.407802,78.617827
hospital,Hospital_5648,17.410823,78.618735
market,Market_5649,17.419558,78.623821
market,Market_5650,17.412272,78.6331
bus_stop,Bus_stop_5651,17.416733,78.621738
market,Market_5652,17.420468,78.620792
school,School_5653,17.413257,78.624249
market,Market_5654,17.411509,78.62576
bus_stop,Bus_stop_5655,17.414358,78.630262
school,School_5656,17.413618,78.621678
bank,Bank_5657,17.410859,78.614422
bank,Bank_5658,17.413156,78.627664
shop,Shop_5659,17.412318,78.61745
bank,Bank_5660,17.407479,78.633254
school,School_5661,17.413526,78.62432
restaurant,Restaurant_5662,17.404059,78.628003
hospital,Hospital_5663,17.403359,78.618914
school,School_5664,17.418113,78.627181
bank,Bank_5665,17.402822,78.627481
bus_stop,Bus_stop_5666,17.413413,78.622603
market,Market_5667,17.412118,78.626102
hospital,Hospital_5668,17.41517,78.623753
mall,Mall_5669,17.412976,78.621306
school,School_5670,17.409404,78.619568
hospital,Hospital_5671,17.402242,78.622637
hospital,Hospital_5672,17.412843,78.625186
mall,Mall_5673,17.411285,78.623689
shop,Shop_5674,17.412133,78.624246
hospital,Hospital_5675,17.410101,78.625737
bank,Bank_5676,17.412006,78.625159
market,Market_5677,17.417459,78.620301
school,School_5678,17.41015,78.62929
restaurant,Restaurant_5679,17.40445,78.627518
market,Market_5680,17.414487,78.616062
mall,Mall_5681,17.410798,78.617151
hospital,Hospital_5682,17.419883,78.617614
mall,Mall_5683,17.415807,78.631392
bus_stop,Bus_stop_5684,17.482256,78.500316
restaurant,Restaurant_5685,17.488119,78.495964
mall,Mall_5686,17.494473,78.498042
school,School_5687,17.47784,78.498769
bank,Bank_5688,17.48221,78.492779
hospital,Hospital_5689,17.484247,78.497735
mall,Mall_5690,17.485253,78.500932
hospital,Hospital_5691,17.488417,78.494917
bank,Bank_5692,17.48769,78.498962
market,Market_5693,17.481468,78.501238
market,Market_5694,17.481062,78.494237
hospital,Hospital_5695,17.486691,78.498276
bus_stop,Bus_stop_5696,17.479008,78.492358
shop,Shop_5697,17.490117,78.501397
bus_stop,Bus_stop_5698,17.487841,78.499728
school,School_5699,17.480312,78.492134
bus_stop,Bus_stop_5700,17.489835,78.492581
bus_stop,Bus_stop_5701,17.485209,78.499134
bank,Bank_5702,17.486351,78.489279
bank,Bank_5703,17.489776,78.497064
school,School_5704,17.489037,78.492819
market,Market_5705,17.572859,78.597489
mall,Mall_5706,17.563356,78.59486
bus_stop,Bus_stop_5707,17.565504,78.593868
school,School_5708,17.562326,78.595733
school,School_5709,17.567133,78.589449
bank,Bank_5710,17.567572,78.595738
bus_stop,Bus_stop_5711,17.562584,78.591755
hospital,Hospital_5712,17.568008,78.598792
mall,Mall_5713,17.560386,78.590799
restaurant,Restaurant_5714,17.566756,78.595913
bus_stop,Bus_stop_5715,17.560405,78.594599
bank,Bank_5716,17.561058,78.599828
bank,Bank_5717,17.566622,78.596349
shop,Shop_5718,17.565962,78.594228
school,School_5719,17.558331,78.590041
hospital,Hospital_5720,17.57232,78.599738
bus_stop,Bus_stop_5721,17.568134,78.58889
market,Market_5722,17.569938,78.58851
hospital,Hospital_5723,17.560313,78.592737
school,School_5724,17.565921,78.594698
school,School_5725,17.564446,78.59227
hospital,Hospital_5726,17.561596,78.603909
bus_stop,Bus_stop_5727,17.571108,78.587918
restaurant,Restaurant_5728,17.564128,78.590718
bus_stop,Bus_stop_5729,17.568997,78.603463
shop,Shop_5730,17.565197,78.599787
shop,Shop_5731,17.56652,78.600209
bank,Bank_5732,17.558332,78.589672
bus_stop,Bus_stop_5733,17.568637,78.595782
market,Market_5734,17.561719,78.591475
bus_stop,Bus_stop_5735,17.573462,78.590478
shop,Shop_5736,17.568184,78.588198
bus_stop,Bus_stop_5737,17.469278,78.292859
bus_stop,Bus_stop_5738,17.46758,78.292277
mall,Mall_5739,17.473042,78.299498
restaurant,Restaurant_5740,17.475213,78.297577
school,School_5741,17.470945,78.300581
mall,Mall_5742,17.463604,78.300888
bank,Bank_5743,17.474775,78.294018
shop,Shop_5744,17.469037,78.307355
bank,Bank_5745,17.276117,78.418253
hospital,Hospital_5746,17.275649,78.420431
hospital,Hospital_5747,17.276342,78.424272
hospital,Hospital_5748,17.278784,78.422997
bank,Bank_5749,17.27654,78.421375
restaurant,Restaurant_5750,17.27575,78.420083
restaurant,Restaurant_5751,17.275193,78.424631
bank,Bank_5752,17.273258,78.415932
bank,Bank_5753,17.675143,78.492594
hospital,Hospital_5754,17.668308,78.498867
shop,Shop_5755,17.672786,78.492592
restaurant,Restaurant_5756,17.668991,78.490877
mall,Mall_5757,17.669698,78.484317
shop,Shop_5758,17.66238,78.491572
mall,Mall_5759,17.669384,78.493167
restaurant,Restaurant_5760,17.663593,78.499198
hospital,Hospital_5761,17.666468,78.492933
market,Market_5762,17.672968,78.488837
shop,Shop_5763,17.664623,78.491458
bus_stop,Bus_stop_5764,17.669571,78.505684
bus_stop,Bus_stop_5765,17.667867,78.496226
mall,Mall_5766,17.666191,78.50259
bank,Bank_5767,17.666008,78.491651
mall,Mall_5768,17.672642,78.496662
school,School_5769,17.661913,78.49326
bank,Bank_5770,17.668069,78.4975
shop,Shop_5771,17.664586,78.488244
bank,Bank_5772,17.67004,78.49238
hospital,Hospital_5773,17.669788,78.499268
school,School_5774,17.669471,78.495953
bank,Bank_5775,17.666051,78.485528
shop,Shop_5776,17.665269,78.490076
restaurant,Restaurant_5777,17.672397,78.498116
market,Market_5778,17.670593,78.488648
hospital,Hospital_5779,17.670259,78.494972
hospital,Hospital_5780,17.671318,78.496663
bank,Bank_5781,17.672128,78.489431
restaurant,Restaurant_5782,17.672819,78.487943
restaurant,Restaurant_5783,17.670961,78.493966
hospital,Hospital_5784,17.671333,78.493705
restaurant,Restaurant_5785,17.670485,78.483888
restaurant,Restaurant_5786,17.666761,78.491114
market,Market_5787,17.672033,78.501887
bank,Bank_5788,17.675863,78.494787
mall,Mall_5789,17.672133,78.495694
shop,Shop_5790,17.675903,78.4992
shop,Shop_5791,17.665238,78.499611
market,Market_5792,17.6727,78.490641
hospital,Hospital_5793,17.666088,78.492619
mall,Mall_5794,17.670271,78.494017
mall,Mall_5795,17.668107,78.497491
mall,Mall_5796,17.67001,78.495034
shop,Shop_5797,17.665189,78.492541
hospital,Hospital_5798,17.663277,78.489764
bus_stop,Bus_stop_5799,17.670336,78.487349
mall,Mall_5800,17.670575,78.494723
bank,Bank_5801,17.672567,78.493082
bank,Bank_5802,17.670234,78.495431
mall,Mall_5803,17.669615,78.494059
bus_stop,Bus_stop_5804,17.668697,78.493413
school,School_5805,17.665611,78.493987
market,Market_5806,17.675852,78.495607
school,School_5807,17.669522,78.492322
mall,Mall_5808,17.666135,78.497173
market,Market_5809,17.670936,78.485845
hospital,Hospital_5810,17.674132,78.487388
shop,Shop_5811,17.667657,78.490658
mall,Mall_5812,17.674894,78.486227
school,School_5813,17.679262,78.497248
restaurant,Restaurant_5814,17.673219,78.499974
restaurant,Restaurant_5815,17.66867,78.494329
bank,Bank_5816,17.673176,78.48951
school,School_5817,17.667186,78.492815
market,Market_5818,17.676573,78.501268
shop,Shop_5819,17.665839,78.497355
restaurant,Restaurant_5820,17.670344,78.490183
bus_stop,Bus_stop_5821,17.670415,78.495291
mall,Mall_5822,17.671126,78.490791
school,School_5823,17.669778,78.503138
hospital,Hospital_5824,17.663403,78.491899
bank,Bank_5825,17.202644,78.541439
restaurant,Restaurant_5826,17.196676,78.536842
mall,Mall_5827,17.205584,78.546697
bus_stop,Bus_stop_5828,17.200806,78.541359
hospital,Hospital_5829,17.197287,78.534173
hospital,Hospital_5830,17.187758,78.543418
restaurant,Restaurant_5831,17.188102,78.534896
bus_stop,Bus_stop_5832,17.189104,78.538898
shop,Shop_5833,17.203349,78.537302
school,School_5834,17.193384,78.54195
market,Market_5835,17.189677,78.542888
shop,Shop_5836,17.196811,78.541238
bus_stop,Bus_stop_5837,17.193767,78.53973
restaurant,Restaurant_5838,17.195626,78.550889
market,Market_5839,17.196085,78.546073
mall,Mall_5840,17.187255,78.545318
market,Market_5841,17.194865,78.540967
hospital,Hospital_5842,17.198127,78.540429
hospital,Hospital_5843,17.19148,78.544758
shop,Shop_5844,17.201372,78.541713
bank,Bank_5845,17.193811,78.536245
school,School_5846,17.206539,78.538434
shop,Shop_5847,17.192021,78.538027
restaurant,Restaurant_5848,17.197695,78.540828
shop,Shop_5849,17.189485,78.534947
shop,Shop_5850,17.202441,78.542329
bank,Bank_5851,17.191929,78.540254
bus_stop,Bus_stop_5852,17.193038,78.542716
restaurant,Restaurant_5853,17.197056,78.541619
shop,Shop_5854,17.436269,78.896849
school,School_5855,17.42336,78.897294
school,School_5856,17.428277,78.892471
market,Market_5857,17.427195,78.892159
hospital,Hospital_5858,17.436177,78.889694
mall,Mall_5859,17.431364,78.900989
market,Market_5860,17.432255,78.890751
market,Market_5861,17.430402,78.899978
market,Market_5862,17.433966,78.888389
hospital,Hospital_5863,17.431683,78.883806
mall,Mall_5864,17.44025,78.888008
bus_stop,Bus_stop_5865,17.430314,78.895111
shop,Shop_5866,17.433343,78.895543
mall,Mall_5867,17.428845,78.892171
shop,Shop_5868,17.425644,78.892146
bus_stop,Bus_stop_5869,17.432338,78.891782
mall,Mall_5870,17.434807,78.900869
mall,Mall_5871,17.428646,78.893407
mall,Mall_5872,17.435526,78.897001
shop,Shop_5873,17.427423,78.894391
shop,Shop_5874,17.432815,78.898545
market,Market_5875,17.432128,78.894336
restaurant,Restaurant_5876,17.434513,78.897457
restaurant,Restaurant_5877,17.434555,78.894539
bank,Bank_5878,17.428578,78.898825
bus_stop,Bus_stop_5879,17.234058,78.503185
restaurant,Restaurant_5880,17.236638,78.497798
restaurant,Restaurant_5881,17.233592,78.503237
bank,Bank_5882,17.233327,78.504262
bank,Bank_5883,17.232179,78.501965
bank,Bank_5884,17.241578,78.507544
shop,Shop_5885,17.233143,78.502531
bus_stop,Bus_stop_5886,17.229834,78.500003
bank,Bank_5887,17.227287,78.506344
school,School_5888,17.225154,78.501078
restaurant,Restaurant_5889,17.23626,78.5017
restaurant,Restaurant_5890,17.230956,78.497504
hospital,Hospital_5891,17.230363,78.513996
mall,Mall_5892,17.23341,78.50975
mall,Mall_5893,17.233023,78.503577
hospital,Hospital_5894,17.232366,78.510472
market,Market_5895,17.233854,78.505276
shop,Shop_5896,17.227086,78.502929
restaurant,Restaurant_5897,17.230949,78.506166
bus_stop,Bus_stop_5898,17.232858,78.504002
restaurant,Restaurant_5899,17.230556,78.508673
hospital,Hospital_5900,17.236046,78.507965
market,Market_5901,17.234961,78.503309
bank,Bank_5902,17.239682,78.498846
shop,Shop_5903,17.231997,78.503449
shop,Shop_5904,17.234986,78.495089
restaurant,Restaurant_5905,17.232865,78.506808
market,Market_5906,17.229856,78.502562
restaurant,Restaurant_5907,17.233836,78.505712
mall,Mall_5908,17.235416,78.495302
bus_stop,Bus_stop_5909,17.234329,78.496981
school,School_5910,17.242468,78.506591
mall,Mall_5911,17.226261,78.502601
bank,Bank_5912,17.240603,78.501155
bus_stop,Bus_stop_5913,17.538844,78.247242
bus_stop,Bus_stop_5914,17.543604,78.255265
bank,Bank_5915,17.546736,78.251117
hospital,Hospital_5916,17.537476,78.24398
restaurant,Restaurant_5917,17.536185,78.236212
market,Market_5918,17.549422,78.243162
bank,Bank_5919,17.540147,78.24269
shop,Shop_5920,17.535554,78.242191
restaurant,Restaurant_5921,17.533181,78.242436
bus_stop,Bus_stop_5922,17.53864,78.251471
shop,Shop_5923,17.549891,78.24776
restaurant,Restaurant_5924,17.541287,78.246412
hospital,Hospital_5925,17.548955,78.240976
hospital,Hospital_5926,17.54032,78.246214
bank,Bank_5927,17.537655,78.254882
school,School_5928,17.539308,78.239425
bank,Bank_5929,17.532974,78.249249
market,Market_5930,17.539508,78.237422
bus_stop,Bus_stop_5931,17.541364,78.251333
shop,Shop_5932,17.539385,78.238869
bank,Bank_5933,17.547378,78.245189
shop,Shop_5934,17.54052,78.244083
school,School_5935,17.550683,78.242211
shop,Shop_5936,17.537776,78.24062
school,School_5937,17.547991,78.251659
mall,Mall_5938,17.518316,78.340062
bus_stop,Bus_stop_5939,17.515048,78.334159
hospital,Hospital_5940,17.513788,78.336461
hospital,Hospital_5941,17.526101,78.33672
hospital,Hospital_5942,17.507869,78.333864
bank,Bank_5943,17.518928,78.325677
school,School_5944,17.52018,78.3246
bank,Bank_5945,17.522233,78.338734
bank,Bank_5946,17.517946,78.333198
restaurant,Restaurant_5947,17.522894,78.325971
market,Market_5948,17.516422,78.332358
bus_stop,Bus_stop_5949,17.514259,78.331946
restaurant,Restaurant_5950,17.518015,78.337504
school,School_5951,17.507096,78.332016
hospital,Hospital_5952,17.524177,78.334763
bus_stop,Bus_stop_5953,17.514295,78.322961
mall,Mall_5954,17.521306,78.329047
mall,Mall_5955,17.517382,78.334511
mall,Mall_5956,17.518302,78.328078
school,School_5957,17.510697,78.333027
hospital,Hospital_5958,17.51552,78.340667
bus_stop,Bus_stop_5959,17.515447,78.342104
bank,Bank_5960,17.513328,78.337615
restaurant,Restaurant_5961,17.518835,78.32567
market,Market_5962,17.517118,78.330374
restaurant,Restaurant_5963,17.519909,78.340721
bank,Bank_5964,17.517507,78.333564
hospital,Hospital_5965,17.523119,78.333335
hospital,Hospital_5966,17.52377,78.337868
shop,Shop_5967,17.514932,78.323551
bank,Bank_5968,17.515146,78.338522
bank,Bank_5969,17.513384,78.334093
market,Market_5970,17.518327,78.331992
bus_stop,Bus_stop_5971,17.515569,78.331307
school,School_5972,17.517438,78.335981
mall,Mall_5973,17.519464,78.337738
school,School_5974,17.516047,78.322749
bus_stop,Bus_stop_5975,17.508891,78.330364
market,Market_5976,17.518711,78.344608
bank,Bank_5977,17.519193,78.333819
school,School_5978,17.226993,78.476456
mall,Mall_5979,17.216955,78.479634
bank,Bank_5980,17.222347,78.476996
bank,Bank_5981,17.220536,78.477509
mall,Mall_5982,17.210909,78.478746
mall,Mall_5983,17.227524,78.474469
hospital,Hospital_5984,17.223056,78.466904
restaurant,Restaurant_5985,17.222729,78.476695
bus_stop,Bus_stop_5986,17.217241,78.473386
bus_stop,Bus_stop_5987,17.23012,78.477266
shop,Shop_5988,17.216006,78.47333
hospital,Hospital_5989,17.209503,78.476758
restaurant,Restaurant_5990,17.220135,78.474579
shop,Shop_5991,17.22016,78.471242
restaurant,Restaurant_5992,17.215415,78.476956
bus_stop,Bus_stop_5993,17.21875,78.476778
school,School_5994,17.225318,78.46833
hospital,Hospital_5995,17.228219,78.478623
school,School_5996,17.227058,78.472668
bus_stop,Bus_stop_5997,17.219964,78.475298
hospital,Hospital_5998,17.226014,78.478912
mall,Mall_5999,17.461868,78.300766
mall,Mall_6000,17.463954,78.303232
hospital,Hospital_6001,17.45874,78.311582
shop,Shop_6002,17.472051,78.298191
market,Market_6003,17.463217,78.303553
bank,Bank_6004,17.46083,78.311265
market,Market_6005,17.461404,78.30464
school,School_6006,17.461958,78.300013
mall,Mall_6007,17.461582,78.314248
bank,Bank_6008,17.458148,78.302358
bank,Bank_6009,17.462148,78.298644
shop,Shop_6010,17.469194,78.305388
shop,Shop_6011,17.463486,78.299985
school,School_6012,17.468887,78.29757
bus_stop,Bus_stop_6013,17.463391,78.303309
school,School_6014,17.464359,78.309988
bank,Bank_6015,17.464763,78.305927
hospital,Hospital_6016,17.463575,78.308483
bank,Bank_6017,17.472755,78.302118
mall,Mall_6018,17.460284,78.292703
school,School_6019,17.461842,78.300617
bus_stop,Bus_stop_6020,17.468533,78.300551
hospital,Hospital_6021,17.465506,78.305675
mall,Mall_6022,17.464507,78.3072
bus_stop,Bus_stop_6023,17.338098,78.591914
school,School_6024,17.334616,78.607767
mall,Mall_6025,17.338621,78.599105
bus_stop,Bus_stop_6026,17.337364,78.592752
bus_stop,Bus_stop_6027,17.341466,78.61054
mall,Mall_6028,17.341092,78.609211
shop,Shop_6029,17.344533,78.591925
school,School_6030,17.346654,78.598215
market,Market_6031,17.338877,78.605573
shop,Shop_6032,17.33829,78.600749
bank,Bank_6033,17.335009,78.594319
hospital,Hospital_6034,17.337829,78.600246
school,School_6035,17.337337,78.605281
bank,Bank_6036,17.339679,78.5989
restaurant,Restaurant_6037,17.329107,78.594266
bus_stop,Bus_stop_6038,17.335588,78.604031
hospital,Hospital_6039,17.333817,78.594558
market,Market_6040,17.344615,78.591702
market,Market_6041,17.333632,78.594196
school,School_6042,17.329674,78.598419
mall,Mall_6043,17.34553,78.597631
shop,Shop_6044,17.330211,78.596143
mall,Mall_6045,17.331706,78.605987
hospital,Hospital_6046,17.339924,78.603089
bank,Bank_6047,17.332898,78.608862
hospital,Hospital_6048,17.339606,78.60098
market,Market_6049,17.51904,78.288331
school,School_6050,17.517951,78.286876
restaurant,Restaurant_6051,17.511348,78.282178
bank,Bank_6052,17.525958,78.287343
restaurant,Restaurant_6053,17.516335,78.281804
bank,Bank_6054,17.51185,78.291697
shop,Shop_6055,17.517282,78.290034
school,School_6056,17.518146,78.286643
mall,Mall_6057,17.515741,78.286885
hospital,Hospital_6058,17.558979,78.781346
hospital,Hospital_6059,17.563033,78.776046
school,School_6060,17.561579,78.775864
school,School_6061,17.55809,78.776601
bus_stop,Bus_stop_6062,17.563033,78.784518
shop,Shop_6063,17.558447,78.777015
restaurant,Restaurant_6064,17.558072,78.779633
shop,Shop_6065,17.562752,78.775692
mall,Mall_6066,17.57209,78.771465
market,Market_6067,17.56148,78.778111
bank,Bank_6068,17.564085,78.778769
hospital,Hospital_6069,17.566428,78.77587
bank,Bank_6070,17.571246,78.779276
bank,Bank_6071,17.555911,78.778629
bus_stop,Bus_stop_6072,17.564777,78.775705
bank,Bank_6073,17.556931,78.784396
school,School_6074,17.564801,78.77794
mall,Mall_6075,17.560103,78.784139
bank,Bank_6076,17.572752,78.772871
market,Market_6077,17.563414,78.776837
mall,Mall_6078,17.561205,78.77361
market,Market_6079,17.562824,78.777299
hospital,Hospital_6080,17.557759,78.775689
shop,Shop_6081,17.562695,78.773199
bank,Bank_6082,17.563544,78.775833
bank,Bank_6083,17.563844,78.785098
shop,Shop_6084,17.56636,78.777542
bus_stop,Bus_stop_6085,17.561921,78.764741
restaurant,Restaurant_6086,17.554121,78.772162
market,Market_6087,17.569341,78.778985
shop,Shop_6088,17.55895,78.777887
bus_stop,Bus_stop_6089,17.569161,78.779732
bank,Bank_6090,17.561299,78.771573
restaurant,Restaurant_6091,17.568135,78.780869
bank,Bank_6092,17.558977,78.780344
hospital,Hospital_6093,17.314527,78.333412
mall,Mall_6094,17.314087,78.343437
market,Market_6095,17.321892,78.338907
shop,Shop_6096,17.316714,78.330202
bank,Bank_6097,17.320172,78.335441
market,Market_6098,17.314093,78.335618
hospital,Hospital_6099,17.324578,78.335974
hospital,Hospital_6100,17.316027,78.340898
restaurant,Restaurant_6101,17.312643,78.332836
bank,Bank_6102,17.323554,78.334601
school,School_6103,17.331497,78.33745
mall,Mall_6104,17.322191,78.335386
mall,Mall_6105,17.322502,78.337379
school,School_6106,17.319259,78.334405
bank,Bank_6107,17.328167,78.345079
mall,Mall_6108,17.404948,78.558698
mall,Mall_6109,17.402484,78.550877
school,School_6110,17.409603,78.550273
shop,Shop_6111,17.41022,78.549313
hospital,Hospital_6112,17.415832,78.550144
bank,Bank_6113,17.412357,78.549825
hospital,Hospital_6114,17.409681,78.559262
bank,Bank_6115,17.420209,78.52469
market,Market_6116,17.403758,78.533405
market,Market_6117,17.410841,78.528221
hospital,Hospital_6118,17.401657,78.535049
restaurant,Restaurant_6119,17.406013,78.522339
bus_stop,Bus_stop_6120,17.414604,78.535102
shop,Shop_6121,17.412233,78.522106
bank,Bank_6122,17.41151,78.53035
mall,Mall_6123,17.417944,78.53031
hospital,Hospital_6124,17.406874,78.53536
mall,Mall_6125,17.405718,78.531172
bus_stop,Bus_stop_6126,17.419718,78.527464
bus_stop,Bus_stop_6127,17.409779,78.529568
restaurant,Restaurant_6128,17.403351,78.536604
restaurant,Restaurant_6129,17.410637,78.529926
school,School_6130,17.403927,78.535745
bank,Bank_6131,17.409832,78.528752
bus_stop,Bus_stop_6132,17.420209,78.530055
hospital,Hospital_6133,17.404387,78.537435
bank,Bank_6134,17.409928,78.526501
shop,Shop_6135,17.406909,78.530218
bank,Bank_6136,17.409835,78.520053
bank,Bank_6137,17.411044,78.529376
shop,Shop_6138,17.409112,78.530345
restaurant,Restaurant_6139,17.407839,78.523813
hospital,Hospital_6140,17.414176,78.527464
bus_stop,Bus_stop_6141,17.406927,78.525539
school,School_6142,17.402369,78.534508
school,School_6143,17.588987,78.605776
school,School_6144,17.582959,78.598413
shop,Shop_6145,17.59077,78.601442
mall,Mall_6146,17.581399,78.603349
school,School_6147,17.58851,78.60205
shop,Shop_6148,17.585233,78.596693
bus_stop,Bus_stop_6149,17.583842,78.604525
bus_stop,Bus_stop_6150,17.588369,78.599368
bus_stop,Bus_stop_6151,17.583363,78.60046
restaurant,Restaurant_6152,17.208236,78.665726
bus_stop,Bus_stop_6153,17.207893,78.661915
mall,Mall_6154,17.205931,78.667134
mall,Mall_6155,17.207971,78.669023
market,Market_6156,17.207388,78.669776
hospital,Hospital_6157,17.215382,78.659499
school,School_6158,17.20873,78.66596
bank,Bank_6159,17.196861,78.669075
shop,Shop_6160,17.205053,78.669876
mall,Mall_6161,17.201489,78.674698
school,School_6162,17.205944,78.664941
bank,Bank_6163,17.207059,78.656194
school,School_6164,17.208388,78.674882
market,Market_6165,17.21319,78.665733
shop,Shop_6166,17.212644,78.663644
mall,Mall_6167,17.197701,78.659213
restaurant,Restaurant_6168,17.203338,78.6669
school,School_6169,17.207309,78.665432
restaurant,Restaurant_6170,17.207866,78.66961
school,School_6171,17.210224,78.660243
bank,Bank_6172,17.670189,78.484209
bus_stop,Bus_stop_6173,17.665906,78.470462
school,School_6174,17.664407,78.474794
bank,Bank_6175,17.66176,78.488378
shop,Shop_6176,17.66399,78.479506
hospital,Hospital_6177,17.662426,78.482575
shop,Shop_6178,17.663973,78.470534
mall,Mall_6179,17.661922,78.476663
school,School_6180,17.663634,78.479213
restaurant,Restaurant_6181,17.664816,78.468385
bank,Bank_6182,17.661312,78.480395
hospital,Hospital_6183,17.670403,78.472375
hospital,Hospital_6184,17.667429,78.486459
bus_stop,Bus_stop_6185,17.662041,78.485783
shop,Shop_6186,17.670973,78.471013
bus_stop,Bus_stop_6187,17.671743,78.476505
hospital,Hospital_6188,17.666756,78.481222
restaurant,Restaurant_6189,17.663967,78.481106
hospital,Hospital_6190,17.668934,78.482013
school,School_6191,17.657785,78.478998
school,School_6192,17.666118,78.479387
bank,Bank_6193,17.666101,78.478809
bank,Bank_6194,17.666002,78.475041
shop,Shop_6195,17.666598,78.481043
shop,Shop_6196,17.673837,78.483698
hospital,Hospital_6197,17.669034,78.47531
bank,Bank_6198,17.664659,78.480698
bus_stop,Bus_stop_6199,17.660899,78.472018
bank,Bank_6200,17.12338,78.525494
school,School_6201,17.124005,78.516438
school,School_6202,17.120744,78.524362
shop,Shop_6203,17.122213,78.524813
bus_stop,Bus_stop_6204,17.119765,78.516368
bank,Bank_6205,17.117847,78.516439
bank,Bank_6206,17.116394,78.521363
shop,Shop_6207,17.118924,78.52201
bus_stop,Bus_stop_6208,17.129947,78.521658
restaurant,Restaurant_6209,17.119096,78.525358
hospital,Hospital_6210,17.114971,78.522787
mall,Mall_6211,17.12054,78.52796
mall,Mall_6212,17.11797,78.526826
shop,Shop_6213,17.119273,78.521388
restaurant,Restaurant_6214,17.118263,78.516002
market,Market_6215,17.122358,78.524034
hospital,Hospital_6216,17.11336,78.521658
restaurant,Restaurant_6217,17.117402,78.513905
school,School_6218,17.127122,78.524121
market,Market_6219,17.121383,78.523869
hospital,Hospital_6220,17.125866,78.51864
school,School_6221,17.118955,78.521941
school,School_6222,17.12317,78.521934
hospital,Hospital_6223,17.126197,78.516353
market,Market_6224,17.122361,78.521931
hospital,Hospital_6225,17.125222,78.52437
restaurant,Restaurant_6226,17.122612,78.519046
bus_stop,Bus_stop_6227,17.118894,78.520929
restaurant,Restaurant_6228,17.126125,78.524269
shop,Shop_6229,17.127563,78.522029
school,School_6230,17.124027,78.516097
hospital,Hospital_6231,17.126323,78.519764
bank,Bank_6232,17.127547,78.524917
shop,Shop_6233,17.115471,78.520577
shop,Shop_6234,17.122201,78.518931
mall,Mall_6235,17.123886,78.517043
shop,Shop_6236,17.626728,78.513673
shop,Shop_6237,17.627317,78.516124
restaurant,Restaurant_6238,17.631534,78.516111
bus_stop,Bus_stop_6239,17.6392,78.519752
shop,Shop_6240,17.632767,78.509524
restaurant,Restaurant_6241,17.638165,78.512498
bus_stop,Bus_stop_6242,17.636516,78.521323
bank,Bank_6243,17.633604,78.505846
restaurant,Restaurant_6244,17.625323,78.512709
market,Market_6245,17.63149,78.515678
hospital,Hospital_6246,17.636338,78.514271
hospital,Hospital_6247,17.635377,78.514501
shop,Shop_6248,17.64,78.519258
shop,Shop_6249,17.636987,78.517996
school,School_6250,17.633185,78.513081
school,School_6251,17.631847,78.512708
school,School_6252,17.641712,78.509546
bus_stop,Bus_stop_6253,17.638647,78.513892
market,Market_6254,17.636128,78.516313
hospital,Hospital_6255,17.635218,78.514441
bus_stop,Bus_stop_6256,17.633263,78.517172
hospital,Hospital_6257,17.62728,78.51576
shop,Shop_6258,17.642814,78.509529
bus_stop,Bus_stop_6259,17.635227,78.511936
market,Market_6260,17.626326,78.508732
bank,Bank_6261,17.632907,78.513934
restaurant,Restaurant_6262,17.634315,78.512695
school,School_6263,17.645045,78.516859
shop,Shop_6264,17.634698,78.514157
hospital,Hospital_6265,17.634111,78.508097
bus_stop,Bus_stop_6266,17.631927,78.51205
mall,Mall_6267,17.625612,78.5167
bus_stop,Bus_stop_6268,17.636717,78.512778
hospital,Hospital_6269,17.630292,78.514555
bus_stop,Bus_stop_6270,17.643548,78.517283
hospital,Hospital_6271,17.637809,78.512206
market,Market_6272,17.642859,78.516388
market,Market_6273,17.481098,78.68376
mall,Mall_6274,17.481781,78.683554
school,School_6275,17.482053,78.685765
shop,Shop_6276,17.474468,78.688577
shop,Shop_6277,17.48938,78.684089
bus_stop,Bus_stop_6278,17.479252,78.684573
restaurant,Restaurant_6279,17.480983,78.673642
bus_stop,Bus_stop_6280,17.481616,78.691146
shop,Shop_6281,17.491759,78.681992
shop,Shop_6282,17.484618,78.684995
market,Market_6283,17.491696,78.686871
market,Market_6284,17.480652,78.682955
school,School_6285,17.477829,78.679512
school,School_6286,17.48904,78.67928
restaurant,Restaurant_6287,17.481825,78.683517
bank,Bank_6288,17.479523,78.685393
shop,Shop_6289,17.482114,78.684248
restaurant,Restaurant_6290,17.476047,78.690431
bus_stop,Bus_stop_6291,17.479317,78.688786
mall,Mall_6292,17.485432,78.682004
bus_stop,Bus_stop_6293,17.47676,78.676946
shop,Shop_6294,17.490194,78.682515
bus_stop,Bus_stop_6295,17.479374,78.680412
bank,Bank_6296,17.479518,78.694068
shop,Shop_6297,17.480712,78.680124
market,Market_6298,17.473824,78.685222
shop,Shop_6299,17.480953,78.678807
shop,Shop_6300,17.476853,78.678757
school,School_6301,17.481948,78.683465
market,Market_6302,17.479032,78.679755
shop,Shop_6303,17.483537,78.692984
shop,Shop_6304,17.480404,78.674667
restaurant,Restaurant_6305,17.487088,78.685612
hospital,Hospital_6306,17.482183,78.683567
bus_stop,Bus_stop_6307,17.481703,78.682668
shop,Shop_6308,17.478275,78.680636
market,Market_6309,17.482121,78.689242
market,Market_6310,17.238428,78.312902
shop,Shop_6311,17.245186,78.307548
bank,Bank_6312,17.238149,78.305576
bus_stop,Bus_stop_6313,17.239627,78.299732
shop,Shop_6314,17.236407,78.305906
school,School_6315,17.230952,78.313033
mall,Mall_6316,17.235108,78.315106
mall,Mall_6317,17.246179,78.306407
bus_stop,Bus_stop_6318,17.242455,78.31281
hospital,Hospital_6319,17.235176,78.300208
school,School_6320,17.241419,78.310432
bank,Bank_6321,17.239944,78.303842
restaurant,Restaurant_6322,17.238984,78.302634
bus_stop,Bus_stop_6323,17.240825,78.298028
bus_stop,Bus_stop_6324,17.236037,78.314712
bus_stop,Bus_stop_6325,17.241997,78.308954
restaurant,Restaurant_6326,17.235756,78.303004
market,Market_6327,17.237835,78.307225
hospital,Hospital_6328,17.232373,78.294219
market,Market_6329,17.240401,78.29919
bus_stop,Bus_stop_6330,17.239892,78.299879
school,School_6331,17.238388,78.301942
bus_stop,Bus_stop_6332,17.241021,78.297386
restaurant,Restaurant_6333,17.232809,78.304479
hospital,Hospital_6334,17.233984,78.307302
restaurant,Restaurant_6335,17.246424,78.299532
mall,Mall_6336,17.233183,78.299
market,Market_6337,17.23643,78.310694
hospital,Hospital_6338,17.236867,78.304118
shop,Shop_6339,17.233699,78.296364
mall,Mall_6340,17.230133,78.304619
mall,Mall_6341,17.247563,78.302724
mall,Mall_6342,17.233616,78.547286
bus_stop,Bus_stop_6343,17.22577,78.54917
bus_stop,Bus_stop_6344,17.235448,78.55232
shop,Shop_6345,17.231337,78.554576
school,School_6346,17.233039,78.556616
school,School_6347,17.233341,78.550718
shop,Shop_6348,17.231833,78.556929
bus_stop,Bus_stop_6349,17.236149,78.546902
mall,Mall_6350,17.243297,78.546154
market,Market_6351,17.236308,78.553682
hospital,Hospital_6352,17.231229,78.550098
restaurant,Restaurant_6353,17.2347,78.547067
market,Market_6354,17.229903,78.541417
hospital,Hospital_6355,17.237102,78.544492
mall,Mall_6356,17.233949,78.547055
market,Market_6357,17.224455,78.543581
shop,Shop_6358,17.234034,78.558661
market,Market_6359,17.229887,78.548075
school,School_6360,17.223178,78.547719
mall,Mall_6361,17.236792,78.552876
market,Market_6362,17.227292,78.544624
bus_stop,Bus_stop_6363,17.228367,78.54453
school,School_6364,17.233235,78.548563
bus_stop,Bus_stop_6365,17.241961,78.544015
bank,Bank_6366,17.23483,78.559119
market,Market_6367,17.237583,78.546586
hospital,Hospital_6368,17.234617,78.550488
bank,Bank_6369,17.231319,78.547637
bus_stop,Bus_stop_6370,17.223808,78.547106
hospital,Hospital_6371,17.236152,78.545697
shop,Shop_6372,17.234121,78.550719
hospital,Hospital_6373,17.23893,78.545899
bank,Bank_6374,17.232276,78.54914
restaurant,Restaurant_6375,17.238656,78.543506
market,Market_6376,17.235995,78.542191
shop,Shop_6377,17.236554,78.546958
hospital,Hospital_6378,17.23239,78.547405
hospital,Hospital_6379,17.234154,78.549888
bank,Bank_6380,17.232759,78.548171
hospital,Hospital_6381,17.230673,78.54811
hospital,Hospital_6382,17.17492,78.420313
restaurant,Restaurant_6383,17.161054,78.410211
market,Market_6384,17.154939,78.415372
bank,Bank_6385,17.163866,78.41456
bank,Bank_6386,17.165576,78.413487
bus_stop,Bus_stop_6387,17.166165,78.416662
shop,Shop_6388,17.160761,78.423001
shop,Shop_6389,17.162373,78.421627
shop,Shop_6390,17.520273,78.347516
mall,Mall_6391,17.519295,78.349736
market,Market_6392,17.512393,78.337806
hospital,Hospital_6393,17.518209,78.340583
mall,Mall_6394,17.520173,78.34449
bus_stop,Bus_stop_6395,17.523309,78.337285
school,School_6396,17.5226,78.339912
bank,Bank_6397,17.520429,78.345309
mall,Mall_6398,17.522416,78.346911
hospital,Hospital_6399,17.51548,78.349672
hospital,Hospital_6400,17.519292,78.344722
bank,Bank_6401,17.521973,78.344052
mall,Mall_6402,17.518674,78.344431
restaurant,Restaurant_6403,17.519419,78.347351
hospital,Hospital_6404,17.527416,78.345497
mall,Mall_6405,17.523531,78.350974
restaurant,Restaurant_6406,17.518446,78.34331
shop,Shop_6407,17.515438,78.350535
restaurant,Restaurant_6408,17.520398,78.342965
mall,Mall_6409,17.515203,78.344725
school,School_6410,17.516572,78.344522
bus_stop,Bus_stop_6411,17.511237,78.343107
bank,Bank_6412,17.518969,78.347305
school,School_6413,17.514088,78.34477
mall,Mall_6414,17.519397,78.346746
shop,Shop_6415,17.525332,78.339656
market,Market_6416,17.515978,78.347276
school,School_6417,17.5168,78.3455
bank,Bank_6418,17.512802,78.33527
restaurant,Restaurant_6419,17.520163,78.353207
market,Market_6420,17.516737,78.341633
bus_stop,Bus_stop_6421,17.520941,78.339884
school,School_6422,17.524103,78.338517
mall,Mall_6423,17.519395,78.34943
market,Market_6424,17.517344,78.342496
hospital,Hospital_6425,17.517564,78.348119
restaurant,Restaurant_6426,17.51848,78.348442
bus_stop,Bus_stop_6427,17.518526,78.352907
mall,Mall_6428,17.430482,78.295596
shop,Shop_6429,17.429794,78.296416
mall,Mall_6430,17.438274,78.287444
school,School_6431,17.435651,78.293069
restaurant,Restaurant_6432,17.434714,78.291931
market,Market_6433,17.430135,78.298285
school,School_6434,17.443818,78.288965
shop,Shop_6435,17.441824,78.295871
mall,Mall_6436,17.434817,78.294299
school,School_6437,17.433259,78.295891
bus_stop,Bus_stop_6438,17.433835,78.289146
bus_stop,Bus_stop_6439,17.443158,78.28956
bank,Bank_6440,17.436444,78.297177
school,School_6441,17.435411,78.302912
market,Market_6442,17.435047,78.294379
market,Market_6443,17.439727,78.290229
mall,Mall_6444,17.43401,78.294199
shop,Shop_6445,17.435213,78.294548
bus_stop,Bus_stop_6446,17.430199,78.292109
restaurant,Restaurant_6447,17.435562,78.294296
bus_stop,Bus_stop_6448,17.214323,78.606033
shop,Shop_6449,17.214411,78.614018
market,Market_6450,17.223047,78.607034
market,Market_6451,17.224583,78.606584
hospital,Hospital_6452,17.215186,78.612857
restaurant,Restaurant_6453,17.216119,78.613254
hospital,Hospital_6454,17.218253,78.614108
school,School_6455,17.212464,78.617898
school,School_6456,17.216221,78.606443
shop,Shop_6457,17.213127,78.613196
bus_stop,Bus_stop_6458,17.211591,78.616973
school,School_6459,17.225834,78.610308
shop,Shop_6460,17.21984,78.611786
bank,Bank_6461,17.213261,78.623477
shop,Shop_6462,17.21676,78.618855
market,Market_6463,17.215931,78.61337
bus_stop,Bus_stop_6464,17.215463,78.613174
bus_stop,Bus_stop_6465,17.223741,78.605666
market,Market_6466,17.427722,78.392438
bank,Bank_6467,17.436723,78.38812
bus_stop,Bus_stop_6468,17.427144,78.390685
bus_stop,Bus_stop_6469,17.428493,78.391696
school,School_6470,17.428348,78.393241
bus_stop,Bus_stop_6471,17.428615,78.39414
shop,Shop_6472,17.431285,78.397043
bank,Bank_6473,17.425517,78.398242
mall,Mall_6474,17.434408,78.397785
bus_stop,Bus_stop_6475,17.425574,78.392554
shop,Shop_6476,17.428122,78.392971
market,Market_6477,17.430983,78.382373
school,School_6478,17.427428,78.387132
bank,Bank_6479,17.430145,78.386014
mall,Mall_6480,17.424043,78.388533
shop,Shop_6481,17.426227,78.383655
restaurant,Restaurant_6482,17.436359,78.399993
mall,Mall_6483,17.4266,78.395555
school,School_6484,17.427621,78.393947
mall,Mall_6485,17.430565,78.401279
market,Market_6486,17.428094,78.397383
market,Market_6487,17.425904,78.392739
market,Market_6488,17.58423,78.573868
bus_stop,Bus_stop_6489,17.585329,78.575991
bank,Bank_6490,17.579932,78.576324
shop,Shop_6491,17.584304,78.573647
bus_stop,Bus_stop_6492,17.579931,78.569662
market,Market_6493,17.586638,78.574085
market,Market_6494,17.586887,78.566362
bank,Bank_6495,17.584159,78.573433
school,School_6496,17.580438,78.563646
shop,Shop_6497,17.578552,78.576696
market,Market_6498,17.581497,78.581834
school,School_6499,17.585872,78.575966
restaurant,Restaurant_6500,17.580674,78.573705
hospital,Hospital_6501,17.578656,78.57647
restaurant,Restaurant_6502,17.581613,78.565861
hospital,Hospital_6503,17.587816,78.576314
bank,Bank_6504,17.59044,78.572275
school,School_6505,17.586732,78.569578
bus_stop,Bus_stop_6506,17.505635,78.647372
restaurant,Restaurant_6507,17.505032,78.64131
school,School_6508,17.501981,78.639133
market,Market_6509,17.505739,78.645446
hospital,Hospital_6510,17.502711,78.641707
bank,Bank_6511,17.514468,78.638832
mall,Mall_6512,17.505047,78.641898
hospital,Hospital_6513,17.508194,78.631156
market,Market_6514,17.512584,78.645763
bus_stop,Bus_stop_6515,17.511222,78.637514
shop,Shop_6516,17.53332,78.317248
shop,Shop_6517,17.54577,78.3149
restaurant,Restaurant_6518,17.54506,78.323835
hospital,Hospital_6519,17.543213,78.314444
shop,Shop_6520,17.537394,78.312443
shop,Shop_6521,17.537315,78.322288
shop,Shop_6522,17.543699,78.319436
school,School_6523,17.542733,78.317539
shop,Shop_6524,17.552564,78.314058
shop,Shop_6525,17.542904,78.326928
bank,Bank_6526,17.547271,78.310307
school,School_6527,17.543409,78.321521
restaurant,Restaurant_6528,17.546025,78.318702
hospital,Hospital_6529,17.540857,78.321366
bank,Bank_6530,17.544912,78.321076
restaurant,Restaurant_6531,17.548375,78.315617
market,Market_6532,17.534927,78.314474
bus_stop,Bus_stop_6533,17.547,78.318508
restaurant,Restaurant_6534,17.54125,78.31911
restaurant,Restaurant_6535,17.541933,78.316756
restaurant,Restaurant_6536,17.53816,78.311054
restaurant,Restaurant_6537,17.545577,78.315472
market,Market_6538,17.545433,78.312881
market,Market_6539,17.544214,78.316683
bank,Bank_6540,17.540412,78.321599
hospital,Hospital_6541,17.543514,78.313727
hospital,Hospital_6542,17.548932,78.322105
school,School_6543,17.546571,78.309221
school,School_6544,17.64666,78.276523
restaurant,Restaurant_6545,17.653323,78.270517
restaurant,Restaurant_6546,17.667646,78.273278
market,Market_6547,17.660911,78.270345
shop,Shop_6548,17.665707,78.280873
mall,Mall_6549,17.665073,78.279383
bank,Bank_6550,17.653698,78.264449
hospital,Hospital_6551,17.375647,78.514747
shop,Shop_6552,17.385219,78.521713
hospital,Hospital_6553,17.38875,78.518588
mall,Mall_6554,17.378773,78.522898
hospital,Hospital_6555,17.391278,78.518931
bus_stop,Bus_stop_6556,17.382252,78.506284
restaurant,Restaurant_6557,17.385256,78.516696
bus_stop,Bus_stop_6558,17.387139,78.516868
bus_stop,Bus_stop_6559,17.389482,78.522416
mall,Mall_6560,17.382652,78.515216
mall,Mall_6561,17.376741,78.515615
hospital,Hospital_6562,17.391798,78.519178
bank,Bank_6563,17.385872,78.516859
bus_stop,Bus_stop_6564,17.387821,78.512651
market,Market_6565,17.381062,78.515446
hospital,Hospital_6566,17.377776,78.508047
market,Market_6567,17.386874,78.516971
hospital,Hospital_6568,17.388578,78.522726
school,School_6569,17.382941,78.515157
bus_stop,Bus_stop_6570,17.382927,78.514542
school,School_6571,17.380729,78.517609
hospital,Hospital_6572,17.38584,78.513418
bus_stop,Bus_stop_6573,17.397425,78.40198
bus_stop,Bus_stop_6574,17.39756,78.391562
mall,Mall_6575,17.393769,78.395457
school,School_6576,17.386346,78.405622
shop,Shop_6577,17.379363,78.394427
market,Market_6578,17.393735,78.397743
market,Market_6579,17.389489,78.395554
market,Market_6580,17.393591,78.39415
restaurant,Restaurant_6581,17.386094,78.390679
bank,Bank_6582,17.395752,78.395385
market,Market_6583,17.385498,78.395376
hospital,Hospital_6584,17.389116,78.40127
shop,Shop_6585,17.393989,78.397447
hospital,Hospital_6586,17.394402,78.405119
bus_stop,Bus_stop_6587,17.386383,78.395186
restaurant,Restaurant_6588,17.389889,78.404866
school,School_6589,17.388967,78.392054
school,School_6590,17.383034,78.396549
bus_stop,Bus_stop_6591,17.390207,78.40294
market,Market_6592,17.387491,78.395136
bus_stop,Bus_stop_6593,17.38905,78.395998
school,School_6594,17.385792,78.387217
bus_stop,Bus_stop_6595,17.400017,78.397779
hospital,Hospital_6596,17.389085,78.395567
mall,Mall_6597,17.392317,78.389691
restaurant,Restaurant_6598,17.396571,78.397427
bank,Bank_6599,17.389026,78.394557
hospital,Hospital_6600,17.389358,78.392626
market,Market_6601,17.686089,78.504739
hospital,Hospital_6602,17.685085,78.510021
bus_stop,Bus_stop_6603,17.678639,78.51521
bus_stop,Bus_stop_6604,17.675252,78.515928
shop,Shop_6605,17.677058,78.508177
hospital,Hospital_6606,17.674102,78.516381
hospital,Hospital_6607,17.683973,78.513071
market,Market_6608,17.673897,78.506645
bank,Bank_6609,17.679657,78.514189
market,Market_6610,17.68395,78.520197
restaurant,Restaurant_6611,17.681314,78.52222
shop,Shop_6612,17.683815,78.514279
shop,Shop_6613,17.684768,78.516064
mall,Mall_6614,17.684885,78.512055
bus_stop,Bus_stop_6615,17.684779,78.517334
bus_stop,Bus_stop_6616,17.678241,78.505291
restaurant,Restaurant_6617,17.6888,78.512636
shop,Shop_6618,17.67812,78.515163
school,School_6619,17.682319,78.516261
mall,Mall_6620,17.683738,78.510307
school,School_6621,17.682886,78.511268
market,Market_6622,17.679162,78.515553
restaurant,Restaurant_6623,17.690553,78.503508
hospital,Hospital_6624,17.692234,78.506323
hospital,Hospital_6625,17.685789,78.507733
bank,Bank_6626,17.683592,78.506349
school,School_6627,17.677103,78.507737
bus_stop,Bus_stop_6628,17.683848,78.513968
restaurant,Restaurant_6629,17.678784,78.505437
school,School_6630,17.682073,78.516519
hospital,Hospital_6631,17.68325,78.510674
market,Market_6632,17.681487,78.519761
shop,Shop_6633,17.681841,78.509395
hospital,Hospital_6634,17.682525,78.518399
mall,Mall_6635,17.683662,78.511321
bus_stop,Bus_stop_6636,17.68226,78.512364
mall,Mall_6637,17.681937,78.515049
school,School_6638,17.687131,78.507637
school,School_6639,17.675646,78.519088
hospital,Hospital_6640,17.678198,78.509145
school,School_6641,17.685196,78.50787
restaurant,Restaurant_6642,17.692149,78.515019
hospital,Hospital_6643,17.685618,78.50084
school,School_6644,17.683271,78.509245
bank,Bank_6645,17.678927,78.510548
shop,Shop_6646,17.690165,78.511782
mall,Mall_6647,17.682141,78.50812
bus_stop,Bus_stop_6648,17.67658,78.507824
restaurant,Restaurant_6649,17.691464,78.517463
hospital,Hospital_6650,17.684113,78.503961
restaurant,Restaurant_6651,17.680735,78.516829
market,Market_6652,17.687073,78.500665
shop,Shop_6653,17.684036,78.520415
mall,Mall_6654,17.677552,78.510995
hospital,Hospital_6655,17.68036,78.512846
bank,Bank_6656,17.682641,78.50948
shop,Shop_6657,17.68142,78.514713
restaurant,Restaurant_6658,17.681547,78.517667
restaurant,Restaurant_6659,17.685163,78.514313
mall,Mall_6660,17.685261,78.513542
bank,Bank_6661,17.684906,78.513428
hospital,Hospital_6662,17.68243,78.508257
shop,Shop_6663,17.693183,78.510526
market,Market_6664,17.688662,78.519844
hospital,Hospital_6665,17.681142,78.50819
bank,Bank_6666,17.686227,78.511327
hospital,Hospital_6667,17.682819,78.509508
bus_stop,Bus_stop_6668,17.685947,78.514923
bank,Bank_6669,17.6889,78.503589
shop,Shop_6670,17.43169,78.449649
shop,Shop_6671,17.430916,78.453446
bank,Bank_6672,17.430447,78.453242
school,School_6673,17.430608,78.453113
mall,Mall_6674,17.437031,78.45584
bus_stop,Bus_stop_6675,17.4335,78.461431
hospital,Hospital_6676,17.434293,78.455542
shop,Shop_6677,17.42929,78.463811
shop,Shop_6678,17.421972,78.454134
restaurant,Restaurant_6679,17.431608,78.45578
bank,Bank_6680,17.431273,78.443551
bank,Bank_6681,17.435638,78.452831
bank,Bank_6682,17.434676,78.454397
mall,Mall_6683,17.427997,78.443578
mall,Mall_6684,17.428546,78.458333
bus_stop,Bus_stop_6685,17.430555,78.453326
mall,Mall_6686,17.429563,78.45708
shop,Shop_6687,17.431604,78.452073
shop,Shop_6688,17.426136,78.44773
restaurant,Restaurant_6689,17.428845,78.458993
bus_stop,Bus_stop_6690,17.421182,78.456493
hospital,Hospital_6691,17.439716,78.45109
market,Market_6692,17.430184,78.460332
school,School_6693,17.434116,78.444767
bus_stop,Bus_stop_6694,17.43644,78.446037
hospital,Hospital_6695,17.433925,78.453297
market,Market_6696,17.624383,78.429378
shop,Shop_6697,17.631863,78.421905
hospital,Hospital_6698,17.634914,78.420571
bank,Bank_6699,17.631612,78.422143
market,Market_6700,17.626598,78.425727
hospital,Hospital_6701,17.628222,78.418003
bank,Bank_6702,17.634062,78.42537
hospital,Hospital_6703,17.626399,78.430966
bus_stop,Bus_stop_6704,17.633597,78.421559
mall,Mall_6705,17.637721,78.414565
mall,Mall_6706,17.621659,78.417807
bank,Bank_6707,17.62644,78.413358
market,Market_6708,17.628446,78.415659
hospital,Hospital_6709,17.637178,78.43048
mall,Mall_6710,17.631624,78.423078
hospital,Hospital_6711,17.632277,78.413584
bank,Bank_6712,17.633462,78.417091
hospital,Hospital_6713,17.637023,78.421659
school,School_6714,17.630841,78.425657
hospital,Hospital_6715,17.627639,78.416447
bus_stop,Bus_stop_6716,17.629374,78.421766
bus_stop,Bus_stop_6717,17.636665,78.422091
school,School_6718,17.635108,78.432281
market,Market_6719,17.631567,78.418233
bank,Bank_6720,17.633945,78.412067
shop,Shop_6721,17.624737,78.418449
restaurant,Restaurant_6722,17.634441,78.424909
shop,Shop_6723,17.6322,78.418184
school,School_6724,17.626382,78.429992
shop,Shop_6725,17.633914,78.419552
market,Market_6726,17.629991,78.421725
school,School_6727,17.157747,78.544577
restaurant,Restaurant_6728,17.158978,78.540604
school,School_6729,17.160404,78.53909
mall,Mall_6730,17.157938,78.536961
school,School_6731,17.158627,78.540229
mall,Mall_6732,17.158052,78.545895
restaurant,Restaurant_6733,17.155332,78.535826
bank,Bank_6734,17.167656,78.541072
hospital,Hospital_6735,17.162243,78.543965
shop,Shop_6736,17.156828,78.536715
hospital,Hospital_6737,17.162219,78.546407
bank,Bank_6738,17.157177,78.545404
bus_stop,Bus_stop_6739,17.161729,78.546876
shop,Shop_6740,17.166278,78.542202
bus_stop,Bus_stop_6741,17.165325,78.542007
shop,Shop_6742,17.152388,78.535301
restaurant,Restaurant_6743,17.158917,78.539627
hospital,Hospital_6744,17.159198,78.541172
hospital,Hospital_6745,17.150358,78.541434
market,Market_6746,17.149456,78.538246
market,Market_6747,17.162373,78.545995
market,Market_6748,17.16601,78.537519
bank,Bank_6749,17.559896,78.541642
hospital,Hospital_6750,17.559419,78.536091
bus_stop,Bus_stop_6751,17.56096,78.533028
school,School_6752,17.557206,78.55184
hospital,Hospital_6753,17.558054,78.54405
restaurant,Restaurant_6754,17.5545,78.540403
school,School_6755,17.559969,78.542734
market,Market_6756,17.559863,78.53305
hospital,Hospital_6757,17.558023,78.541229
school,School_6758,17.562669,78.539724
restaurant,Restaurant_6759,17.559354,78.537729
bus_stop,Bus_stop_6760,17.567156,78.547427
shop,Shop_6761,17.560306,78.541326
market,Market_6762,17.561064,78.538935
shop,Shop_6763,17.559814,78.544936
hospital,Hospital_6764,17.561715,78.541457
school,School_6765,17.55986,78.536544
mall,Mall_6766,17.559418,78.534307
hospital,Hospital_6767,17.557206,78.539834
market,Market_6768,17.559226,78.541815
bank,Bank_6769,17.555184,78.549483
restaurant,Restaurant_6770,17.627422,78.476237
hospital,Hospital_6771,17.63249,78.475664
mall,Mall_6772,17.636616,78.475727
shop,Shop_6773,17.631835,78.475859
restaurant,Restaurant_6774,17.629172,78.474862
bus_stop,Bus_stop_6775,17.6318,78.470253
mall,Mall_6776,17.632487,78.471927
bank,Bank_6777,17.634836,78.477093
school,School_6778,17.632551,78.475441
mall,Mall_6779,17.633861,78.484762
market,Market_6780,17.632546,78.475747
market,Market_6781,17.637159,78.485468
shop,Shop_6782,17.637942,78.4826
market,Market_6783,17.634337,78.479319
bank,Bank_6784,17.628861,78.480359
hospital,Hospital_6785,17.641446,78.473359
hospital,Hospital_6786,17.623715,78.479264
restaurant,Restaurant_6787,17.632066,78.468043
shop,Shop_6788,17.623974,78.47327
mall,Mall_6789,17.627778,78.473316
bank,Bank_6790,17.634356,78.481111
bank,Bank_6791,17.633131,78.475626
bank,Bank_6792,17.633021,78.469957
bank,Bank_6793,17.635249,78.483046
school,School_6794,17.636101,78.474038
restaurant,Restaurant_6795,17.630797,78.47765
school,School_6796,17.631805,78.472375
school,School_6797,17.634342,78.476651
bank,Bank_6798,17.623287,78.477695
mall,Mall_6799,17.630463,78.47434
school,School_6800,17.631806,78.465432
hospital,Hospital_6801,17.630852,78.468337
market,Market_6802,17.627199,78.468376
mall,Mall_6803,17.631325,78.476633
shop,Shop_6804,17.630232,78.476062
hospital,Hospital_6805,17.624583,78.478553
hospital,Hospital_6806,17.623404,78.475995
restaurant,Restaurant_6807,17.636589,78.481103
market,Market_6808,17.181212,78.377462
restaurant,Restaurant_6809,17.18505,78.378837
mall,Mall_6810,17.176587,78.370756
bank,Bank_6811,17.173977,78.374262
bus_stop,Bus_stop_6812,17.181819,78.370365
mall,Mall_6813,17.174197,78.3667
school,School_6814,17.18487,78.370807
mall,Mall_6815,17.175416,78.374094
restaurant,Restaurant_6816,17.189106,78.368206
market,Market_6817,17.1845,78.373898
mall,Mall_6818,17.179099,78.380811
market,Market_6819,17.183229,78.372805
bank,Bank_6820,17.186466,78.37314
school,School_6821,17.182975,78.371912
restaurant,Restaurant_6822,17.182401,78.367119
bus_stop,Bus_stop_6823,17.186146,78.365881
mall,Mall_6824,17.190008,78.373389
shop,Shop_6825,17.279651,78.543572
mall,Mall_6826,17.286486,78.55232
bus_stop,Bus_stop_6827,17.286897,78.550297
bus_stop,Bus_stop_6828,17.289217,78.544993
shop,Shop_6829,17.289364,78.545543
market,Market_6830,17.278253,78.551268
shop,Shop_6831,17.284427,78.554371
hospital,Hospital_6832,17.284426,78.553161
bank,Bank_6833,17.285174,78.556759
bus_stop,Bus_stop_6834,17.286086,78.557095
bus_stop,Bus_stop_6835,17.277609,78.560076
hospital,Hospital_6836,17.2878,78.550225
hospital,Hospital_6837,17.282784,78.551449
bus_stop,Bus_stop_6838,17.293988,78.550687
hospital,Hospital_6839,17.286115,78.54278
school,School_6840,17.285076,78.556909
bank,Bank_6841,17.277853,78.552652
bus_stop,Bus_stop_6842,17.288366,78.544742
bank,Bank_6843,17.285777,78.557937
hospital,Hospital_6844,17.28723,78.549014
shop,Shop_6845,17.282515,78.55229
bus_stop,Bus_stop_6846,17.284617,78.549736
shop,Shop_6847,17.285229,78.552771
mall,Mall_6848,17.277256,78.546249
bank,Bank_6849,17.278546,78.561762
hospital,Hospital_6850,17.281757,78.562597
restaurant,Restaurant_6851,17.281413,78.551843
market,Market_6852,17.279585,78.552429
bus_stop,Bus_stop_6853,17.283368,78.547397
school,School_6854,17.285966,78.552114
bus_stop,Bus_stop_6855,17.276327,78.546022
bank,Bank_6856,17.288243,78.557316
shop,Shop_6857,17.282655,78.552285
bus_stop,Bus_stop_6858,17.288616,78.548641
restaurant,Restaurant_6859,17.276221,78.559272
restaurant,Restaurant_6860,17.279951,78.557819
bank,Bank_6861,17.286964,78.551397
shop,Shop_6862,17.294268,78.554666
school,School_6863,17.279956,78.550066
hospital,Hospital_6864,17.274732,78.550912
shop,Shop_6865,17.28866,78.558316
school,School_6866,17.280736,78.551973
shop,Shop_6867,17.281311,78.556052
bus_stop,Bus_stop_6868,17.287742,78.552628
mall,Mall_6869,17.542246,78.279821
school,School_6870,17.544154,78.289016
bank,Bank_6871,17.542493,78.289676
restaurant,Restaurant_6872,17.544304,78.279864
bus_stop,Bus_stop_6873,17.538754,78.287113
school,School_6874,17.485803,78.396908
hospital,Hospital_6875,17.47493,78.396344
bus_stop,Bus_stop_6876,17.47681,78.408816
hospital,Hospital_6877,17.476995,78.406323
market,Market_6878,17.476748,78.40889
hospital,Hospital_6879,17.478767,78.406293
market,Market_6880,17.485397,78.408403
bank,Bank_6881,17.472717,78.399334
school,School_6882,17.473001,78.405621
bank,Bank_6883,17.482688,78.404003
market,Market_6884,17.486489,78.401328
shop,Shop_6885,17.478955,78.40663
shop,Shop_6886,17.485355,78.405175
bank,Bank_6887,17.476866,78.403042
bank,Bank_6888,17.477781,78.402057
market,Market_6889,17.474669,78.407922
bank,Bank_6890,17.478013,78.395695
market,Market_6891,17.472428,78.41088
bus_stop,Bus_stop_6892,17.479754,78.402831
mall,Mall_6893,17.482217,78.404936
restaurant,Restaurant_6894,17.479986,78.403902
bank,Bank_6895,17.474683,78.393988
bank,Bank_6896,17.148948,78.626013
school,School_6897,17.139222,78.624246
bus_stop,Bus_stop_6898,17.145645,78.627095
hospital,Hospital_6899,17.145973,78.624353
bus_stop,Bus_stop_6900,17.137696,78.622897
bus_stop,Bus_stop_6901,17.14519,78.627103
market,Market_6902,17.146541,78.627407
shop,Shop_6903,17.139557,78.629073
market,Market_6904,17.145621,78.623902
market,Market_6905,17.137226,78.628008
market,Market_6906,17.137834,78.628981
shop,Shop_6907,17.147372,78.627498
hospital,Hospital_6908,17.135724,78.62237
shop,Shop_6909,17.141239,78.630769
school,School_6910,17.153545,78.629854
market,Market_6911,17.150634,78.627146
restaurant,Restaurant_6912,17.144468,78.618142
restaurant,Restaurant_6913,17.143351,78.625308
bank,Bank_6914,17.143528,78.633796
shop,Shop_6915,17.145256,78.6269
bank,Bank_6916,17.144642,78.627818
mall,Mall_6917,17.145484,78.623199
market,Market_6918,17.13884,78.630259
restaurant,Restaurant_6919,17.148673,78.636085
hospital,Hospital_6920,17.141941,78.629263
bank,Bank_6921,17.146577,78.633224
restaurant,Restaurant_6922,17.140301,78.628247
market,Market_6923,17.143961,78.637444
bus_stop,Bus_stop_6924,17.149303,78.631045
bus_stop,Bus_stop_6925,17.149384,78.636606
school,School_6926,17.145339,78.619893
shop,Shop_6927,17.136482,78.620744
school,School_6928,17.148327,78.63752
bank,Bank_6929,17.14465,78.625663
hospital,Hospital_6930,17.145468,78.624056
bus_stop,Bus_stop_6931,17.151571,78.634463
hospital,Hospital_6932,17.146743,78.627292
shop,Shop_6933,17.155136,78.624324
bank,Bank_6934,17.146229,78.6164
hospital,Hospital_6935,17.137564,78.619459
shop,Shop_6936,17.148497,78.625659
hospital,Hospital_6937,17.147167,78.633503
school,School_6938,17.140637,78.62996
market,Market_6939,17.141577,78.617787
market,Market_6940,17.143285,78.637129
hospital,Hospital_6941,17.141538,78.622579
hospital,Hospital_6942,17.143446,78.626945
bus_stop,Bus_stop_6943,17.150061,78.624999
bank,Bank_6944,17.144152,78.626131
school,School_6945,17.144722,78.620922
shop,Shop_6946,17.14534,78.625077
restaurant,Restaurant_6947,17.150123,78.621231
shop,Shop_6948,17.144794,78.630699
hospital,Hospital_6949,17.142066,78.631224
shop,Shop_6950,17.150124,78.630283
restaurant,Restaurant_6951,17.145031,78.631646
restaurant,Restaurant_6952,17.138339,78.620733
market,Market_6953,17.142492,78.626638
shop,Shop_6954,17.145754,78.628097
bus_stop,Bus_stop_6955,17.149547,78.629092
school,School_6956,17.142318,78.629781
bus_stop,Bus_stop_6957,17.455367,78.513842
shop,Shop_6958,17.456992,78.508664
shop,Shop_6959,17.454792,78.520237
mall,Mall_6960,17.458531,78.507588
mall,Mall_6961,17.455342,78.501662
restaurant,Restaurant_6962,17.455042,78.50008
market,Market_6963,17.463055,78.51687
bus_stop,Bus_stop_6964,17.451619,78.502739
shop,Shop_6965,17.456529,78.506841
bus_stop,Bus_stop_6966,17.460834,78.502582
hospital,Hospital_6967,17.456749,78.500338
shop,Shop_6968,17.455976,78.512698
market,Market_6969,17.461731,78.50915
restaurant,Restaurant_6970,17.446667,78.510496
bus_stop,Bus_stop_6971,17.466844,78.50918
hospital,Hospital_6972,17.458924,78.508697
market,Market_6973,17.44731,78.50604
restaurant,Restaurant_6974,17.459438,78.509012
market,Market_6975,17.453856,78.502451
mall,Mall_6976,17.44889,78.506924
bus_stop,Bus_stop_6977,17.456733,78.506335
hospital,Hospital_6978,17.449674,78.51003
hospital,Hospital_6979,17.447098,78.513463
restaurant,Restaurant_6980,17.457451,78.510522
bank,Bank_6981,17.498956,78.531617
shop,Shop_6982,17.492423,78.530491
mall,Mall_6983,17.496796,78.536948
school,School_6984,17.494047,78.529974
bank,Bank_6985,17.491329,78.541115
hospital,Hospital_6986,17.49587,78.535652
restaurant,Restaurant_6987,17.503168,78.529198
bank,Bank_6988,17.497431,78.542476
bus_stop,Bus_stop_6989,17.497849,78.536374
hospital,Hospital_6990,17.487408,78.534982
restaurant,Restaurant_6991,17.502873,78.53265
restaurant,Restaurant_6992,17.494886,78.533651
restaurant,Restaurant_6993,17.493636,78.540942
market,Market_6994,17.497505,78.536399
market,Market_6995,17.502021,78.544961
market,Market_6996,17.496361,78.546669
market,Market_6997,17.496085,78.540269
school,School_6998,17.212064,78.47377
hospital,Hospital_6999,17.207223,78.477563
mall,Mall_7000,17.208992,78.473025
restaurant,Restaurant_7001,17.202471,78.467955
restaurant,Restaurant_7002,17.205157,78.461951
market,Market_7003,17.211763,78.473662
school,School_7004,17.204092,78.472749
hospital,Hospital_7005,17.20723,78.469833
mall,Mall_7006,17.201952,78.473343
school,School_7007,17.205206,78.480255
shop,Shop_7008,17.210642,78.470895
hospital,Hospital_7009,17.204027,78.471829
school,School_7010,17.209623,78.47147
market,Market_7011,17.209236,78.477505
shop,Shop_7012,17.141163,78.558964
bank,Bank_7013,17.145041,78.564851
market,Market_7014,17.143157,78.564236
market,Market_7015,17.144488,78.552465
shop,Shop_7016,17.138582,78.565259
restaurant,Restaurant_7017,17.148985,78.564043
shop,Shop_7018,17.145195,78.562055
bank,Bank_7019,17.139499,78.562739
hospital,Hospital_7020,17.14203,78.563251
market,Market_7021,17.144531,78.560297
bus_stop,Bus_stop_7022,17.137593,78.563133
mall,Mall_7023,17.139491,78.57059
hospital,Hospital_7024,17.13292,78.560963
bank,Bank_7025,17.145653,78.567758
school,School_7026,17.144554,78.564797
bus_stop,Bus_stop_7027,17.143831,78.561814
hospital,Hospital_7028,17.131962,78.564749
market,Market_7029,17.137309,78.568534
mall,Mall_7030,17.151402,78.564576
market,Market_7031,17.141495,78.556825
mall,Mall_7032,17.142083,78.563911
market,Market_7033,17.141215,78.560326
mall,Mall_7034,17.140353,78.563042
hospital,Hospital_7035,17.143008,78.562625
hospital,Hospital_7036,17.147587,78.553723
market,Market_7037,17.149966,78.561812
hospital,Hospital_7038,17.139243,78.568434
school,School_7039,17.143381,78.553721
school,School_7040,17.141829,78.562966
shop,Shop_7041,17.135987,78.568499
mall,Mall_7042,17.142552,78.564266
bank,Bank_7043,17.139218,78.562305
mall,Mall_7044,17.14997,78.563594
restaurant,Restaurant_7045,17.145218,78.570167
bus_stop,Bus_stop_7046,17.151074,78.567667
mall,Mall_7047,17.143564,78.557345
market,Market_7048,17.141691,78.565151
restaurant,Restaurant_7049,17.151665,78.560419
school,School_7050,17.142382,78.561882
restaurant,Restaurant_7051,17.140209,78.561469
bank,Bank_7052,17.145526,78.572106
hospital,Hospital_7053,17.134035,78.558319
market,Market_7054,17.146448,78.554749
shop,Shop_7055,17.140287,78.560546
bus_stop,Bus_stop_7056,17.141002,78.559599
bank,Bank_7057,17.142045,78.562127
market,Market_7058,17.145724,78.557751
school,School_7059,17.146606,78.558156
bank,Bank_7060,17.143869,78.563547
restaurant,Restaurant_7061,17.138515,78.557725
market,Market_7062,17.147328,78.571218
restaurant,Restaurant_7063,17.136493,78.571781
mall,Mall_7064,17.144214,78.556154
hospital,Hospital_7065,17.134605,78.569829
mall,Mall_7066,17.133377,78.559239
shop,Shop_7067,17.140476,78.56305
school,School_7068,17.140983,78.560889
market,Market_7069,17.142034,78.554004
bus_stop,Bus_stop_7070,17.142682,78.562565
bus_stop,Bus_stop_7071,17.14245,78.56034
hospital,Hospital_7072,17.145642,78.565154
bus_stop,Bus_stop_7073,17.141079,78.561065
school,School_7074,17.142194,78.561501
school,School_7075,17.136996,78.555574
hospital,Hospital_7076,17.203073,78.377467
school,School_7077,17.203652,78.386972
hospital,Hospital_7078,17.199389,78.381304
school,School_7079,17.197942,78.37013
hospital,Hospital_7080,17.197796,78.37894
school,School_7081,17.201679,78.380558
market,Market_7082,17.205125,78.383426
restaurant,Restaurant_7083,17.200908,78.381602
market,Market_7084,17.201436,78.380169
mall,Mall_7085,17.202478,78.383736
restaurant,Restaurant_7086,17.195788,78.374326
bank,Bank_7087,17.19981,78.374059
shop,Shop_7088,17.197633,78.381094
restaurant,Restaurant_7089,17.202616,78.379967
bank,Bank_7090,17.338639,78.588611
mall,Mall_7091,17.336582,78.593072
bank,Bank_7092,17.335053,78.593675
restaurant,Restaurant_7093,17.342973,78.587434
restaurant,Restaurant_7094,17.336525,78.59533
restaurant,Restaurant_7095,17.325064,78.588489
bus_stop,Bus_stop_7096,17.338454,78.592405
school,School_7097,17.336188,78.592271
bank,Bank_7098,17.338424,78.592328
restaurant,Restaurant_7099,17.33373,78.595236
bus_stop,Bus_stop_7100,17.331246,78.593138
hospital,Hospital_7101,17.337892,78.586402
shop,Shop_7102,17.34029,78.588233
bus_stop,Bus_stop_7103,17.342882,78.590107
shop,Shop_7104,17.33366,78.591089
hospital,Hospital_7105,17.327979,78.584297
restaurant,Restaurant_7106,17.337885,78.583816
mall,Mall_7107,17.339217,78.595318
hospital,Hospital_7108,17.335771,78.597908
shop,Shop_7109,17.327993,78.596587
restaurant,Restaurant_7110,17.33056,78.592686
market,Market_7111,17.344091,78.593817
bus_stop,Bus_stop_7112,17.341264,78.599142
bus_stop,Bus_stop_7113,17.340393,78.585154
restaurant,Restaurant_7114,17.338706,78.585786
bank,Bank_7115,17.335818,78.595122
market,Market_7116,17.335861,78.586653
bus_stop,Bus_stop_7117,17.33415,78.598485
bus_stop,Bus_stop_7118,17.33358,78.593241
market,Market_7119,17.334112,78.59021
bank,Bank_7120,17.32636,78.593101
mall,Mall_7121,17.342056,78.597701
mall,Mall_7122,17.334124,78.602687
market,Market_7123,17.337188,78.584673
bus_stop,Bus_stop_7124,17.341356,78.592954
school,School_7125,17.632647,78.316761
bank,Bank_7126,17.621678,78.329684
shop,Shop_7127,17.620302,78.314833
school,School_7128,17.632057,78.321266
bank,Bank_7129,17.626739,78.318932
bank,Bank_7130,17.620209,78.318685
market,Market_7131,17.625408,78.330327
school,School_7132,17.624961,78.318798
mall,Mall_7133,17.635652,78.317219
shop,Shop_7134,17.62629,78.322297
mall,Mall_7135,17.626122,78.315142
bus_stop,Bus_stop_7136,17.62598,78.325983
hospital,Hospital_7137,17.631658,78.319203
bus_stop,Bus_stop_7138,17.624861,78.329386
hospital,Hospital_7139,17.62608,78.315733
shop,Shop_7140,17.62818,78.311176
bus_stop,Bus_stop_7141,17.619476,78.323927
mall,Mall_7142,17.637173,78.319355
mall,Mall_7143,17.626768,78.313145
shop,Shop_7144,17.632711,78.319427
bus_stop,Bus_stop_7145,17.625273,78.319527
hospital,Hospital_7146,17.627608,78.329615
bus_stop,Bus_stop_7147,17.632211,78.324347
shop,Shop_7148,17.627328,78.321101
mall,Mall_7149,17.621131,78.319604
mall,Mall_7150,17.620934,78.328839
mall,Mall_7151,17.626022,78.318991
shop,Shop_7152,17.624871,78.314328
market,Market_7153,17.630649,78.327953
hospital,Hospital_7154,17.627128,78.319673
mall,Mall_7155,17.627447,78.320619
bus_stop,Bus_stop_7156,17.624369,78.316495
hospital,Hospital_7157,17.627734,78.326199
mall,Mall_7158,17.622226,78.31263
bus_stop,Bus_stop_7159,17.620944,78.31266
market,Market_7160,17.632281,78.325244
restaurant,Restaurant_7161,17.62906,78.32536
restaurant,Restaurant_7162,17.623834,78.318823
market,Market_7163,17.627416,78.3189
bus_stop,Bus_stop_7164,17.626369,78.3258
mall,Mall_7165,17.155888,78.558966
shop,Shop_7166,17.153356,78.554671
restaurant,Restaurant_7167,17.155996,78.555143
mall,Mall_7168,17.156267,78.54835
bank,Bank_7169,17.155124,78.557735
mall,Mall_7170,17.160057,78.558539
shop,Shop_7171,17.147456,78.55486
market,Market_7172,17.161252,78.547444
mall,Mall_7173,17.160532,78.553538
bank,Bank_7174,17.161111,78.554582
bus_stop,Bus_stop_7175,17.158697,78.555615
school,School_7176,17.14858,78.553451
market,Market_7177,17.164372,78.547174
shop,Shop_7178,17.165973,78.551117
restaurant,Restaurant_7179,17.156842,78.555142
bus_stop,Bus_stop_7180,17.157933,78.55107
mall,Mall_7181,17.174493,78.670245
mall,Mall_7182,17.177734,78.675331
restaurant,Restaurant_7183,17.178421,78.676637
mall,Mall_7184,17.169944,78.66567
hospital,Hospital_7185,17.168988,78.661868
shop,Shop_7186,17.161133,78.66914
restaurant,Restaurant_7187,17.17563,78.665121
market,Market_7188,17.174932,78.665645
bank,Bank_7189,17.167704,78.663277
hospital,Hospital_7190,17.178577,78.663546
market,Market_7191,17.177316,78.672012
school,School_7192,17.17673,78.672202
hospital,Hospital_7193,17.171862,78.672704
bank,Bank_7194,17.175895,78.670397
market,Market_7195,17.160655,78.669909
bus_stop,Bus_stop_7196,17.178536,78.668421
hospital,Hospital_7197,17.170304,78.67043
shop,Shop_7198,17.17868,78.671454
school,School_7199,17.167316,78.673458
bus_stop,Bus_stop_7200,17.171333,78.669738
restaurant,Restaurant_7201,17.170604,78.669745
market,Market_7202,17.169796,78.680702
hospital,Hospital_7203,17.173102,78.666436
shop,Shop_7204,17.174427,78.665576
market,Market_7205,17.165101,78.67465
hospital,Hospital_7206,17.171038,78.670338
restaurant,Restaurant_7207,17.166822,78.666931
market,Market_7208,17.169876,78.676189
school,School_7209,17.168962,78.663686
mall,Mall_7210,17.144424,78.324228
restaurant,Restaurant_7211,17.14319,78.32401
bus_stop,Bus_stop_7212,17.143074,78.326999
school,School_7213,17.143776,78.316576
bus_stop,Bus_stop_7214,17.140502,78.322383
hospital,Hospital_7215,17.139738,78.320721
school,School_7216,17.149922,78.321872
bank,Bank_7217,17.140809,78.323049
bus_stop,Bus_stop_7218,17.137361,78.326416
hospital,Hospital_7219,17.145802,78.323868
bus_stop,Bus_stop_7220,17.143527,78.327615
bank,Bank_7221,17.146587,78.316059
school,School_7222,17.141199,78.32307
market,Market_7223,17.140913,78.323394
restaurant,Restaurant_7224,17.145786,78.332356
mall,Mall_7225,17.14116,78.322693
school,School_7226,17.134993,78.32681
restaurant,Restaurant_7227,17.137804,78.322644
school,School_7228,17.144889,78.317929
shop,Shop_7229,17.140452,78.334948
school,School_7230,17.14084,78.324132
hospital,Hospital_7231,17.150306,78.620461
hospital,Hospital_7232,17.153191,78.62117
school,School_7233,17.150401,78.618583
shop,Shop_7234,17.149975,78.618834
hospital,Hospital_7235,17.157452,78.614085
shop,Shop_7236,17.149409,78.610141
bus_stop,Bus_stop_7237,17.153751,78.61496
restaurant,Restaurant_7238,17.149933,78.620288
mall,Mall_7239,17.144859,78.624461
restaurant,Restaurant_7240,17.670567,78.302878
mall,Mall_7241,17.676051,78.31132
restaurant,Restaurant_7242,17.670938,78.309901
mall,Mall_7243,17.671344,78.306196
shop,Shop_7244,17.682896,78.313043
school,School_7245,17.67569,78.312509
hospital,Hospital_7246,17.679671,78.309474
school,School_7247,17.679898,78.309541
school,School_7248,17.683697,78.315105
market,Market_7249,17.673099,78.31766
shop,Shop_7250,17.683138,78.547168
restaurant,Restaurant_7251,17.670303,78.551347
mall,Mall_7252,17.671396,78.556575
shop,Shop_7253,17.668076,78.549119
restaurant,Restaurant_7254,17.668946,78.556994
bank,Bank_7255,17.67609,78.550593
shop,Shop_7256,17.672699,78.552043
hospital,Hospital_7257,17.67424,78.560061
school,School_7258,17.67647,78.554813
hospital,Hospital_7259,17.678935,78.557339
bus_stop,Bus_stop_7260,17.685962,78.555629
mall,Mall_7261,17.674915,78.549429
market,Market_7262,17.682421,78.555931
shop,Shop_7263,17.669453,78.555959
bank,Bank_7264,17.669265,78.557573
shop,Shop_7265,17.676453,78.552896
mall,Mall_7266,17.671842,78.553847
hospital,Hospital_7267,17.675215,78.553123
mall,Mall_7268,17.673627,78.552057
market,Market_7269,17.668864,78.55843
market,Market_7270,17.676494,78.555928
hospital,Hospital_7271,17.676964,78.558377
market,Market_7272,17.674499,78.56347
school,School_7273,17.667018,78.559346
restaurant,Restaurant_7274,17.666974,78.553064
school,School_7275,17.681565,78.548516
hospital,Hospital_7276,17.676827,78.55668
school,School_7277,17.676902,78.55391
bank,Bank_7278,17.666547,78.55209
bus_stop,Bus_stop_7279,17.677699,78.556481
bank,Bank_7280,17.668425,78.557684
hospital,Hospital_7281,17.678609,78.555818
restaurant,Restaurant_7282,17.675775,78.554898
school,School_7283,17.672199,78.558078
shop,Shop_7284,17.67438,78.555523
mall,Mall_7285,17.682474,78.547313
bank,Bank_7286,17.669622,78.549199
bus_stop,Bus_stop_7287,17.675973,78.556498
bus_stop,Bus_stop_7288,17.675827,78.555537
mall,Mall_7289,17.684009,78.550776
restaurant,Restaurant_7290,17.670307,78.552284
hospital,Hospital_7291,17.67911,78.557488
mall,Mall_7292,17.67415,78.552281
bus_stop,Bus_stop_7293,17.675992,78.556058
hospital,Hospital_7294,17.677707,78.554059
hospital,Hospital_7295,17.677885,78.559339
mall,Mall_7296,17.666301,78.558377
bank,Bank_7297,17.680197,78.551201
bank,Bank_7298,17.666957,78.549002
shop,Shop_7299,17.67537,78.54619
restaurant,Restaurant_7300,17.675859,78.550246
bus_stop,Bus_stop_7301,17.672788,78.554338
bus_stop,Bus_stop_7302,17.675755,78.554818
bank,Bank_7303,17.675464,78.555101
hospital,Hospital_7304,17.684205,78.557399
shop,Shop_7305,17.683421,78.548586
bus_stop,Bus_stop_7306,17.680782,78.557109
restaurant,Restaurant_7307,17.67127,78.550064
shop,Shop_7308,17.677765,78.553806
school,School_7309,17.676795,78.554151
bank,Bank_7310,17.684696,78.55237
restaurant,Restaurant_7311,17.669994,78.557475
school,School_7312,17.675081,78.552869
bus_stop,Bus_stop_7313,17.67885,78.557699
bus_stop,Bus_stop_7314,17.669491,78.558165
school,School_7315,17.673909,78.547793
hospital,Hospital_7316,17.263229,78.303949
bus_stop,Bus_stop_7317,17.258895,78.308826
school,School_7318,17.264119,78.300656
shop,Shop_7319,17.251221,78.299413
bank,Bank_7320,17.25961,78.304931
mall,Mall_7321,17.145908,78.295546
shop,Shop_7322,17.143674,78.294007
bank,Bank_7323,17.147439,78.293508
bus_stop,Bus_stop_7324,17.141966,78.294067
bus_stop,Bus_stop_7325,17.135124,78.291178
bus_stop,Bus_stop_7326,17.144302,78.285945
bus_stop,Bus_stop_7327,17.142029,78.295913
mall,Mall_7328,17.150037,78.286382
bus_stop,Bus_stop_7329,17.136445,78.291622
bus_stop,Bus_stop_7330,17.131864,78.293343
hospital,Hospital_7331,17.143582,78.295168
hospital,Hospital_7332,17.135167,78.288834
hospital,Hospital_7333,17.139096,78.295182
school,School_7334,17.14473,78.294414
shop,Shop_7335,17.150046,78.299733
bus_stop,Bus_stop_7336,17.150781,78.298991
bus_stop,Bus_stop_7337,17.136861,78.296683
hospital,Hospital_7338,17.146711,78.302137
school,School_7339,17.139702,78.284594
bank,Bank_7340,17.135953,78.295524
bank,Bank_7341,17.141644,78.294652
school,School_7342,17.141544,78.293723
restaurant,Restaurant_7343,17.134828,78.288393
bank,Bank_7344,17.133461,78.290856
mall,Mall_7345,17.141123,78.293649
bus_stop,Bus_stop_7346,17.145579,78.300218
market,Market_7347,17.142167,78.293811
hospital,Hospital_7348,17.145207,78.296393
bus_stop,Bus_stop_7349,17.14751,78.286839
market,Market_7350,17.141104,78.298668
school,School_7351,17.133606,78.293775
market,Market_7352,17.283539,78.238925
bank,Bank_7353,17.293855,78.233414
market,Market_7354,17.296676,78.231145
mall,Mall_7355,17.293619,78.237273
hospital,Hospital_7356,17.29624,78.233843
bank,Bank_7357,17.298188,78.237423
mall,Mall_7358,17.287565,78.239486
shop,Shop_7359,17.285945,78.23033
hospital,Hospital_7360,17.294217,78.23882
bus_stop,Bus_stop_7361,17.29421,78.237167
shop,Shop_7362,17.299158,78.232163
mall,Mall_7363,17.293746,78.237241
mall,Mall_7364,17.293245,78.234964
bank,Bank_7365,17.288269,78.240331
shop,Shop_7366,17.298697,78.235099
school,School_7367,17.302732,78.242408
restaurant,Restaurant_7368,17.295418,78.233461
bank,Bank_7369,17.626344,78.543324
bank,Bank_7370,17.616293,78.540814
school,School_7371,17.625072,78.539075
hospital,Hospital_7372,17.609972,78.534803
bus_stop,Bus_stop_7373,17.617919,78.538506
mall,Mall_7374,17.612979,78.539357
restaurant,Restaurant_7375,17.612053,78.539085
market,Market_7376,17.27015,78.59857
mall,Mall_7377,17.267099,78.597638
bus_stop,Bus_stop_7378,17.268484,78.600883
restaurant,Restaurant_7379,17.264224,78.592561
mall,Mall_7380,17.265556,78.598589
restaurant,Restaurant_7381,17.278032,78.598827
shop,Shop_7382,17.268029,78.600428
hospital,Hospital_7383,17.262261,78.601359
market,Market_7384,17.264161,78.603117
market,Market_7385,17.271011,78.598035
bus_stop,Bus_stop_7386,17.266133,78.601159
school,School_7387,17.272164,78.597977
school,School_7388,17.260225,78.596839
bus_stop,Bus_stop_7389,17.27117,78.595805
market,Market_7390,17.269123,78.606572
school,School_7391,17.469297,78.692477
restaurant,Restaurant_7392,17.468151,78.703366
restaurant,Restaurant_7393,17.455783,78.692402
mall,Mall_7394,17.470609,78.703752
bus_stop,Bus_stop_7395,17.456949,78.704699
school,School_7396,17.461485,78.698698
bus_stop,Bus_stop_7397,17.470338,78.698823
shop,Shop_7398,17.462606,78.698278
market,Market_7399,17.467469,78.688092
market,Market_7400,17.4527,78.696283
school,School_7401,17.463809,78.698305
bus_stop,Bus_stop_7402,17.462919,78.70538
shop,Shop_7403,17.464626,78.694774
shop,Shop_7404,17.462351,78.705894
hospital,Hospital_7405,17.461711,78.697023
school,School_7406,17.462977,78.698683
restaurant,Restaurant_7407,17.455359,78.70158
bank,Bank_7408,17.463182,78.698008
bank,Bank_7409,17.472832,78.693517
market,Market_7410,17.46027,78.703716
market,Market_7411,17.456248,78.695539
market,Market_7412,17.45901,78.70261
bus_stop,Bus_stop_7413,17.461122,78.696484
hospital,Hospital_7414,17.465813,78.693185
market,Market_7415,17.465097,78.698908
hospital,Hospital_7416,17.460245,78.704133
market,Market_7417,17.461437,78.6942
shop,Shop_7418,17.463131,78.697525
restaurant,Restaurant_7419,17.45718,78.707403
market,Market_7420,17.467232,78.6931
shop,Shop_7421,17.464708,78.692722
shop,Shop_7422,17.462906,78.707309
bank,Bank_7423,17.467698,78.694506
restaurant,Restaurant_7424,17.461207,78.704765
mall,Mall_7425,17.470788,78.705402
school,School_7426,17.466631,78.697647
bus_stop,Bus_stop_7427,17.462393,78.698176
bus_stop,Bus_stop_7428,17.467594,78.702132
shop,Shop_7429,17.463086,78.69778
market,Market_7430,17.467971,78.703287
shop,Shop_7431,17.462072,78.687323
shop,Shop_7432,17.463265,78.692367
bank,Bank_7433,17.463346,78.697437
hospital,Hospital_7434,17.457922,78.698305
restaurant,Restaurant_7435,17.462954,78.697249
bank,Bank_7436,17.464817,78.706791
bus_stop,Bus_stop_7437,17.45897,78.693753
school,School_7438,17.463523,78.691866
market,Market_7439,17.463752,78.694242
mall,Mall_7440,17.460987,78.706761
hospital,Hospital_7441,17.468029,78.698918
shop,Shop_7442,17.467997,78.700765
hospital,Hospital_7443,17.455831,78.693026
restaurant,Restaurant_7444,17.461918,78.699468
bus_stop,Bus_stop_7445,17.461767,78.699378
mall,Mall_7446,17.458095,78.697744
market,Market_7447,17.464118,78.696399
market,Market_7448,17.461432,78.689923
bus_stop,Bus_stop_7449,17.471598,78.703724
hospital,Hospital_7450,17.471249,78.691287
market,Market_7451,17.463389,78.702522
shop,Shop_7452,17.466696,78.691247
hospital,Hospital_7453,17.465447,78.706975
mall,Mall_7454,17.467691,78.691948
market,Market_7455,17.454732,78.7001
school,School_7456,17.457894,78.690911
hospital,Hospital_7457,17.468377,78.697948
bus_stop,Bus_stop_7458,17.662725,78.460798
mall,Mall_7459,17.655667,78.458867
restaurant,Restaurant_7460,17.657244,78.45949
bus_stop,Bus_stop_7461,17.660851,78.457874
restaurant,Restaurant_7462,17.652168,78.461993
restaurant,Restaurant_7463,17.654982,78.468756
school,School_7464,17.6511,78.467487
bus_stop,Bus_stop_7465,17.653826,78.461436
hospital,Hospital_7466,17.658308,78.459906
bank,Bank_7467,17.652904,78.469209
school,School_7468,17.140538,78.655059
hospital,Hospital_7469,17.13698,78.64931
mall,Mall_7470,17.138663,78.64645
school,School_7471,17.127915,78.656229
shop,Shop_7472,17.137861,78.657263
mall,Mall_7473,17.133483,78.64921
hospital,Hospital_7474,17.138534,78.653308
bus_stop,Bus_stop_7475,17.650194,78.462214
hospital,Hospital_7476,17.653647,78.449807
hospital,Hospital_7477,17.653593,78.442301
school,School_7478,17.653844,78.453384
market,Market_7479,17.656342,78.459803
market,Market_7480,17.650075,78.450259
mall,Mall_7481,17.657231,78.45286
restaurant,Restaurant_7482,17.655488,78.452997
bank,Bank_7483,17.649721,78.461699
hospital,Hospital_7484,17.643399,78.453086
restaurant,Restaurant_7485,17.651712,78.448123
bank,Bank_7486,17.660205,78.459573
market,Market_7487,17.651744,78.454371
hospital,Hospital_7488,17.716565,78.428277
bus_stop,Bus_stop_7489,17.710722,78.416713
mall,Mall_7490,17.702462,78.415074
shop,Shop_7491,17.706866,78.419336
school,School_7492,17.713852,78.420603
bus_stop,Bus_stop_7493,17.703536,78.422346
restaurant,Restaurant_7494,17.709221,78.423608
shop,Shop_7495,17.708758,78.420996
bus_stop,Bus_stop_7496,17.709611,78.426084
shop,Shop_7497,17.717327,78.41619
mall,Mall_7498,17.712504,78.422342
bank,Bank_7499,17.709009,78.422569
bank,Bank_7500,17.488369,78.728405
bank,Bank_7501,17.487636,78.721172
restaurant,Restaurant_7502,17.490046,78.727529
bank,Bank_7503,17.496292,78.734108
shop,Shop_7504,17.490076,78.723397
mall,Mall_7505,17.491587,78.729909
mall,Mall_7506,17.643874,78.56403
market,Market_7507,17.64183,78.567042
hospital,Hospital_7508,17.636203,78.556034
restaurant,Restaurant_7509,17.634547,78.567607
mall,Mall_7510,17.641082,78.564036
restaurant,Restaurant_7511,17.640274,78.557374
hospital,Hospital_7512,17.636323,78.558483
bus_stop,Bus_stop_7513,17.643986,78.557547
bus_stop,Bus_stop_7514,17.629731,78.558992
hospital,Hospital_7515,17.643351,78.565774
school,School_7516,17.633594,78.548613
school,School_7517,17.630409,78.549646
bus_stop,Bus_stop_7518,17.63722,78.559597
school,School_7519,17.629556,78.565151
bus_stop,Bus_stop_7520,17.707492,78.535984
restaurant,Restaurant_7521,17.716491,78.539226
market,Market_7522,17.714125,78.530893
mall,Mall_7523,17.715571,78.531863
bus_stop,Bus_stop_7524,17.707246,78.537755
restaurant,Restaurant_7525,17.713222,78.533127
bus_stop,Bus_stop_7526,17.717744,78.532432
restaurant,Restaurant_7527,17.707446,78.524238
school,School_7528,17.714918,78.524817
restaurant,Restaurant_7529,17.717601,78.534167
shop,Shop_7530,17.715574,78.528527
restaurant,Restaurant_7531,17.713919,78.527369
hospital,Hospital_7532,17.715184,78.537466
bank,Bank_7533,17.722568,78.528287
market,Market_7534,17.713678,78.525899
mall,Mall_7535,17.714406,78.53166
bank,Bank_7536,17.274566,78.597721
bank,Bank_7537,17.270019,78.602275
mall,Mall_7538,17.26728,78.589795
bus_stop,Bus_stop_7539,17.273379,78.589527
bus_stop,Bus_stop_7540,17.271215,78.595993
school,School_7541,17.274646,78.592973
bus_stop,Bus_stop_7542,17.278647,78.599102
restaurant,Restaurant_7543,17.266536,78.605984
hospital,Hospital_7544,17.519163,78.558478
restaurant,Restaurant_7545,17.521253,78.564413
shop,Shop_7546,17.526352,78.557212
hospital,Hospital_7547,17.529468,78.556475
bank,Bank_7548,17.529362,78.559751
hospital,Hospital_7549,17.5293,78.569134
shop,Shop_7550,17.530953,78.562744
school,School_7551,17.526202,78.565352
hospital,Hospital_7552,17.532314,78.556024
hospital,Hospital_7553,17.531737,78.553905
mall,Mall_7554,17.526929,78.558442
bank,Bank_7555,17.527079,78.560989
market,Market_7556,17.523448,78.554005
hospital,Hospital_7557,17.534225,78.563859
market,Market_7558,17.529499,78.550256
hospital,Hospital_7559,17.528573,78.559041
shop,Shop_7560,17.530551,78.561605
school,School_7561,17.522413,78.561153
market,Market_7562,17.530926,78.550311
restaurant,Restaurant_7563,17.521426,78.564449
school,School_7564,17.52161,78.555823
restaurant,Restaurant_7565,17.532649,78.564482
bank,Bank_7566,17.534769,78.555392
hospital,Hospital_7567,17.533938,78.551668
bus_stop,Bus_stop_7568,17.527531,78.563133
shop,Shop_7569,17.52801,78.561624
market,Market_7570,17.531954,78.552861
bus_stop,Bus_stop_7571,17.530149,78.558259
shop,Shop_7572,17.524791,78.554494
mall,Mall_7573,17.530906,78.56895
shop,Shop_7574,17.529788,78.555866
restaurant,Restaurant_7575,17.532195,78.568104
bank,Bank_7576,17.530273,78.563004
shop,Shop_7577,17.516198,78.561051
bus_stop,Bus_stop_7578,17.525552,78.564825
restaurant,Restaurant_7579,17.52422,78.558368
school,School_7580,17.527027,78.561895
mall,Mall_7581,17.52583,78.568146
shop,Shop_7582,17.528996,78.559773
restaurant,Restaurant_7583,17.523533,78.560978
bank,Bank_7584,17.526632,78.560636
shop,Shop_7585,17.526226,78.55814
restaurant,Restaurant_7586,17.526959,78.560722
shop,Shop_7587,17.527692,78.55845
shop,Shop_7588,17.529595,78.569679
hospital,Hospital_7589,17.52726,78.561208
bus_stop,Bus_stop_7590,17.523241,78.563041
mall,Mall_7591,17.521631,78.56585
mall,Mall_7592,17.525325,78.566209
school,School_7593,17.523085,78.549998
bus_stop,Bus_stop_7594,17.695005,78.483018
market,Market_7595,17.687113,78.488008
restaurant,Restaurant_7596,17.697005,78.482027
school,School_7597,17.688815,78.488288
hospital,Hospital_7598,17.692566,78.486412
shop,Shop_7599,17.69624,78.483289
school,School_7600,17.690348,78.491572
market,Market_7601,17.699059,78.488923
hospital,Hospital_7602,17.69177,78.486131
mall,Mall_7603,17.47998,78.650868
bank,Bank_7604,17.468962,78.646347
bank,Bank_7605,17.477494,78.654728
restaurant,Restaurant_7606,17.474067,78.650351
hospital,Hospital_7607,17.4845,78.65262
mall,Mall_7608,17.475552,78.652248
shop,Shop_7609,17.483806,78.645615
bus_stop,Bus_stop_7610,17.475397,78.647427
mall,Mall_7611,17.477064,78.650583
bank,Bank_7612,17.48114,78.655126
restaurant,Restaurant_7613,17.474118,78.646215
bank,Bank_7614,17.476254,78.64659
bank,Bank_7615,17.482304,78.657489
market,Market_7616,17.478382,78.642368
restaurant,Restaurant_7617,17.483942,78.650866
bus_stop,Bus_stop_7618,17.478656,78.651926
hospital,Hospital_7619,17.476138,78.655308
school,School_7620,17.474073,78.657025
school,School_7621,17.471622,78.640294
bank,Bank_7622,17.479146,78.649489
hospital,Hospital_7623,17.476717,78.658392
bank,Bank_7624,17.477719,78.642834
mall,Mall_7625,17.477197,78.655535
school,School_7626,17.478781,78.642796
bank,Bank_7627,17.465081,78.652111
restaurant,Restaurant_7628,17.484906,78.648371
restaurant,Restaurant_7629,17.484494,78.651111
school,School_7630,17.47125,78.645713
mall,Mall_7631,17.474655,78.651495
mall,Mall_7632,17.474447,78.653314
restaurant,Restaurant_7633,17.472407,78.649055
bus_stop,Bus_stop_7634,17.473167,78.640806
market,Market_7635,17.477405,78.651768
mall,Mall_7636,17.475525,78.653442
shop,Shop_7637,17.483576,78.651841
bus_stop,Bus_stop_7638,17.476173,78.644939
restaurant,Restaurant_7639,17.473425,78.641141
market,Market_7640,17.475916,78.649195
mall,Mall_7641,17.47426,78.651027
shop,Shop_7642,17.467648,78.655761
bus_stop,Bus_stop_7643,17.472622,78.650114
restaurant,Restaurant_7644,17.482278,78.648322
mall,Mall_7645,17.475908,78.646897
market,Market_7646,17.480052,78.659192
restaurant,Restaurant_7647,17.469909,78.64911
mall,Mall_7648,17.469083,78.645849
shop,Shop_7649,17.472607,78.648787
school,School_7650,17.480024,78.660229
school,School_7651,17.468439,78.657403
shop,Shop_7652,17.481886,78.650229
school,School_7653,17.475203,78.64459
school,School_7654,17.473768,78.658433
market,Market_7655,17.469713,78.656721
school,School_7656,17.476153,78.651728
school,School_7657,17.479993,78.649401
mall,Mall_7658,17.471285,78.646797
restaurant,Restaurant_7659,17.47683,78.653031
school,School_7660,17.465673,78.652966
market,Market_7661,17.47418,78.65184
mall,Mall_7662,17.476795,78.651251
market,Market_7663,17.475209,78.651219
shop,Shop_7664,17.475736,78.653235
bus_stop,Bus_stop_7665,17.524323,78.276513
shop,Shop_7666,17.516905,78.274043
restaurant,Restaurant_7667,17.526942,78.268205
market,Market_7668,17.526423,78.285397
bus_stop,Bus_stop_7669,17.52655,78.286793
mall,Mall_7670,17.520003,78.27212
shop,Shop_7671,17.515548,78.275169
shop,Shop_7672,17.5225,78.273982
restaurant,Restaurant_7673,17.533551,78.275687
shop,Shop_7674,17.670249,78.399668
bus_stop,Bus_stop_7675,17.677235,78.392711
school,School_7676,17.683515,78.395304
bus_stop,Bus_stop_7677,17.671737,78.390667
bank,Bank_7678,17.680884,78.392661
restaurant,Restaurant_7679,17.678095,78.396932
market,Market_7680,17.680187,78.392239
hospital,Hospital_7681,17.668614,78.392415
market,Market_7682,17.670303,78.392227
bus_stop,Bus_stop_7683,17.679141,78.398513
market,Market_7684,17.684671,78.391608
shop,Shop_7685,17.681785,78.396326
bank,Bank_7686,17.676504,78.391243
hospital,Hospital_7687,17.677847,78.39313
shop,Shop_7688,17.671894,78.38569
bank,Bank_7689,17.676847,78.391353
bus_stop,Bus_stop_7690,17.674705,78.402579
mall,Mall_7691,17.68549,78.388946
school,School_7692,17.673164,78.397918
market,Market_7693,17.677866,78.392524
hospital,Hospital_7694,17.67736,78.391903
bus_stop,Bus_stop_7695,17.686002,78.389759
market,Market_7696,17.676992,78.39083
school,School_7697,17.672616,78.39463
restaurant,Restaurant_7698,17.678059,78.3925
restaurant,Restaurant_7699,17.677141,78.390992
bank,Bank_7700,17.678932,78.39224
hospital,Hospital_7701,17.673225,78.393
bus_stop,Bus_stop_7702,17.680077,78.390729
school,School_7703,17.675276,78.397473
bank,Bank_7704,17.678251,78.391376
school,School_7705,17.685731,78.38589
shop,Shop_7706,17.676224,78.392847
school,School_7707,17.684087,78.395662
hospital,Hospital_7708,17.679961,78.401718
mall,Mall_7709,17.679034,78.381322
mall,Mall_7710,17.681321,78.396047
school,School_7711,17.682116,78.401126
restaurant,Restaurant_7712,17.677946,78.38118
mall,Mall_7713,17.675245,78.398001
restaurant,Restaurant_7714,17.678953,78.388162
market,Market_7715,17.67658,78.391219
hospital,Hospital_7716,17.67584,78.402262
restaurant,Restaurant_7717,17.674218,78.396203
restaurant,Restaurant_7718,17.679315,78.396022
restaurant,Restaurant_7719,17.676258,78.387702
bank,Bank_7720,17.669171,78.394646
school,School_7721,17.679265,78.386459
bank,Bank_7722,17.675507,78.383016
hospital,Hospital_7723,17.680998,78.393626
bank,Bank_7724,17.685519,78.39901
hospital,Hospital_7725,17.678563,78.39142
restaurant,Restaurant_7726,17.681706,78.400425
school,School_7727,17.675454,78.398075
hospital,Hospital_7728,17.683731,78.394224
market,Market_7729,17.516048,78.596975
shop,Shop_7730,17.510802,78.593099
school,School_7731,17.51947,78.593557
mall,Mall_7732,17.516978,78.593018
bus_stop,Bus_stop_7733,17.515477,78.592809
bank,Bank_7734,17.515643,78.58743
bank,Bank_7735,17.511934,78.597098
market,Market_7736,17.506619,78.59211
school,School_7737,17.519548,78.584491
bank,Bank_7738,17.514574,78.593295
bus_stop,Bus_stop_7739,17.522966,78.590807
restaurant,Restaurant_7740,17.51494,78.600212
restaurant,Restaurant_7741,17.521933,78.596193
market,Market_7742,17.51448,78.593699
shop,Shop_7743,17.525184,78.595711
bus_stop,Bus_stop_7744,17.516281,78.592745
restaurant,Restaurant_7745,17.516429,78.593496
restaurant,Restaurant_7746,17.508962,78.596083
hospital,Hospital_7747,17.521923,78.593405
market,Market_7748,17.515547,78.59287
market,Market_7749,17.516258,78.591417
school,School_7750,17.516551,78.585354
market,Market_7751,17.5147,78.595168
bank,Bank_7752,17.508758,78.589578
bank,Bank_7753,17.518945,78.591468
shop,Shop_7754,17.520916,78.592113
hospital,Hospital_7755,17.515075,78.592135
hospital,Hospital_7756,17.520436,78.597544
school,School_7757,17.7046,78.54287
hospital,Hospital_7758,17.704554,78.545921
hospital,Hospital_7759,17.702546,78.54563
school,School_7760,17.707379,78.542148
restaurant,Restaurant_7761,17.698635,78.548544
market,Market_7762,17.702488,78.54345
restaurant,Restaurant_7763,17.7043,78.548559
hospital,Hospital_7764,17.709036,78.554966
bank,Bank_7765,17.698979,78.550596
restaurant,Restaurant_7766,17.701217,78.554546
market,Market_7767,17.706197,78.540428
bank,Bank_7768,17.695054,78.541467
bank,Bank_7769,17.703215,78.543107
market,Market_7770,17.706141,78.539477
restaurant,Restaurant_7771,17.69941,78.539888
bus_stop,Bus_stop_7772,17.713272,78.541401
shop,Shop_7773,17.704097,78.54672
shop,Shop_7774,17.704932,78.548821
bus_stop,Bus_stop_7775,17.710489,78.550677
shop,Shop_7776,17.700616,78.536455
mall,Mall_7777,17.714454,78.54353
bus_stop,Bus_stop_7778,17.574172,78.669076
shop,Shop_7779,17.571454,78.659385
hospital,Hospital_7780,17.576007,78.668879
hospital,Hospital_7781,17.580641,78.670157
mall,Mall_7782,17.577128,78.665296
market,Market_7783,17.589539,78.66373
bus_stop,Bus_stop_7784,17.576351,78.669355
bank,Bank_7785,17.578597,78.66518
restaurant,Restaurant_7786,17.584681,78.663743
bus_stop,Bus_stop_7787,17.582956,78.659314
restaurant,Restaurant_7788,17.581067,78.664268
restaurant,Restaurant_7789,17.5859,78.65672
restaurant,Restaurant_7790,17.579182,78.662066
shop,Shop_7791,17.580424,78.666137
market,Market_7792,17.581836,78.664198
market,Market_7793,17.57796,78.662959
shop,Shop_7794,17.583935,78.671714
mall,Mall_7795,17.5772,78.667213
hospital,Hospital_7796,17.578832,78.662669
restaurant,Restaurant_7797,17.583465,78.671347
market,Market_7798,17.57729,78.667533
school,School_7799,17.579064,78.663733
bus_stop,Bus_stop_7800,17.581961,78.669184
school,School_7801,17.576882,78.663472
shop,Shop_7802,17.576997,78.654407
mall,Mall_7803,17.579948,78.66562
shop,Shop_7804,17.57828,78.663298
market,Market_7805,17.574035,78.658259
bank,Bank_7806,17.57949,78.663195
school,School_7807,17.572053,78.660233
shop,Shop_7808,17.584454,78.66302
restaurant,Restaurant_7809,17.575537,78.665785
school,School_7810,17.578993,78.664193
bus_stop,Bus_stop_7811,17.574917,78.655875
hospital,Hospital_7812,17.576796,78.659215
bank,Bank_7813,17.574605,78.662873
bank,Bank_7814,17.579875,78.657477
mall,Mall_7815,17.578536,78.673623
market,Market_7816,17.57067,78.668854
hospital,Hospital_7817,17.570161,78.660831
bus_stop,Bus_stop_7818,17.575707,78.669427
shop,Shop_7819,17.578896,78.664018
hospital,Hospital_7820,17.583235,78.667455
school,School_7821,17.586175,78.657326
shop,Shop_7822,17.579847,78.671135
restaurant,Restaurant_7823,17.573284,78.662316
mall,Mall_7824,17.582963,78.66911
school,School_7825,17.571996,78.665169
bank,Bank_7826,17.58127,78.665147
bus_stop,Bus_stop_7827,17.577261,78.668757
bus_stop,Bus_stop_7828,17.574903,78.670554
restaurant,Restaurant_7829,17.577119,78.67032
mall,Mall_7830,17.579225,78.662532
bus_stop,Bus_stop_7831,17.584218,78.655868
hospital,Hospital_7832,17.578773,78.6643
market,Market_7833,17.577755,78.665313
market,Market_7834,17.578429,78.661309
restaurant,Restaurant_7835,17.582266,78.653587
mall,Mall_7836,17.576982,78.656965
bus_stop,Bus_stop_7837,17.578812,78.664204
mall,Mall_7838,17.58081,78.660495
market,Market_7839,17.570335,78.666107
hospital,Hospital_7840,17.583039,78.666259
school,School_7841,17.579127,78.662544
bank,Bank_7842,17.582511,78.661929
restaurant,Restaurant_7843,17.579211,78.668023
mall,Mall_7844,17.58441,78.668744
bus_stop,Bus_stop_7845,17.577774,78.66324
bank,Bank_7846,17.576634,78.671965
bus_stop,Bus_stop_7847,17.580424,78.66669
mall,Mall_7848,17.574493,78.667111
bank,Bank_7849,17.581417,78.665725
market,Market_7850,17.45282,78.544384
bus_stop,Bus_stop_7851,17.452688,78.553963
school,School_7852,17.449513,78.551771
hospital,Hospital_7853,17.446174,78.554843
hospital,Hospital_7854,17.456558,78.553349
bank,Bank_7855,17.456657,78.548039
mall,Mall_7856,17.343507,78.708742
hospital,Hospital_7857,17.345003,78.711524
bus_stop,Bus_stop_7858,17.347424,78.718369
school,School_7859,17.352905,78.71247
bank,Bank_7860,17.348926,78.713894
market,Market_7861,17.351794,78.722684
hospital,Hospital_7862,17.341735,78.718898
market,Market_7863,17.354671,78.71856
shop,Shop_7864,17.346332,78.712305
mall,Mall_7865,17.351389,78.71974
bus_stop,Bus_stop_7866,17.349024,78.71087
restaurant,Restaurant_7867,17.357776,78.707196
school,School_7868,17.358231,78.715033
bus_stop,Bus_stop_7869,17.347218,78.710098
school,School_7870,17.351005,78.713771
bank,Bank_7871,17.3564,78.704931
bank,Bank_7872,17.349696,78.715512
market,Market_7873,17.35195,78.71411
bus_stop,Bus_stop_7874,17.350673,78.709137
market,Market_7875,17.345091,78.718162
bank,Bank_7876,17.349438,78.705941
market,Market_7877,17.346679,78.704819
bus_stop,Bus_stop_7878,17.613594,78.598699
bank,Bank_7879,17.617953,78.601403
hospital,Hospital_7880,17.619474,78.603028
restaurant,Restaurant_7881,17.615443,78.601151
restaurant,Restaurant_7882,17.61461,78.601995
bank,Bank_7883,17.619857,78.595744
bank,Bank_7884,17.618202,78.606484
shop,Shop_7885,17.608082,78.602207
market,Market_7886,17.619358,78.594407
shop,Shop_7887,17.213398,78.619182
hospital,Hospital_7888,17.201716,78.617532
market,Market_7889,17.202599,78.61223
bus_stop,Bus_stop_7890,17.211131,78.619124
market,Market_7891,17.211019,78.62145
market,Market_7892,17.219396,78.613485
market,Market_7893,17.202713,78.616011
mall,Mall_7894,17.217757,78.618007
mall,Mall_7895,17.214042,78.61272
mall,Mall_7896,17.211042,78.613743
bus_stop,Bus_stop_7897,17.210387,78.615973
bus_stop,Bus_stop_7898,17.209692,78.616339
market,Market_7899,17.20886,78.616922
market,Market_7900,17.210074,78.615997
shop,Shop_7901,17.208374,78.612697
restaurant,Restaurant_7902,17.205834,78.617342
shop,Shop_7903,17.207218,78.617245
bank,Bank_7904,17.212105,78.619119
school,School_7905,17.209045,78.615968
shop,Shop_7906,17.210149,78.615881
school,School_7907,17.209795,78.613833
market,Market_7908,17.213167,78.624427
bus_stop,Bus_stop_7909,17.217266,78.624467
restaurant,Restaurant_7910,17.204522,78.612015
bus_stop,Bus_stop_7911,17.203938,78.614909
bus_stop,Bus_stop_7912,17.201016,78.613363
bus_stop,Bus_stop_7913,17.210204,78.614286
shop,Shop_7914,17.206767,78.611947
school,School_7915,17.209606,78.615292
school,School_7916,17.215179,78.607354
market,Market_7917,17.213036,78.612047
mall,Mall_7918,17.212252,78.617922
market,Market_7919,17.207811,78.622844
school,School_7920,17.209697,78.616475
bank,Bank_7921,17.212972,78.618033
shop,Shop_7922,17.20931,78.616298
hospital,Hospital_7923,17.215969,78.617475
restaurant,Restaurant_7924,17.216313,78.621593
school,School_7925,17.21005,78.616163
bank,Bank_7926,17.209726,78.616662
restaurant,Restaurant_7927,17.205092,78.625497
hospital,Hospital_7928,17.204435,78.609671
bus_stop,Bus_stop_7929,17.20496,78.622445
mall,Mall_7930,17.20336,78.615764
shop,Shop_7931,17.208194,78.608344
shop,Shop_7932,17.210136,78.617139
hospital,Hospital_7933,17.212445,78.612927
bank,Bank_7934,17.202649,78.619301
market,Market_7935,17.206408,78.609621
hospital,Hospital_7936,17.210493,78.623888
bus_stop,Bus_stop_7937,17.218217,78.610767
mall,Mall_7938,17.212947,78.616457
restaurant,Restaurant_7939,17.206296,78.614953
hospital,Hospital_7940,17.218229,78.610057
bus_stop,Bus_stop_7941,17.213863,78.621564
market,Market_7942,17.214669,78.616917
mall,Mall_7943,17.20171,78.614937
school,School_7944,17.20736,78.61513
market,Market_7945,17.210319,78.61597
hospital,Hospital_7946,17.215432,78.614806
shop,Shop_7947,17.21541,78.623935
market,Market_7948,17.212684,78.617829
restaurant,Restaurant_7949,17.206661,78.624351
mall,Mall_7950,17.304058,78.36325
bank,Bank_7951,17.299097,78.366745
shop,Shop_7952,17.301075,78.358591
school,School_7953,17.301715,78.366921
hospital,Hospital_7954,17.305294,78.361736
bank,Bank_7955,17.292622,78.368471
school,School_7956,17.30022,78.360365
mall,Mall_7957,17.300099,78.360713
hospital,Hospital_7958,17.294819,78.368917
mall,Mall_7959,17.299154,78.358703
market,Market_7960,17.294421,78.376228
mall,Mall_7961,17.306576,78.366045
school,School_7962,17.302968,78.369733
bus_stop,Bus_stop_7963,17.306291,78.367423
mall,Mall_7964,17.299238,78.360959
bank,Bank_7965,17.300697,78.375789
restaurant,Restaurant_7966,17.299501,78.367181
market,Market_7967,17.301599,78.372769
bank,Bank_7968,17.308294,78.364133
bus_stop,Bus_stop_7969,17.306986,78.361489
bank,Bank_7970,17.298296,78.366034
shop,Shop_7971,17.302678,78.364625
bank,Bank_7972,17.304021,78.367214
bank,Bank_7973,17.294179,78.375239
restaurant,Restaurant_7974,17.29431,78.372444
restaurant,Restaurant_7975,17.30503,78.363129
shop,Shop_7976,17.305072,78.366716
bus_stop,Bus_stop_7977,17.29946,78.368744
bus_stop,Bus_stop_7978,17.303411,78.369
market,Market_7979,17.300381,78.372135
restaurant,Restaurant_7980,17.305689,78.362077
school,School_7981,17.30608,78.359419
shop,Shop_7982,17.295526,78.361315
hospital,Hospital_7983,17.301849,78.370582
bank,Bank_7984,17.30307,78.361796
school,School_7985,17.302725,78.368943
bank,Bank_7986,17.291515,78.360722
mall,Mall_7987,17.299303,78.371789
school,School_7988,17.302373,78.37074
mall,Mall_7989,17.302757,78.364342
hospital,Hospital_7990,17.295807,78.364477
bus_stop,Bus_stop_7991,17.298587,78.357465
bank,Bank_7992,17.147487,78.395632
bank,Bank_7993,17.155336,78.403862
mall,Mall_7994,17.153534,78.399675
market,Market_7995,17.158891,78.398473
bank,Bank_7996,17.152346,78.401363
school,School_7997,17.156432,78.409683
mall,Mall_7998,17.152022,78.39826
market,Market_7999,17.156997,78.398822
school,School_8000,17.144436,78.403713
restaurant,Restaurant_8001,17.154843,78.40417
bus_stop,Bus_stop_8002,17.158092,78.402617
hospital,Hospital_8003,17.154795,78.396812
bank,Bank_8004,17.159013,78.393495
bank,Bank_8005,17.154655,78.396344
bank,Bank_8006,17.15525,78.400237
school,School_8007,17.14808,78.397159
school,School_8008,17.154762,78.401688
school,School_8009,17.145617,78.401487
shop,Shop_8010,17.152858,78.398578
shop,Shop_8011,17.145676,78.398564
bus_stop,Bus_stop_8012,17.159644,78.398491
hospital,Hospital_8013,17.156823,78.400831
school,School_8014,17.153128,78.399889
bank,Bank_8015,17.155021,78.39067
school,School_8016,17.152518,78.389073
school,School_8017,17.154552,78.399367
bus_stop,Bus_stop_8018,17.158776,78.408253
school,School_8019,17.147447,78.407655
hospital,Hospital_8020,17.542454,78.316779
hospital,Hospital_8021,17.532534,78.307661
school,School_8022,17.54442,78.303102
hospital,Hospital_8023,17.537244,78.316639
hospital,Hospital_8024,17.542385,78.317796
bank,Bank_8025,17.534359,78.313141
mall,Mall_8026,17.539328,78.323943
hospital,Hospital_8027,17.537866,78.318295
bank,Bank_8028,17.540393,78.308646
mall,Mall_8029,17.54835,78.309044
bus_stop,Bus_stop_8030,17.539356,78.321954
shop,Shop_8031,17.542149,78.315311
shop,Shop_8032,17.538831,78.312648
mall,Mall_8033,17.535655,78.314161
mall,Mall_8034,17.535526,78.310151
restaurant,Restaurant_8035,17.542651,78.315145
bank,Bank_8036,17.541443,78.320739
bank,Bank_8037,17.533953,78.306523
hospital,Hospital_8038,17.53565,78.318285
school,School_8039,17.539659,78.313725
school,School_8040,17.635928,78.429468
hospital,Hospital_8041,17.64344,78.43413
school,School_8042,17.646869,78.437629
shop,Shop_8043,17.638763,78.435055
bus_stop,Bus_stop_8044,17.643313,78.433882
mall,Mall_8045,17.65224,78.435467
bank,Bank_8046,17.644839,78.429351
hospital,Hospital_8047,17.640902,78.436018
bank,Bank_8048,17.641121,78.428703
bus_stop,Bus_stop_8049,17.641694,78.437747
market,Market_8050,17.640449,78.428996
bus_stop,Bus_stop_8051,17.650036,78.428165
bus_stop,Bus_stop_8052,17.643069,78.433891
restaurant,Restaurant_8053,17.648253,78.433853
bus_stop,Bus_stop_8054,17.641564,78.431884
market,Market_8055,17.648747,78.427451
shop,Shop_8056,17.643842,78.441393
mall,Mall_8057,17.639702,78.433705
bank,Bank_8058,17.643985,78.44453
hospital,Hospital_8059,17.645961,78.440672
school,School_8060,17.649185,78.43776
hospital,Hospital_8061,17.640985,78.441055
bank,Bank_8062,17.648872,78.430604
hospital,Hospital_8063,17.642459,78.430821
shop,Shop_8064,17.64617,78.438587
bus_stop,Bus_stop_8065,17.643796,78.429359
shop,Shop_8066,17.64732,78.429294
mall,Mall_8067,17.636927,78.431355
market,Market_8068,17.637382,78.431713
market,Market_8069,17.642259,78.433089
market,Market_8070,17.637898,78.439635
bank,Bank_8071,17.650014,78.434787
shop,Shop_8072,17.63635,78.441137
school,School_8073,17.637273,78.432964
bus_stop,Bus_stop_8074,17.661398,78.30366
shop,Shop_8075,17.659165,78.302131
restaurant,Restaurant_8076,17.6557,78.302043
market,Market_8077,17.657563,78.301958
bus_stop,Bus_stop_8078,17.665136,78.296425
hospital,Hospital_8079,17.65844,78.299089
restaurant,Restaurant_8080,17.658638,78.310258
restaurant,Restaurant_8081,17.659156,78.301015
bus_stop,Bus_stop_8082,17.658302,78.299304
school,School_8083,17.663419,78.302959
shop,Shop_8084,17.651764,78.301577
mall,Mall_8085,17.650654,78.297232
shop,Shop_8086,17.665916,78.309009
school,School_8087,17.666671,78.305288
bus_stop,Bus_stop_8088,17.653302,78.29776
bank,Bank_8089,17.662825,78.299403
bus_stop,Bus_stop_8090,17.665346,78.310545
hospital,Hospital_8091,17.653735,78.301921
bus_stop,Bus_stop_8092,17.659649,78.302451
mall,Mall_8093,17.661317,78.305384
hospital,Hospital_8094,17.653365,78.300226
bank,Bank_8095,17.649486,78.305041
mall,Mall_8096,17.660664,78.297826
bus_stop,Bus_stop_8097,17.662748,78.298833
shop,Shop_8098,17.667593,78.297491
mall,Mall_8099,17.656681,78.312396
hospital,Hospital_8100,17.658627,78.292217
bank,Bank_8101,17.660999,78.300632
hospital,Hospital_8102,17.649326,78.298714
hospital,Hospital_8103,17.662623,78.305576
bus_stop,Bus_stop_8104,17.098088,78.243511
restaurant,Restaurant_8105,17.098498,78.241589
shop,Shop_8106,17.099001,78.244409
hospital,Hospital_8107,17.100126,78.232844
market,Market_8108,17.099813,78.245426
restaurant,Restaurant_8109,17.093168,78.24134
hospital,Hospital_8110,17.097515,78.24134
bank,Bank_8111,17.099082,78.237691
market,Market_8112,17.09002,78.241682
school,School_8113,17.097902,78.244626
bus_stop,Bus_stop_8114,17.098763,78.235605
bus_stop,Bus_stop_8115,17.098245,78.243725
market,Market_8116,17.099439,78.241932
bus_stop,Bus_stop_8117,17.100172,78.240755
hospital,Hospital_8118,17.101197,78.236932
bank,Bank_8119,17.097007,78.235655
mall,Mall_8120,17.102861,78.234704
hospital,Hospital_8121,17.098154,78.246052
restaurant,Restaurant_8122,17.089578,78.239225
bus_stop,Bus_stop_8123,17.098958,78.235136
mall,Mall_8124,17.097899,78.241509
school,School_8125,17.094072,78.235865
shop,Shop_8126,17.093484,78.253179
bus_stop,Bus_stop_8127,17.090119,78.240156
bus_stop,Bus_stop_8128,17.094667,78.236965
restaurant,Restaurant_8129,17.103526,78.239625
school,School_8130,17.654887,78.516144
hospital,Hospital_8131,17.64839,78.510734
bank,Bank_8132,17.641335,78.510729
school,School_8133,17.654853,78.508688
bank,Bank_8134,17.650726,78.516769
restaurant,Restaurant_8135,17.648953,78.515608
school,School_8136,17.647547,78.512395
shop,Shop_8137,17.642443,78.50871
mall,Mall_8138,17.648606,78.510765
mall,Mall_8139,17.642377,78.515937
shop,Shop_8140,17.645181,78.518666
market,Market_8141,17.648054,78.512231
shop,Shop_8142,17.639693,78.516004
shop,Shop_8143,17.489051,78.168135
bus_stop,Bus_stop_8144,17.494865,78.162348
shop,Shop_8145,17.504347,78.159677
mall,Mall_8146,17.499728,78.16273
mall,Mall_8147,17.493241,78.162044
school,School_8148,17.490642,78.159882
bus_stop,Bus_stop_8149,17.497599,78.170388
school,School_8150,17.494973,78.165895
restaurant,Restaurant_8151,17.501596,78.160412
market,Market_8152,17.505018,78.15924
bus_stop,Bus_stop_8153,17.499718,78.170351
bank,Bank_8154,17.503997,78.156721
bus_stop,Bus_stop_8155,17.500125,78.166572
market,Market_8156,17.363598,78.23685
bus_stop,Bus_stop_8157,17.361824,78.248349
hospital,Hospital_8158,17.363055,78.249973
hospital,Hospital_8159,17.359213,78.241031
shop,Shop_8160,17.357981,78.240472
market,Market_8161,17.353528,78.236583
hospital,Hospital_8162,17.356612,78.243948
shop,Shop_8163,17.359559,78.23434
restaurant,Restaurant_8164,17.364353,78.239123
mall,Mall_8165,17.356159,78.241983
bank,Bank_8166,17.359454,78.242881
bus_stop,Bus_stop_8167,17.359882,78.25212
bank,Bank_8168,17.357369,78.238028
school,School_8169,17.360645,78.240208
hospital,Hospital_8170,17.359748,78.242054
mall,Mall_8171,17.356809,78.235605
hospital,Hospital_8172,17.361915,78.248459
bank,Bank_8173,17.357874,78.238106
mall,Mall_8174,17.361234,78.248723
shop,Shop_8175,17.364791,78.235317
hospital,Hospital_8176,17.361328,78.252482
shop,Shop_8177,17.365221,78.240264
restaurant,Restaurant_8178,17.365136,78.250503
school,School_8179,17.362536,78.237394
shop,Shop_8180,17.360026,78.237611
restaurant,Restaurant_8181,17.365416,78.236605
bank,Bank_8182,17.362927,78.243107
school,School_8183,17.368978,78.236657
bank,Bank_8184,17.357513,78.25072
mall,Mall_8185,17.356974,78.241067
school,School_8186,17.359576,78.242355
market,Market_8187,17.359867,78.240226
bank,Bank_8188,17.364656,78.239408
bank,Bank_8189,17.359775,78.25085
shop,Shop_8190,17.359738,78.240925
shop,Shop_8191,17.359952,78.238549
restaurant,Restaurant_8192,17.364264,78.238035
shop,Shop_8193,17.359895,78.241538
school,School_8194,17.360379,78.24236
school,School_8195,17.360966,78.236125
restaurant,Restaurant_8196,17.360636,78.249295
bank,Bank_8197,17.35934,78.241858
school,School_8198,17.353198,78.245377
mall,Mall_8199,17.623649,78.66047
mall,Mall_8200,17.614448,78.649
restaurant,Restaurant_8201,17.610276,78.659261
market,Market_8202,17.618793,78.657925
shop,Shop_8203,17.613617,78.664773
shop,Shop_8204,17.612415,78.64948
hospital,Hospital_8205,17.613858,78.65278
bus_stop,Bus_stop_8206,17.612663,78.660418
market,Market_8207,17.621364,78.654022
school,School_8208,17.619028,78.657031
school,School_8209,17.613971,78.658171
shop,Shop_8210,17.621742,78.658929
shop,Shop_8211,17.616568,78.654297
hospital,Hospital_8212,17.61256,78.658301
school,School_8213,17.618651,78.661251
bus_stop,Bus_stop_8214,17.624774,78.662296
bank,Bank_8215,17.62326,78.659075
hospital,Hospital_8216,17.622848,78.659771
shop,Shop_8217,17.622763,78.657659
mall,Mall_8218,17.616359,78.656354
market,Market_8219,17.614459,78.65921
bus_stop,Bus_stop_8220,17.627974,78.664002
mall,Mall_8221,17.624286,78.658216
bank,Bank_8222,17.623215,78.656058
market,Market_8223,17.524899,78.513597
restaurant,Restaurant_8224,17.519245,78.516062
restaurant,Restaurant_8225,17.521098,78.506999
shop,Shop_8226,17.530459,78.513082
bus_stop,Bus_stop_8227,17.52356,78.507182
hospital,Hospital_8228,17.52985,78.516508
market,Market_8229,17.523725,78.513385
market,Market_8230,17.522855,78.510748
school,School_8231,17.522122,78.509557
school,School_8232,17.523785,78.507592
hospital,Hospital_8233,17.520804,78.510042
bus_stop,Bus_stop_8234,17.516966,78.50725
shop,Shop_8235,17.521941,78.517924
restaurant,Restaurant_8236,17.517287,78.506779
mall,Mall_8237,17.513516,78.514639
bank,Bank_8238,17.512071,78.506796
restaurant,Restaurant_8239,17.529618,78.510908
restaurant,Restaurant_8240,17.524179,78.513309
mall,Mall_8241,17.52434,78.507175
shop,Shop_8242,17.524288,78.506973
bus_stop,Bus_stop_8243,17.524273,78.508567
bus_stop,Bus_stop_8244,17.521097,78.512208
bank,Bank_8245,17.517425,78.500021
mall,Mall_8246,17.522591,78.51322
school,School_8247,17.528116,78.508343
restaurant,Restaurant_8248,17.52734,78.501902
restaurant,Restaurant_8249,17.516811,78.504849
restaurant,Restaurant_8250,17.521869,78.509114
restaurant,Restaurant_8251,17.522536,78.519708
school,School_8252,17.520916,78.505358
mall,Mall_8253,17.52436,78.507602
shop,Shop_8254,17.520118,78.507979
shop,Shop_8255,17.521882,78.514804
bank,Bank_8256,17.521367,78.509677
bank,Bank_8257,17.515946,78.514316
bank,Bank_8258,17.521009,78.5086
bank,Bank_8259,17.524954,78.517052
restaurant,Restaurant_8260,17.386949,78.345057
mall,Mall_8261,17.40264,78.341075
bank,Bank_8262,17.398374,78.343611
shop,Shop_8263,17.394157,78.343635
bus_stop,Bus_stop_8264,17.391067,78.344473
school,School_8265,17.388936,78.345589
market,Market_8266,17.401913,78.350744
school,School_8267,17.398653,78.33618
bus_stop,Bus_stop_8268,17.397586,78.347923
bank,Bank_8269,17.394838,78.343023
restaurant,Restaurant_8270,17.390046,78.350091
mall,Mall_8271,17.394048,78.346195
restaurant,Restaurant_8272,17.394266,78.347573
bus_stop,Bus_stop_8273,17.393125,78.354889
school,School_8274,17.400384,78.344225
restaurant,Restaurant_8275,17.388056,78.345824
hospital,Hospital_8276,17.387114,78.344076
hospital,Hospital_8277,17.3906,78.345868
restaurant,Restaurant_8278,17.391237,78.346061
mall,Mall_8279,17.394874,78.355122
mall,Mall_8280,17.391467,78.341311
restaurant,Restaurant_8281,17.390296,78.351905
bus_stop,Bus_stop_8282,17.393859,78.346117
shop,Shop_8283,17.392239,78.353105
hospital,Hospital_8284,17.394688,78.345693
restaurant,Restaurant_8285,17.395466,78.343216
market,Market_8286,17.395679,78.344725
bank,Bank_8287,17.390938,78.342777
school,School_8288,17.394041,78.346296
hospital,Hospital_8289,17.39564,78.348116
restaurant,Restaurant_8290,17.404372,78.343388
hospital,Hospital_8291,17.386478,78.348634
shop,Shop_8292,17.386466,78.343081
hospital,Hospital_8293,17.390051,78.349799
hospital,Hospital_8294,17.396539,78.340154
restaurant,Restaurant_8295,17.3938,78.346265
shop,Shop_8296,17.433471,78.329266
bus_stop,Bus_stop_8297,17.430299,78.32618
mall,Mall_8298,17.434151,78.329904
bus_stop,Bus_stop_8299,17.434862,78.335543
restaurant,Restaurant_8300,17.420349,78.329038
bus_stop,Bus_stop_8301,17.4363,78.32801
market,Market_8302,17.429135,78.326704
bus_stop,Bus_stop_8303,17.429834,78.334701
mall,Mall_8304,17.426263,78.325028
market,Market_8305,17.425434,78.320296
restaurant,Restaurant_8306,17.429663,78.326311
shop,Shop_8307,17.42432,78.335325
restaurant,Restaurant_8308,17.423343,78.320169
hospital,Hospital_8309,17.43343,78.327281
restaurant,Restaurant_8310,17.431258,78.335283
market,Market_8311,17.438593,78.325491
school,School_8312,17.428308,78.323855
shop,Shop_8313,17.42891,78.328116
mall,Mall_8314,17.430856,78.325776
hospital,Hospital_8315,17.426542,78.332766
mall,Mall_8316,17.430609,78.324908
hospital,Hospital_8317,17.438829,78.330082
hospital,Hospital_8318,17.429992,78.33026
mall,Mall_8319,17.423419,78.331929
mall,Mall_8320,17.426883,78.323295
market,Market_8321,17.433084,78.327227
mall,Mall_8322,17.43189,78.319721
hospital,Hospital_8323,17.428016,78.318905
market,Market_8324,17.424575,78.330341
shop,Shop_8325,17.439943,78.326197
mall,Mall_8326,17.431963,78.322965
market,Market_8327,17.429765,78.326703
bus_stop,Bus_stop_8328,17.422501,78.322105
hospital,Hospital_8329,17.266497,78.26424
school,School_8330,17.275849,78.254656
shop,Shop_8331,17.27432,78.261632
school,School_8332,17.269486,78.258885
hospital,Hospital_8333,17.274247,78.267719
hospital,Hospital_8334,17.279874,78.272646
mall,Mall_8335,17.264466,78.266313
market,Market_8336,17.273945,78.264057
market,Market_8337,17.278922,78.263703
school,School_8338,17.279628,78.262638
restaurant,Restaurant_8339,17.276884,78.265768
restaurant,Restaurant_8340,17.274325,78.263388
bus_stop,Bus_stop_8341,17.27663,78.262011
hospital,Hospital_8342,17.263634,78.261296
restaurant,Restaurant_8343,17.278906,78.256661
bank,Bank_8344,17.274922,78.265992
market,Market_8345,17.558795,78.304989
shop,Shop_8346,17.547817,78.310472
mall,Mall_8347,17.550366,78.301244
school,School_8348,17.555507,78.306784
hospital,Hospital_8349,17.548038,78.293718
mall,Mall_8350,17.551244,78.30102
market,Market_8351,17.550188,78.301165
bus_stop,Bus_stop_8352,17.552502,78.30063
bus_stop,Bus_stop_8353,17.581079,78.692833
shop,Shop_8354,17.586251,78.706643
restaurant,Restaurant_8355,17.580491,78.705297
shop,Shop_8356,17.582908,78.699312
hospital,Hospital_8357,17.578128,78.703123
mall,Mall_8358,17.58048,78.702325
mall,Mall_8359,17.580619,78.70284
restaurant,Restaurant_8360,17.580682,78.706197
mall,Mall_8361,17.580811,78.696235
bus_stop,Bus_stop_8362,17.584369,78.71022
shop,Shop_8363,17.584585,78.705195
shop,Shop_8364,17.580678,78.703229
shop,Shop_8365,17.583428,78.703712
hospital,Hospital_8366,17.582176,78.701461
hospital,Hospital_8367,17.580661,78.701371
mall,Mall_8368,17.582187,78.699554
mall,Mall_8369,17.577489,78.693747
mall,Mall_8370,17.577932,78.70151
bus_stop,Bus_stop_8371,17.576787,78.705354
restaurant,Restaurant_8372,17.570722,78.70212
restaurant,Restaurant_8373,17.585152,78.699413
bank,Bank_8374,17.573911,78.696209
restaurant,Restaurant_8375,17.586496,78.695743
bank,Bank_8376,17.575119,78.691162
mall,Mall_8377,17.584143,78.701435
shop,Shop_8378,17.58075,78.705455
bank,Bank_8379,17.570876,78.701927
restaurant,Restaurant_8380,17.583207,78.690801
shop,Shop_8381,17.585159,78.696232
hospital,Hospital_8382,17.579362,78.701296
bank,Bank_8383,17.576498,78.706728
hospital,Hospital_8384,17.571597,78.704597
restaurant,Restaurant_8385,17.575687,78.698728
shop,Shop_8386,17.587633,78.696647
mall,Mall_8387,17.581937,78.694455
market,Market_8388,17.167011,78.299596
restaurant,Restaurant_8389,17.165232,78.295602
mall,Mall_8390,17.162655,78.306777
bus_stop,Bus_stop_8391,17.159448,78.301355
shop,Shop_8392,17.15598,78.297915
bus_stop,Bus_stop_8393,17.156804,78.297256
school,School_8394,17.157633,78.302693
bus_stop,Bus_stop_8395,17.159679,78.300607
school,School_8396,17.158639,78.302013
bank,Bank_8397,17.16291,78.301922
mall,Mall_8398,17.163414,78.303772
shop,Shop_8399,17.160658,78.299271
school,School_8400,17.153957,78.30555
bus_stop,Bus_stop_8401,17.169876,78.300738
bank,Bank_8402,17.162649,78.298672
school,School_8403,17.159907,78.303072
bank,Bank_8404,17.159327,78.28937
market,Market_8405,17.16042,78.29782
bank,Bank_8406,17.151089,78.299068
restaurant,Restaurant_8407,17.156845,78.29501
restaurant,Restaurant_8408,17.156989,78.305223
school,School_8409,17.156364,78.289746
school,School_8410,17.161737,78.298536
hospital,Hospital_8411,17.16373,78.302947
bank,Bank_8412,17.155109,78.298286
shop,Shop_8413,17.164946,78.305367
bank,Bank_8414,17.152106,78.300673
mall,Mall_8415,17.161515,78.293951
hospital,Hospital_8416,17.163184,78.297426
bank,Bank_8417,17.153799,78.296369
restaurant,Restaurant_8418,17.163696,78.294244
shop,Shop_8419,17.164882,78.293306
hospital,Hospital_8420,17.168595,78.299819
hospital,Hospital_8421,17.160448,78.299793
bus_stop,Bus_stop_8422,17.154857,78.293372
shop,Shop_8423,17.155852,78.301877
mall,Mall_8424,17.159873,78.2999
school,School_8425,17.161755,78.302332
restaurant,Restaurant_8426,17.161315,78.300502
hospital,Hospital_8427,17.157499,78.296288
shop,Shop_8428,17.160995,78.298994
restaurant,Restaurant_8429,17.162929,78.309119
hospital,Hospital_8430,17.162653,78.299481
school,School_8431,17.156455,78.307176
shop,Shop_8432,17.161091,78.308791
school,School_8433,17.155094,78.299607
bank,Bank_8434,17.161383,78.30277
restaurant,Restaurant_8435,17.160277,78.302128
bank,Bank_8436,17.166091,78.444401
market,Market_8437,17.163196,78.43697
shop,Shop_8438,17.171003,78.440219
bank,Bank_8439,17.173034,78.44512
school,School_8440,17.178274,78.437762
market,Market_8441,17.167402,78.448283
bank,Bank_8442,17.17153,78.43119
mall,Mall_8443,17.177418,78.433669
bank,Bank_8444,17.166997,78.442051
mall,Mall_8445,17.168457,78.44542
school,School_8446,17.173078,78.441722
shop,Shop_8447,17.170009,78.441812
bus_stop,Bus_stop_8448,17.167094,78.44007
school,School_8449,17.172366,78.437343
market,Market_8450,17.181245,78.441014
bus_stop,Bus_stop_8451,17.172589,78.442166
bus_stop,Bus_stop_8452,17.176074,78.443467
mall,Mall_8453,17.171337,78.442972
market,Market_8454,17.17346,78.45196
shop,Shop_8455,17.17617,78.447409
bus_stop,Bus_stop_8456,17.176954,78.443071
bus_stop,Bus_stop_8457,17.163932,78.437315
school,School_8458,17.17397,78.44439
bank,Bank_8459,17.17541,78.442124
bus_stop,Bus_stop_8460,17.16918,78.444424
mall,Mall_8461,17.168295,78.435166
school,School_8462,17.160666,78.442756
hospital,Hospital_8463,17.180948,78.443787
hospital,Hospital_8464,17.178244,78.449623
shop,Shop_8465,17.171231,78.441763
mall,Mall_8466,17.173156,78.44321
hospital,Hospital_8467,17.169607,78.441637
restaurant,Restaurant_8468,17.178123,78.443223
shop,Shop_8469,17.170458,78.440717
hospital,Hospital_8470,17.168671,78.436693
restaurant,Restaurant_8471,17.170291,78.445243
hospital,Hospital_8472,17.368266,78.495349
market,Market_8473,17.369579,78.494861
market,Market_8474,17.364435,78.503324
mall,Mall_8475,17.367336,78.494621
school,School_8476,17.375184,78.486786
restaurant,Restaurant_8477,17.359336,78.497951
mall,Mall_8478,17.375199,78.491017
restaurant,Restaurant_8479,17.377145,78.491779
restaurant,Restaurant_8480,17.372481,78.491864
school,School_8481,17.369543,78.495148
shop,Shop_8482,17.374036,78.48738
hospital,Hospital_8483,17.366852,78.490556
shop,Shop_8484,17.367265,78.493667
bus_stop,Bus_stop_8485,17.367561,78.488656
market,Market_8486,17.375472,78.495893
bank,Bank_8487,17.374759,78.485293
shop,Shop_8488,17.365783,78.487067
bank,Bank_8489,17.369681,78.495774
school,School_8490,17.377871,78.499729
bank,Bank_8491,17.376291,78.488932
restaurant,Restaurant_8492,17.370044,78.492821
hospital,Hospital_8493,17.369486,78.498034
bus_stop,Bus_stop_8494,17.365844,78.50352
hospital,Hospital_8495,17.370129,78.497112
school,School_8496,17.373969,78.498855
market,Market_8497,17.370161,78.496627
school,School_8498,17.37308,78.49142
hospital,Hospital_8499,17.372655,78.488752
hospital,Hospital_8500,17.376373,78.499014
school,School_8501,17.361878,78.494178
restaurant,Restaurant_8502,17.364721,78.490728
school,School_8503,17.364431,78.495155
hospital,Hospital_8504,17.365596,78.492527
school,School_8505,17.369476,78.493663
bank,Bank_8506,17.369277,78.494876
bank,Bank_8507,17.370124,78.495983
market,Market_8508,17.369348,78.485561
bus_stop,Bus_stop_8509,17.368078,78.492072
restaurant,Restaurant_8510,17.369973,78.490568
bus_stop,Bus_stop_8511,17.360514,78.495659
hospital,Hospital_8512,17.36669,78.49318
school,School_8513,17.379658,78.495238
bank,Bank_8514,17.37234,78.499602
bank,Bank_8515,17.36276,78.489418
mall,Mall_8516,17.37053,78.488494
market,Market_8517,17.376322,78.499475
bank,Bank_8518,17.359739,78.494342
market,Market_8519,17.37441,78.502906
restaurant,Restaurant_8520,17.369371,78.49296
school,School_8521,17.370228,78.495927
school,School_8522,17.372121,78.502262
bus_stop,Bus_stop_8523,17.370419,78.504353
bank,Bank_8524,17.364811,78.489875
hospital,Hospital_8525,17.361866,78.496315
mall,Mall_8526,17.373158,78.487507
shop,Shop_8527,17.364451,78.496286
bank,Bank_8528,17.369734,78.495546
school,School_8529,17.366714,78.50405
hospital,Hospital_8530,17.367231,78.486096
restaurant,Restaurant_8531,17.369963,78.496465
market,Market_8532,17.371554,78.49382
mall,Mall_8533,17.369137,78.495914
mall,Mall_8534,17.370262,78.494579
bank,Bank_8535,17.365842,78.498953
market,Market_8536,17.371512,78.485683
market,Market_8537,17.373621,78.485375
hospital,Hospital_8538,17.252271,78.533124
restaurant,Restaurant_8539,17.250611,78.527272
shop,Shop_8540,17.263138,78.542551
bus_stop,Bus_stop_8541,17.259433,78.526191
bank,Bank_8542,17.250675,78.52735
mall,Mall_8543,17.259472,78.539323
mall,Mall_8544,17.260082,78.538401
bank,Bank_8545,17.254719,78.534375
bank,Bank_8546,17.262368,78.544939
shop,Shop_8547,17.255588,78.537633
bank,Bank_8548,17.250573,78.53851
bus_stop,Bus_stop_8549,17.258423,78.538604
restaurant,Restaurant_8550,17.264092,78.543518
shop,Shop_8551,17.258806,78.545923
bus_stop,Bus_stop_8552,17.257502,78.526575
bank,Bank_8553,17.258572,78.528337
school,School_8554,17.257266,78.536444
mall,Mall_8555,17.25481,78.534037
shop,Shop_8556,17.263216,78.532044
mall,Mall_8557,17.251999,78.540296
hospital,Hospital_8558,17.255668,78.540962
mall,Mall_8559,17.257374,78.534453
bank,Bank_8560,17.254194,78.52766
hospital,Hospital_8561,17.255809,78.531453
bank,Bank_8562,17.524388,78.630565
bus_stop,Bus_stop_8563,17.527248,78.627292
shop,Shop_8564,17.525966,78.635915
school,School_8565,17.52339,78.629004
shop,Shop_8566,17.532202,78.632232
bank,Bank_8567,17.525987,78.630486
hospital,Hospital_8568,17.524824,78.629815
market,Market_8569,17.523509,78.628364
market,Market_8570,17.533231,78.623971
hospital,Hospital_8571,17.52305,78.62913
bus_stop,Bus_stop_8572,17.365885,78.564126
bank,Bank_8573,17.374426,78.569143
school,School_8574,17.369125,78.559809
mall,Mall_8575,17.377152,78.562903
bank,Bank_8576,17.379107,78.569959
hospital,Hospital_8577,17.384632,78.569312
market,Market_8578,17.376701,78.567249
school,School_8579,17.365118,78.567681
restaurant,Restaurant_8580,17.379293,78.558224
hospital,Hospital_8581,17.381737,78.566664
mall,Mall_8582,17.377096,78.568635
school,School_8583,17.373658,78.57538
restaurant,Restaurant_8584,17.36787,78.569931
shop,Shop_8585,17.37332,78.567191
shop,Shop_8586,17.571407,78.392564
restaurant,Restaurant_8587,17.563534,78.391194
bus_stop,Bus_stop_8588,17.566891,78.396264
bank,Bank_8589,17.573338,78.400532
shop,Shop_8590,17.572791,78.397123
bank,Bank_8591,17.572983,78.396378
shop,Shop_8592,17.569823,78.390574
market,Market_8593,17.566386,78.387838
bus_stop,Bus_stop_8594,17.56506,78.398335
hospital,Hospital_8595,17.570262,78.396754
shop,Shop_8596,17.5711,78.40125
shop,Shop_8597,17.567881,78.401271
hospital,Hospital_8598,17.563639,78.386669
bank,Bank_8599,17.559255,78.395402
bus_stop,Bus_stop_8600,17.571313,78.399568
hospital,Hospital_8601,17.56498,78.400581
shop,Shop_8602,17.572688,78.393506
bus_stop,Bus_stop_8603,17.566552,78.395623
bank,Bank_8604,17.567056,78.396364
bus_stop,Bus_stop_8605,17.557656,78.397996
bank,Bank_8606,17.569926,78.391542
hospital,Hospital_8607,17.570497,78.386245
market,Market_8608,17.564516,78.393992
mall,Mall_8609,17.564801,78.396265
shop,Shop_8610,17.566991,78.3963
hospital,Hospital_8611,17.566017,78.399981
restaurant,Restaurant_8612,17.567,78.393219
hospital,Hospital_8613,17.561985,78.402159
shop,Shop_8614,17.559173,78.395363
shop,Shop_8615,17.564873,78.400986
mall,Mall_8616,17.556397,78.39448
bus_stop,Bus_stop_8617,17.564465,78.39146
bank,Bank_8618,17.565652,78.40727
restaurant,Restaurant_8619,17.565497,78.403817
hospital,Hospital_8620,17.57195,78.396824
restaurant,Restaurant_8621,17.569425,78.399486
restaurant,Restaurant_8622,17.575572,78.398542
mall,Mall_8623,17.658358,78.346475
school,School_8624,17.659533,78.353119
mall,Mall_8625,17.65899,78.349673
school,School_8626,17.659556,78.356903
school,School_8627,17.659836,78.354651
bank,Bank_8628,17.657445,78.35426
shop,Shop_8629,17.251085,78.37359
market,Market_8630,17.248235,78.376426
shop,Shop_8631,17.251056,78.380427
bus_stop,Bus_stop_8632,17.252254,78.375428
hospital,Hospital_8633,17.255268,78.383479
market,Market_8634,17.249471,78.375122
hospital,Hospital_8635,17.249846,78.370056
shop,Shop_8636,17.251805,78.369272
school,School_8637,17.246776,78.385934
school,School_8638,17.249999,78.380003
bank,Bank_8639,17.259835,78.378079
bus_stop,Bus_stop_8640,17.244042,78.370744
shop,Shop_8641,17.25665,78.374091
mall,Mall_8642,17.24735,78.376899
hospital,Hospital_8643,17.252055,78.376965
bank,Bank_8644,17.259256,78.37452
bus_stop,Bus_stop_8645,17.261016,78.375554
bus_stop,Bus_stop_8646,17.251178,78.382589
hospital,Hospital_8647,17.252643,78.376886
school,School_8648,17.253211,78.377474
restaurant,Restaurant_8649,17.251361,78.376579
restaurant,Restaurant_8650,17.253103,78.381187
bus_stop,Bus_stop_8651,17.260021,78.382289
bank,Bank_8652,17.259352,78.378315
shop,Shop_8653,17.25579,78.372203
school,School_8654,17.25009,78.384129
hospital,Hospital_8655,17.253129,78.377024
restaurant,Restaurant_8656,17.253924,78.378018
bus_stop,Bus_stop_8657,17.260721,78.371584
mall,Mall_8658,17.262978,78.374051
shop,Shop_8659,17.249245,78.371238
shop,Shop_8660,17.246294,78.378629
bus_stop,Bus_stop_8661,17.258574,78.37872
market,Market_8662,17.256166,78.381442
hospital,Hospital_8663,17.243759,78.381057
restaurant,Restaurant_8664,17.248988,78.372017
mall,Mall_8665,17.242368,78.37922
shop,Shop_8666,17.267993,78.608041
bank,Bank_8667,17.263407,78.599333
restaurant,Restaurant_8668,17.273675,78.600919
school,School_8669,17.26828,78.608731
restaurant,Restaurant_8670,17.27847,78.607363
mall,Mall_8671,17.276849,78.613082
bus_stop,Bus_stop_8672,17.268236,78.61067
shop,Shop_8673,17.263203,78.609235
shop,Shop_8674,17.264715,78.616706
school,School_8675,17.26793,78.610014
school,School_8676,17.266444,78.609807
hospital,Hospital_8677,17.274212,78.611899
hospital,Hospital_8678,17.272189,78.608389
market,Market_8679,17.262029,78.603377
hospital,Hospital_8680,17.259103,78.606022
hospital,Hospital_8681,17.2639,78.610559
mall,Mall_8682,17.265428,78.606746
school,School_8683,17.266717,78.608578
restaurant,Restaurant_8684,17.265374,78.599678
bank,Bank_8685,17.261063,78.609057
market,Market_8686,17.266721,78.603861
hospital,Hospital_8687,17.267733,78.612123
mall,Mall_8688,17.263011,78.600319
restaurant,Restaurant_8689,17.275035,78.604282
bank,Bank_8690,17.264229,78.598953
shop,Shop_8691,17.276766,78.610332
hospital,Hospital_8692,17.272905,78.606441
shop,Shop_8693,17.266652,78.602723
restaurant,Restaurant_8694,17.272166,78.601327
hospital,Hospital_8695,17.276276,78.611639
bank,Bank_8696,17.26739,78.616569
market,Market_8697,17.266548,78.603939
school,School_8698,17.260045,78.614901
school,School_8699,17.267455,78.607718
bank,Bank_8700,17.277632,78.60326
hospital,Hospital_8701,17.27499,78.607163
bus_stop,Bus_stop_8702,17.263341,78.602089
bus_stop,Bus_stop_8703,17.265645,78.601689
mall,Mall_8704,17.268162,78.607446
market,Market_8705,17.404551,78.478582
bank,Bank_8706,17.392507,78.471505
hospital,Hospital_8707,17.390418,78.480876
market,Market_8708,17.399702,78.474545
hospital,Hospital_8709,17.398498,78.480503
bank,Bank_8710,17.392167,78.471165
mall,Mall_8711,17.398377,78.484134
bus_stop,Bus_stop_8712,17.395136,78.473078
school,School_8713,17.396701,78.476058
bank,Bank_8714,17.398457,78.475889
bank,Bank_8715,17.402363,78.478354
mall,Mall_8716,17.398343,78.474426
school,School_8717,17.394032,78.47664
restaurant,Restaurant_8718,17.395276,78.474279
school,School_8719,17.396068,78.479293
market,Market_8720,17.59154,78.557367
mall,Mall_8721,17.594802,78.549338
hospital,Hospital_8722,17.597774,78.54916
bank,Bank_8723,17.593804,78.549036
bus_stop,Bus_stop_8724,17.599805,78.550202
mall,Mall_8725,17.591813,78.552403
school,School_8726,17.595529,78.540754
shop,Shop_8727,17.604791,78.548571
restaurant,Restaurant_8728,17.597133,78.551524
hospital,Hospital_8729,17.593385,78.547419
restaurant,Restaurant_8730,17.598016,78.554965
hospital,Hospital_8731,17.365729,78.48512
shop,Shop_8732,17.375695,78.472228
market,Market_8733,17.373331,78.469778
hospital,Hospital_8734,17.375794,78.477881
shop,Shop_8735,17.372792,78.476549
hospital,Hospital_8736,17.372052,78.466494
bank,Bank_8737,17.376672,78.480124
market,Market_8738,17.368252,78.469041
hospital,Hospital_8739,17.375264,78.467032
restaurant,Restaurant_8740,17.373043,78.470082
hospital,Hospital_8741,17.378007,78.467965
restaurant,Restaurant_8742,17.366387,78.480636
bus_stop,Bus_stop_8743,17.375457,78.475455
restaurant,Restaurant_8744,17.372367,78.475485
restaurant,Restaurant_8745,17.368934,78.469322
bank,Bank_8746,17.365769,78.469865
school,School_8747,17.367756,78.48518
school,School_8748,17.369005,78.476527
hospital,Hospital_8749,17.366475,78.355507
hospital,Hospital_8750,17.377579,78.352299
school,School_8751,17.372916,78.349121
school,School_8752,17.373455,78.3532
school,School_8753,17.373337,78.347496
bank,Bank_8754,17.371787,78.345037
shop,Shop_8755,17.378381,78.356249
bus_stop,Bus_stop_8756,17.365461,78.353424
market,Market_8757,17.371433,78.34889
restaurant,Restaurant_8758,17.375145,78.34934
shop,Shop_8759,17.368897,78.349709
bank,Bank_8760,17.367775,78.340253
market,Market_8761,17.372519,78.347421
bus_stop,Bus_stop_8762,17.374053,78.346106
mall,Mall_8763,17.372774,78.348609
bus_stop,Bus_stop_8764,17.376411,78.355819
bank,Bank_8765,17.466654,78.54516
bus_stop,Bus_stop_8766,17.46263,78.550355
shop,Shop_8767,17.460601,78.542806
market,Market_8768,17.461914,78.539589
shop,Shop_8769,17.452986,78.548954
shop,Shop_8770,17.45652,78.532995
shop,Shop_8771,17.462424,78.532688
restaurant,Restaurant_8772,17.455234,78.547469
market,Market_8773,17.450571,78.540876
shop,Shop_8774,17.46185,78.544478
restaurant,Restaurant_8775,17.458223,78.551978
bank,Bank_8776,17.457886,78.542359
market,Market_8777,17.456498,78.542871
bank,Bank_8778,17.455711,78.540532
restaurant,Restaurant_8779,17.460036,78.540847
mall,Mall_8780,17.456969,78.5447
bus_stop,Bus_stop_8781,17.467875,78.540508
hospital,Hospital_8782,17.457723,78.537364
school,School_8783,17.459851,78.533369
school,School_8784,17.452925,78.541411
restaurant,Restaurant_8785,17.459471,78.537692
market,Market_8786,17.45403,78.541804
market,Market_8787,17.464161,78.542635
school,School_8788,17.463262,78.541106
hospital,Hospital_8789,17.450157,78.545671
market,Market_8790,17.458428,78.545534
school,School_8791,17.450507,78.543923
hospital,Hospital_8792,17.459933,78.540981
hospital,Hospital_8793,17.45955,78.541671
mall,Mall_8794,17.459468,78.551913
market,Market_8795,17.460874,78.548223
school,School_8796,17.450353,78.540564
restaurant,Restaurant_8797,17.457395,78.544912
bus_stop,Bus_stop_8798,17.465474,78.550155
school,School_8799,17.462747,78.536537
restaurant,Restaurant_8800,17.463701,78.542723
bank,Bank_8801,17.454603,78.547178
bus_stop,Bus_stop_8802,17.461469,78.538027
hospital,Hospital_8803,17.458441,78.539661
mall,Mall_8804,17.460965,78.548449
shop,Shop_8805,17.499938,78.393321
bus_stop,Bus_stop_8806,17.495245,78.398105
school,School_8807,17.50329,78.400171
bank,Bank_8808,17.489422,78.394019
hospital,Hospital_8809,17.495848,78.390886
bus_stop,Bus_stop_8810,17.506349,78.405244
school,School_8811,17.497867,78.389334
bus_stop,Bus_stop_8812,17.49814,78.398229
mall,Mall_8813,17.498548,78.40306
mall,Mall_8814,17.495874,78.3901
shop,Shop_8815,17.502577,78.38873
hospital,Hospital_8816,17.493239,78.39972
shop,Shop_8817,17.50008,78.401619
shop,Shop_8818,17.497575,78.402013
shop,Shop_8819,17.503178,78.397089
mall,Mall_8820,17.49787,78.397228
shop,Shop_8821,17.508184,78.395315
school,School_8822,17.49528,78.391042
bank,Bank_8823,17.490222,78.401045
mall,Mall_8824,17.507722,78.396735
bank,Bank_8825,17.494235,78.399298
hospital,Hospital_8826,17.504111,78.394231
shop,Shop_8827,17.498546,78.395423
bank,Bank_8828,17.508738,78.400003
hospital,Hospital_8829,17.498282,78.389342
school,School_8830,17.497163,78.409285
bus_stop,Bus_stop_8831,17.49924,78.398796
shop,Shop_8832,17.497492,78.399271
hospital,Hospital_8833,17.495197,78.392858
shop,Shop_8834,17.495939,78.397599
market,Market_8835,17.500266,78.403197
restaurant,Restaurant_8836,17.393207,78.241752
restaurant,Restaurant_8837,17.389446,78.246862
shop,Shop_8838,17.397536,78.241447
shop,Shop_8839,17.390893,78.238426
bus_stop,Bus_stop_8840,17.387212,78.235701
bus_stop,Bus_stop_8841,17.394007,78.232238
market,Market_8842,17.395379,78.242443
market,Market_8843,17.393254,78.241456
hospital,Hospital_8844,17.390528,78.249716
shop,Shop_8845,17.39434,78.242111
school,School_8846,17.39241,78.245562
hospital,Hospital_8847,17.393073,78.245337
bus_stop,Bus_stop_8848,17.389606,78.241092
mall,Mall_8849,17.391238,78.246299
school,School_8850,17.40055,78.238693
bank,Bank_8851,17.393611,78.241509
market,Market_8852,17.395175,78.241672
market,Market_8853,17.387383,78.237097
market,Market_8854,17.40163,78.243311
mall,Mall_8855,17.395135,78.24279
school,School_8856,17.395933,78.238035
market,Market_8857,17.395088,78.24547
school,School_8858,17.39011,78.246861
hospital,Hospital_8859,17.401749,78.237742
restaurant,Restaurant_8860,17.394864,78.23927
bus_stop,Bus_stop_8861,17.394281,78.242316
bank,Bank_8862,17.388306,78.233767
shop,Shop_8863,17.395557,78.236266
shop,Shop_8864,17.391126,78.231602
mall,Mall_8865,17.386597,78.242875
shop,Shop_8866,17.398366,78.24545
restaurant,Restaurant_8867,17.39808,78.235605
school,School_8868,17.385388,78.241669
market,Market_8869,17.392709,78.237774
restaurant,Restaurant_8870,17.394207,78.241698
shop,Shop_8871,17.397951,78.248349
bank,Bank_8872,17.391275,78.243865
mall,Mall_8873,17.394165,78.241761
market,Market_8874,17.39229,78.244068
market,Market_8875,17.398511,78.246421
hospital,Hospital_8876,17.398004,78.243158
mall,Mall_8877,17.392761,78.252608
bus_stop,Bus_stop_8878,17.38924,78.24565
restaurant,Restaurant_8879,17.399522,78.244828
bank,Bank_8880,17.395099,78.232083
hospital,Hospital_8881,17.387154,78.241893
restaurant,Restaurant_8882,17.392298,78.242149
market,Market_8883,17.401782,78.235251
market,Market_8884,17.395742,78.235818
bus_stop,Bus_stop_8885,17.396978,78.247897
shop,Shop_8886,17.397789,78.249239
market,Market_8887,17.395971,78.238817
market,Market_8888,17.396856,78.247493
bus_stop,Bus_stop_8889,17.38826,78.243369
hospital,Hospital_8890,17.395443,78.243471
school,School_8891,17.387712,78.239734
shop,Shop_8892,17.396844,78.236825
hospital,Hospital_8893,17.403529,78.235434
mall,Mall_8894,17.395485,78.238335
mall,Mall_8895,17.389419,78.232212
shop,Shop_8896,17.390219,78.247959
shop,Shop_8897,17.397748,78.24499
bank,Bank_8898,17.389139,78.233119
school,School_8899,17.392995,78.238093
school,School_8900,17.401414,78.244368
hospital,Hospital_8901,17.390625,78.247409
hospital,Hospital_8902,17.399202,78.243388
school,School_8903,17.391083,78.236018
shop,Shop_8904,17.397045,78.237793
market,Market_8905,17.397289,78.24145
bank,Bank_8906,17.400891,78.243328
bus_stop,Bus_stop_8907,17.39999,78.237017
market,Market_8908,17.398751,78.242589
restaurant,Restaurant_8909,17.392255,78.23842
shop,Shop_8910,17.396399,78.241391
hospital,Hospital_8911,17.386097,78.247201
shop,Shop_8912,17.396068,78.24453
hospital,Hospital_8913,17.389123,78.245917
market,Market_8914,17.389358,78.247506
hospital,Hospital_8915,17.391871,78.247134
bus_stop,Bus_stop_8916,17.606463,78.515514
mall,Mall_8917,17.604705,78.513298
bank,Bank_8918,17.599768,78.509306
bus_stop,Bus_stop_8919,17.611728,78.5195
school,School_8920,17.610078,78.513196
market,Market_8921,17.605774,78.503264
mall,Mall_8922,17.607283,78.504294
market,Market_8923,17.606187,78.51325
bus_stop,Bus_stop_8924,17.598862,78.515953
mall,Mall_8925,17.606197,78.50962
bus_stop,Bus_stop_8926,17.609344,78.514101
hospital,Hospital_8927,17.599132,78.512769
school,School_8928,17.610662,78.509648
market,Market_8929,17.610204,78.51635
market,Market_8930,17.512389,78.685072
bus_stop,Bus_stop_8931,17.509157,78.687418
bus_stop,Bus_stop_8932,17.506542,78.683906
shop,Shop_8933,17.508489,78.688404
school,School_8934,17.511577,78.681084
hospital,Hospital_8935,17.50427,78.693317
restaurant,Restaurant_8936,17.510327,78.690759
bus_stop,Bus_stop_8937,17.501225,78.69169
hospital,Hospital_8938,17.501959,78.68778
shop,Shop_8939,17.499364,78.688523
shop,Shop_8940,17.501155,78.688498
shop,Shop_8941,17.507526,78.684313
hospital,Hospital_8942,17.510098,78.683375
shop,Shop_8943,17.507628,78.688839
bank,Bank_8944,17.507738,78.684483
market,Market_8945,17.508513,78.687419
bank,Bank_8946,17.503364,78.69358
restaurant,Restaurant_8947,17.50782,78.683284
market,Market_8948,17.653911,78.507255
mall,Mall_8949,17.65902,78.504133
shop,Shop_8950,17.665462,78.5052
bus_stop,Bus_stop_8951,17.660509,78.49976
hospital,Hospital_8952,17.666038,78.49911
bank,Bank_8953,17.6586,78.500911
market,Market_8954,17.659746,78.500818
school,School_8955,17.655575,78.495655
shop,Shop_8956,17.66492,78.500471
shop,Shop_8957,17.655346,78.502884
restaurant,Restaurant_8958,17.666335,78.507049
mall,Mall_8959,17.669804,78.503027
school,School_8960,17.655249,78.503985
restaurant,Restaurant_8961,17.667655,78.506166
bus_stop,Bus_stop_8962,17.655706,78.506608
market,Market_8963,17.659264,78.501567
school,School_8964,17.659608,78.494492
school,School_8965,17.658278,78.495151
mall,Mall_8966,17.651459,78.496563
mall,Mall_8967,17.663029,78.494375
mall,Mall_8968,17.664569,78.494378
hospital,Hospital_8969,17.658347,78.500801
school,School_8970,17.658749,78.501016
hospital,Hospital_8971,17.666123,78.500282
shop,Shop_8972,17.664016,78.501254
bank,Bank_8973,17.656241,78.497248
mall,Mall_8974,17.660421,78.50308
shop,Shop_8975,17.665939,78.495892
mall,Mall_8976,17.661156,78.502707
hospital,Hospital_8977,17.670227,78.498125
mall,Mall_8978,17.661263,78.501637
bus_stop,Bus_stop_8979,17.660414,78.49929
bus_stop,Bus_stop_8980,17.663767,78.502542
restaurant,Restaurant_8981,17.660654,78.491997
shop,Shop_8982,17.661015,78.501667
market,Market_8983,17.652382,78.4992
mall,Mall_8984,17.659104,78.51027
restaurant,Restaurant_8985,17.665177,78.502812
bank,Bank_8986,17.667945,78.498804
bank,Bank_8987,17.667395,78.504107
bank,Bank_8988,17.659763,78.504915
restaurant,Restaurant_8989,17.666209,78.505337
shop,Shop_8990,17.663567,78.498305
mall,Mall_8991,17.654908,78.494132
mall,Mall_8992,17.660936,78.501859
bus_stop,Bus_stop_8993,17.652866,78.498166
hospital,Hospital_8994,17.663691,78.506683
bank,Bank_8995,17.661039,78.501328
restaurant,Restaurant_8996,17.655673,78.496042
bus_stop,Bus_stop_8997,17.66086,78.499999
market,Market_8998,17.665113,78.508469
mall,Mall_8999,17.657011,78.507202
market,Market_9000,17.657885,78.5012
bus_stop,Bus_stop_9001,17.667197,78.509793
shop,Shop_9002,17.660303,78.501501
hospital,Hospital_9003,17.660603,78.496812
bank,Bank_9004,17.659868,78.499184
shop,Shop_9005,17.660381,78.499686
hospital,Hospital_9006,17.655369,78.509161
shop,Shop_9007,17.652794,78.503287
market,Market_9008,17.650392,78.500209
bank,Bank_9009,17.660818,78.50161
market,Market_9010,17.66381,78.509094
shop,Shop_9011,17.665595,78.502198
restaurant,Restaurant_9012,17.659642,78.507947
restaurant,Restaurant_9013,17.663577,78.500697
restaurant,Restaurant_9014,17.656304,78.502732
market,Market_9015,17.661679,78.496129
market,Market_9016,17.66356,78.49074
school,School_9017,17.663459,78.497727
restaurant,Restaurant_9018,17.662925,78.500927
shop,Shop_9019,17.666585,78.492082
market,Market_9020,17.663416,78.503649
restaurant,Restaurant_9021,17.620799,78.565529
hospital,Hospital_9022,17.628712,78.566207
hospital,Hospital_9023,17.618346,78.561096
restaurant,Restaurant_9024,17.628007,78.558755
bank,Bank_9025,17.616879,78.57215
school,School_9026,17.630085,78.571012
bus_stop,Bus_stop_9027,17.631759,78.570247
shop,Shop_9028,17.627209,78.571739
restaurant,Restaurant_9029,17.61658,78.564038
hospital,Hospital_9030,17.634437,78.57315
bank,Bank_9031,17.632853,78.576031
restaurant,Restaurant_9032,17.622862,78.578287
market,Market_9033,17.623354,78.568284
hospital,Hospital_9034,17.619829,78.560026
market,Market_9035,17.617375,78.563378
bank,Bank_9036,17.63361,78.564055
market,Market_9037,17.620416,78.559055
hospital,Hospital_9038,17.62618,78.562863
shop,Shop_9039,17.620794,78.565032
market,Market_9040,17.624013,78.570409
bus_stop,Bus_stop_9041,17.627228,78.56622
market,Market_9042,17.624441,78.567375
bus_stop,Bus_stop_9043,17.617252,78.573091
school,School_9044,17.61876,78.573138
hospital,Hospital_9045,17.625454,78.56711
bus_stop,Bus_stop_9046,17.622651,78.570819
mall,Mall_9047,17.624409,78.569562
hospital,Hospital_9048,17.629852,78.566255
hospital,Hospital_9049,17.629289,78.565512
market,Market_9050,17.624689,78.566514
bank,Bank_9051,17.615613,78.57358
mall,Mall_9052,17.623856,78.574295
restaurant,Restaurant_9053,17.624052,78.566106
hospital,Hospital_9054,17.622911,78.561433
market,Market_9055,17.626633,78.569102
mall,Mall_9056,17.625442,78.570968
school,School_9057,17.626094,78.569847
bus_stop,Bus_stop_9058,17.303007,78.550678
restaurant,Restaurant_9059,17.314756,78.555426
mall,Mall_9060,17.305945,78.565269
restaurant,Restaurant_9061,17.312721,78.560652
market,Market_9062,17.306175,78.559239
market,Market_9063,17.309455,78.557333
market,Market_9064,17.309116,78.550547
bank,Bank_9065,17.304851,78.560141
mall,Mall_9066,17.305636,78.558752
school,School_9067,17.305712,78.553709
hospital,Hospital_9068,17.310093,78.556438
mall,Mall_9069,17.304855,78.560447
hospital,Hospital_9070,17.30589,78.559186
bank,Bank_9071,17.306326,78.56552
shop,Shop_9072,17.303649,78.556713
school,School_9073,17.310269,78.549768
bank,Bank_9074,17.3,78.554845
market,Market_9075,17.305372,78.560424
mall,Mall_9076,17.300647,78.550029
restaurant,Restaurant_9077,17.311631,78.561803
school,School_9078,17.3138,78.551538
mall,Mall_9079,17.311774,78.558767
mall,Mall_9080,17.31243,78.555969
shop,Shop_9081,17.304099,78.556343
bank,Bank_9082,17.2986,78.566935
market,Market_9083,17.309433,78.563336
bus_stop,Bus_stop_9084,17.300992,78.55711
bank,Bank_9085,17.304603,78.556921
bank,Bank_9086,17.312398,78.566383
hospital,Hospital_9087,17.3103,78.563608
hospital,Hospital_9088,17.310082,78.559326
hospital,Hospital_9089,17.302185,78.557743
market,Market_9090,17.310403,78.550926
hospital,Hospital_9091,17.305277,78.565009
bank,Bank_9092,17.310081,78.553025
school,School_9093,17.307916,78.559827
bus_stop,Bus_stop_9094,17.307817,78.558985
mall,Mall_9095,17.305083,78.550699
bank,Bank_9096,17.308929,78.562365
hospital,Hospital_9097,17.4191,78.567086
hospital,Hospital_9098,17.412652,78.577668
hospital,Hospital_9099,17.417114,78.560618
market,Market_9100,17.405441,78.564079
shop,Shop_9101,17.417809,78.568948
restaurant,Restaurant_9102,17.408137,78.564938
bus_stop,Bus_stop_9103,17.415355,78.565004
bus_stop,Bus_stop_9104,17.41167,78.569186
bus_stop,Bus_stop_9105,17.411112,78.563265
mall,Mall_9106,17.412539,78.568619
market,Market_9107,17.412878,78.568339
school,School_9108,17.411915,78.569763
market,Market_9109,17.411098,78.572803
restaurant,Restaurant_9110,17.41134,78.569127
mall,Mall_9111,17.406057,78.568399
restaurant,Restaurant_9112,17.412636,78.565877
bus_stop,Bus_stop_9113,17.409359,78.574158
bus_stop,Bus_stop_9114,17.40371,78.571557
market,Market_9115,17.416842,78.572221
hospital,Hospital_9116,17.411277,78.567002
market,Market_9117,17.412221,78.569043
bus_stop,Bus_stop_9118,17.416918,78.564715
bus_stop,Bus_stop_9119,17.421099,78.573873
bank,Bank_9120,17.404214,78.573953
bus_stop,Bus_stop_9121,17.410942,78.567973
bus_stop,Bus_stop_9122,17.413714,78.575882
market,Market_9123,17.410044,78.563489
shop,Shop_9124,17.420772,78.575748
shop,Shop_9125,17.416425,78.564254
shop,Shop_9126,17.414354,78.574883
bus_stop,Bus_stop_9127,17.4105,78.577252
bus_stop,Bus_stop_9128,17.418606,78.559784
bus_stop,Bus_stop_9129,17.412875,78.566555
shop,Shop_9130,17.402705,78.566415
bank,Bank_9131,17.335639,78.5334
bus_stop,Bus_stop_9132,17.329316,78.535047
restaurant,Restaurant_9133,17.32915,78.535259
shop,Shop_9134,17.334308,78.533974
market,Market_9135,17.340305,78.533704
mall,Mall_9136,17.335026,78.542936
hospital,Hospital_9137,17.330448,78.532718
mall,Mall_9138,17.322856,78.542426
mall,Mall_9139,17.329434,78.542574
bank,Bank_9140,17.330134,78.531313
school,School_9141,17.328555,78.533969
bus_stop,Bus_stop_9142,17.331004,78.535929
market,Market_9143,17.339159,78.534841
restaurant,Restaurant_9144,17.333916,78.531347
market,Market_9145,17.32571,78.542578
hospital,Hospital_9146,17.332302,78.534472
shop,Shop_9147,17.336817,78.527071
mall,Mall_9148,17.336923,78.538901
bus_stop,Bus_stop_9149,17.339745,78.538719
restaurant,Restaurant_9150,17.340533,78.535736
school,School_9151,17.33347,78.52639
hospital,Hospital_9152,17.338266,78.539682
bus_stop,Bus_stop_9153,17.32344,78.539557
mall,Mall_9154,17.330504,78.536151
hospital,Hospital_9155,17.334595,78.537522
school,School_9156,17.321478,78.535102
school,School_9157,17.329467,78.528488
school,School_9158,17.327631,78.536382
market,Market_9159,17.338824,78.535944
bus_stop,Bus_stop_9160,17.323773,78.539285
mall,Mall_9161,17.329092,78.536465
school,School_9162,17.330798,78.534762
bus_stop,Bus_stop_9163,17.326994,78.540627
bus_stop,Bus_stop_9164,17.329213,78.531373
market,Market_9165,17.337927,78.532058
market,Market_9166,17.334633,78.533032
hospital,Hospital_9167,17.329462,78.546342
market,Market_9168,17.293019,78.267196
mall,Mall_9169,17.281567,78.267217
mall,Mall_9170,17.284074,78.263712
bank,Bank_9171,17.291963,78.253041
shop,Shop_9172,17.288746,78.262726
school,School_9173,17.286686,78.255068
mall,Mall_9174,17.285145,78.264266
restaurant,Restaurant_9175,17.209383,78.49149
restaurant,Restaurant_9176,17.214317,78.493516
hospital,Hospital_9177,17.208903,78.485951
market,Market_9178,17.210175,78.491645
bank,Bank_9179,17.207619,78.491843
bank,Bank_9180,17.21742,78.490711
school,School_9181,17.207476,78.486338
restaurant,Restaurant_9182,17.204676,78.487833
bank,Bank_9183,17.21591,78.488288
hospital,Hospital_9184,17.208761,78.491619
shop,Shop_9185,17.214278,78.491698
hospital,Hospital_9186,17.203425,78.48581
hospital,Hospital_9187,17.209733,78.491936
bank,Bank_9188,17.21029,78.491706
shop,Shop_9189,17.212462,78.493887
market,Market_9190,17.199631,78.493393
bus_stop,Bus_stop_9191,17.210624,78.491068
school,School_9192,17.212312,78.492234
shop,Shop_9193,17.202668,78.497169
mall,Mall_9194,17.204595,78.497602
bank,Bank_9195,17.201609,78.488463
bank,Bank_9196,17.211758,78.495807
market,Market_9197,17.216653,78.497547
shop,Shop_9198,17.209309,78.489894
hospital,Hospital_9199,17.204598,78.489191
shop,Shop_9200,17.219648,78.495231
bank,Bank_9201,17.204259,78.48517
shop,Shop_9202,17.210813,78.501794
market,Market_9203,17.213351,78.493431
bus_stop,Bus_stop_9204,17.203024,78.490592
shop,Shop_9205,17.215406,78.498095
bus_stop,Bus_stop_9206,17.210528,78.48098
mall,Mall_9207,17.216798,78.484096
school,School_9208,17.214721,78.49204
shop,Shop_9209,17.209947,78.492436
mall,Mall_9210,17.205948,78.48705
mall,Mall_9211,17.204574,78.498416
school,School_9212,17.216047,78.489428
bus_stop,Bus_stop_9213,17.21592,78.497201
restaurant,Restaurant_9214,17.203929,78.490576
mall,Mall_9215,17.204167,78.489194
bus_stop,Bus_stop_9216,17.211371,78.492574
hospital,Hospital_9217,17.213695,78.496646
market,Market_9218,17.214318,78.485333
hospital,Hospital_9219,17.207505,78.494565
restaurant,Restaurant_9220,17.206839,78.482137
mall,Mall_9221,17.209202,78.49684
bank,Bank_9222,17.204065,78.496751
bank,Bank_9223,17.211794,78.491171
market,Market_9224,17.212179,78.489364
market,Market_9225,17.385556,78.680574
school,School_9226,17.385298,78.678578
bus_stop,Bus_stop_9227,17.379593,78.676561
bus_stop,Bus_stop_9228,17.390562,78.678585
market,Market_9229,17.392856,78.686257
market,Market_9230,17.383728,78.678029
shop,Shop_9231,17.387006,78.679846
restaurant,Restaurant_9232,17.388228,78.688373
bus_stop,Bus_stop_9233,17.384508,78.688005
shop,Shop_9234,17.378008,78.683141
bank,Bank_9235,17.391395,78.678707
school,School_9236,17.382316,78.677261
bank,Bank_9237,17.391166,78.681144
shop,Shop_9238,17.385494,78.67766
mall,Mall_9239,17.383408,78.67427
school,School_9240,17.392212,78.683865
shop,Shop_9241,17.390681,78.67048
mall,Mall_9242,17.385356,78.669565
bank,Bank_9243,17.385281,78.677122
mall,Mall_9244,17.388138,78.67443
market,Market_9245,17.385325,78.67927
hospital,Hospital_9246,17.385282,78.678198
mall,Mall_9247,17.386081,78.673064
bank,Bank_9248,17.395026,78.682009
school,School_9249,17.386286,78.679
market,Market_9250,17.385389,78.678456
restaurant,Restaurant_9251,17.383275,78.677835
shop,Shop_9252,17.376928,78.68323
bank,Bank_9253,17.387041,78.679953
school,School_9254,17.381528,78.677282
mall,Mall_9255,17.385753,78.67523
mall,Mall_9256,17.386482,78.671959
bus_stop,Bus_stop_9257,17.376017,78.675231
market,Market_9258,17.386393,78.668164
mall,Mall_9259,17.388213,78.686181
mall,Mall_9260,17.587548,78.697761
hospital,Hospital_9261,17.594913,78.690157
mall,Mall_9262,17.596214,78.700587
market,Market_9263,17.602642,78.702321
school,School_9264,17.594314,78.701088
shop,Shop_9265,17.589109,78.697675
bus_stop,Bus_stop_9266,17.60242,78.701648
school,School_9267,17.596791,78.690285
mall,Mall_9268,17.598226,78.698997
mall,Mall_9269,17.596821,78.694468
mall,Mall_9270,17.597646,78.688665
school,School_9271,17.601076,78.70208
school,School_9272,17.597801,78.697015
market,Market_9273,17.593034,78.700877
restaurant,Restaurant_9274,17.589975,78.704944
school,School_9275,17.59305,78.696734
school,School_9276,17.592818,78.699972
school,School_9277,17.598186,78.703544
mall,Mall_9278,17.597318,78.692081
mall,Mall_9279,17.600077,78.697039
shop,Shop_9280,17.597808,78.700935
restaurant,Restaurant_9281,17.222602,78.678593
hospital,Hospital_9282,17.224884,78.686389
restaurant,Restaurant_9283,17.214026,78.677866
school,School_9284,17.22393,78.687
market,Market_9285,17.223,78.689295
mall,Mall_9286,17.227445,78.685668
shop,Shop_9287,17.223079,78.682237
bank,Bank_9288,17.221848,78.688377
market,Market_9289,17.220996,78.681836
school,School_9290,17.224887,78.67827
hospital,Hospital_9291,17.224953,78.677721
restaurant,Restaurant_9292,17.222439,78.682787
school,School_9293,17.229159,78.681759
market,Market_9294,17.227992,78.688688
mall,Mall_9295,17.220173,78.689601
school,School_9296,17.221212,78.691148
bus_stop,Bus_stop_9297,17.220221,78.68081
bus_stop,Bus_stop_9298,17.219088,78.681547
restaurant,Restaurant_9299,17.223057,78.682403
mall,Mall_9300,17.227605,78.682476
school,School_9301,17.231449,78.680417
mall,Mall_9302,17.223657,78.682469
hospital,Hospital_9303,17.21907,78.692387
mall,Mall_9304,17.226256,78.681585
restaurant,Restaurant_9305,17.223777,78.673718
restaurant,Restaurant_9306,17.22616,78.674575
school,School_9307,17.222933,78.687373
mall,Mall_9308,17.223782,78.682146
shop,Shop_9309,17.226729,78.684819
mall,Mall_9310,17.234425,78.680274
shop,Shop_9311,17.221257,78.675571
shop,Shop_9312,17.222695,78.68103
bank,Bank_9313,17.22425,78.682507
mall,Mall_9314,17.221021,78.684831
hospital,Hospital_9315,17.223327,78.682002
bus_stop,Bus_stop_9316,17.219468,78.678525
restaurant,Restaurant_9317,17.227061,78.671676
bus_stop,Bus_stop_9318,17.224688,78.683355
market,Market_9319,17.224752,78.68604
shop,Shop_9320,17.232145,78.683894
bank,Bank_9321,17.22537,78.68215
school,School_9322,17.222559,78.675154
school,School_9323,17.223324,78.676136
market,Market_9324,17.226109,78.674689
mall,Mall_9325,17.219839,78.690528
shop,Shop_9326,17.22312,78.67486
bank,Bank_9327,17.217693,78.68701
market,Market_9328,17.222479,78.671844
shop,Shop_9329,17.226963,78.673863
hospital,Hospital_9330,17.22316,78.684076
market,Market_9331,17.222855,78.682177
bank,Bank_9332,17.23276,78.681509
bank,Bank_9333,17.221769,78.693103
restaurant,Restaurant_9334,17.220505,78.680999
hospital,Hospital_9335,17.229204,78.684173
market,Market_9336,17.300487,78.259562
shop,Shop_9337,17.301765,78.260653
school,School_9338,17.304771,78.264364
school,School_9339,17.301082,78.261518
hospital,Hospital_9340,17.301505,78.260286
bus_stop,Bus_stop_9341,17.295542,78.266568
restaurant,Restaurant_9342,17.300209,78.261965
mall,Mall_9343,17.303309,78.258006
market,Market_9344,17.299711,78.267359
restaurant,Restaurant_9345,17.302128,78.261303
bank,Bank_9346,17.302356,78.262928
mall,Mall_9347,17.296814,78.256903
mall,Mall_9348,17.30209,78.264577
mall,Mall_9349,17.298256,78.256716
shop,Shop_9350,17.305578,78.270039
restaurant,Restaurant_9351,17.301263,78.265738
market,Market_9352,17.309132,78.256375
hospital,Hospital_9353,17.301071,78.25989
bank,Bank_9354,17.301251,78.25687
mall,Mall_9355,17.300391,78.256121
hospital,Hospital_9356,17.30861,78.267618
school,School_9357,17.299561,78.261381
restaurant,Restaurant_9358,17.293509,78.261836
bus_stop,Bus_stop_9359,17.292381,78.258715
bus_stop,Bus_stop_9360,17.300269,78.261472
shop,Shop_9361,17.298297,78.264189
restaurant,Restaurant_9362,17.303168,78.263258
mall,Mall_9363,17.301646,78.259769
shop,Shop_9364,17.301424,78.251379
hospital,Hospital_9365,17.298716,78.265411
bank,Bank_9366,17.292223,78.265095
bus_stop,Bus_stop_9367,17.301282,78.260594
bank,Bank_9368,17.300374,78.259775
shop,Shop_9369,17.306717,78.258135
bank,Bank_9370,17.311208,78.262146
mall,Mall_9371,17.299237,78.251555
bank,Bank_9372,17.304763,78.254388
restaurant,Restaurant_9373,17.311828,78.262706
restaurant,Restaurant_9374,17.299025,78.268462
shop,Shop_9375,17.301772,78.264189
bus_stop,Bus_stop_9376,17.301764,78.265955
bus_stop,Bus_stop_9377,17.295194,78.260117
bank,Bank_9378,17.298953,78.25456
mall,Mall_9379,17.296006,78.267989
school,School_9380,17.311174,78.258798
restaurant,Restaurant_9381,17.291532,78.261828
bank,Bank_9382,17.30191,78.257854
shop,Shop_9383,17.300865,78.261749
restaurant,Restaurant_9384,17.297527,78.261488
school,School_9385,17.293324,78.259452
restaurant,Restaurant_9386,17.293898,78.260396
restaurant,Restaurant_9387,17.299102,78.252475
hospital,Hospital_9388,17.309458,78.26377
hospital,Hospital_9389,17.302159,78.253214
restaurant,Restaurant_9390,17.294983,78.256014
bank,Bank_9391,17.30142,78.257197
hospital,Hospital_9392,17.295638,78.257601
hospital,Hospital_9393,17.30383,78.258708
school,School_9394,17.310319,78.258742
restaurant,Restaurant_9395,17.305491,78.260012
market,Market_9396,17.307658,78.254738
bus_stop,Bus_stop_9397,17.302246,78.253086
school,School_9398,17.30374,78.259301
hospital,Hospital_9399,17.295341,78.269849
bus_stop,Bus_stop_9400,17.302344,78.261526
market,Market_9401,17.303895,78.265688
market,Market_9402,17.30182,78.265262
bus_stop,Bus_stop_9403,17.299511,78.260071
shop,Shop_9404,17.298615,78.256476
bank,Bank_9405,17.299559,78.268876
hospital,Hospital_9406,17.30018,78.261099
hospital,Hospital_9407,17.295994,78.256311
market,Market_9408,17.304189,78.253287
shop,Shop_9409,17.295351,78.258834
bank,Bank_9410,17.301198,78.263136
restaurant,Restaurant_9411,17.300632,78.261041
hospital,Hospital_9412,17.307587,78.263619
bus_stop,Bus_stop_9413,17.306388,78.266945
bus_stop,Bus_stop_9414,17.302014,78.261643
market,Market_9415,17.295091,78.256875
school,School_9416,17.658087,78.627524
hospital,Hospital_9417,17.662653,78.623795
bus_stop,Bus_stop_9418,17.661878,78.626204
shop,Shop_9419,17.669965,78.632498
bus_stop,Bus_stop_9420,17.660707,78.634649
mall,Mall_9421,17.659278,78.6202
hospital,Hospital_9422,17.660978,78.620219
shop,Shop_9423,17.66391,78.624412
restaurant,Restaurant_9424,17.664981,78.623842
restaurant,Restaurant_9425,17.658978,78.623696
mall,Mall_9426,17.663349,78.62408
market,Market_9427,17.662412,78.621768
market,Market_9428,17.658743,78.625688
market,Market_9429,17.658443,78.629158
bank,Bank_9430,17.663188,78.632936
shop,Shop_9431,17.660595,78.620615
bank,Bank_9432,17.667207,78.622656
school,School_9433,17.663472,78.624005
school,School_9434,17.664429,78.629725
mall,Mall_9435,17.662286,78.619556
restaurant,Restaurant_9436,17.662413,78.616074
market,Market_9437,17.665504,78.622625
bus_stop,Bus_stop_9438,17.665803,78.624049
shop,Shop_9439,17.657306,78.619599
school,School_9440,17.664882,78.633632
school,School_9441,17.663483,78.623062
mall,Mall_9442,17.66336,78.622806
shop,Shop_9443,17.663296,78.63294
restaurant,Restaurant_9444,17.668435,78.628185
bank,Bank_9445,17.665165,78.626068
shop,Shop_9446,17.657119,78.628075
school,School_9447,17.662638,78.617829
bank,Bank_9448,17.665561,78.620842
mall,Mall_9449,17.666453,78.624195
mall,Mall_9450,17.669234,78.62521
market,Market_9451,17.672,78.627258
shop,Shop_9452,17.667645,78.632157
school,School_9453,17.658938,78.628841
bus_stop,Bus_stop_9454,17.66792,78.620459
bank,Bank_9455,17.66677,78.623706
mall,Mall_9456,17.655004,78.624072
hospital,Hospital_9457,17.663437,78.623835
bus_stop,Bus_stop_9458,17.658545,78.629954
mall,Mall_9459,17.667533,78.625449
market,Market_9460,17.665189,78.623167
school,School_9461,17.657146,78.619176
hospital,Hospital_9462,17.663842,78.629949
school,School_9463,17.662393,78.624338
mall,Mall_9464,17.65852,78.626567
school,School_9465,17.654146,78.623767
market,Market_9466,17.665652,78.629525
bank,Bank_9467,17.667234,78.6181
bank,Bank_9468,17.663016,78.624515
bus_stop,Bus_stop_9469,17.665084,78.62346
hospital,Hospital_9470,17.662914,78.614132
bus_stop,Bus_stop_9471,17.665589,78.62239
hospital,Hospital_9472,17.656214,78.626842
bank,Bank_9473,17.662045,78.61746
bank,Bank_9474,17.665437,78.620679
restaurant,Restaurant_9475,17.669745,78.621089
bank,Bank_9476,17.663347,78.618535
school,School_9477,17.667443,78.620665
mall,Mall_9478,17.661537,78.624154
shop,Shop_9479,17.665764,78.626607
mall,Mall_9480,17.666828,78.617771
bank,Bank_9481,17.672024,78.620454
shop,Shop_9482,17.670976,78.627032
shop,Shop_9483,17.663761,78.624533
mall,Mall_9484,17.660993,78.616514
mall,Mall_9485,17.665541,78.619786
mall,Mall_9486,17.66332,78.623383
mall,Mall_9487,17.663388,78.623836
restaurant,Restaurant_9488,17.658532,78.614859
restaurant,Restaurant_9489,17.663823,78.623035
school,School_9490,17.65703,78.623685
bus_stop,Bus_stop_9491,17.657398,78.624162
bank,Bank_9492,17.668142,78.631859
school,School_9493,17.661047,78.634525
school,School_9494,17.674197,78.624155
hospital,Hospital_9495,17.232547,78.465799
market,Market_9496,17.241363,78.465342
school,School_9497,17.234901,78.463479
bank,Bank_9498,17.242552,78.457723
market,Market_9499,17.237802,78.453493
